DATE,PRODUCT_ID,CHANNEL_ID,REGION,UNITS_SOLD,REVENUE,DISCOUNT_PERCENT,PROMOTION_FLAG,STOCKOUT_FLAG,PRICE
2023-01-13,SKU_022,Flipkart,South,0,0.0,0.23,1,1,1366
2023-02-10,SKU_037,Flipkart,East,69,82003.05,0.05,0,1,1251
2023-06-13,SKU_035,Flipkart,West,66,85922.1,0.01,0,0,1315
2023-05-25,SKU_012,Amazon,Central,19,57197.78999999999,0.07,1,1,3237
2023-03-23,SKU_008,Amazon,North,41,69844.31999999999,0.28,1,0,2366
2023-03-26,SKU_011,Distributor,West,35,69978.3,0.06,0,1,2127
2023-01-26,SKU_023,Retail,East,35,115522.4,0.02,1,1,3368
2023-01-04,SKU_044,Retail,West,7,21574.7,0.02,0,0,3145
2023-01-31,SKU_021,Flipkart,Central,37,141406.6,0.03,1,1,3940
2023-02-06,SKU_043,D2C,South,61,182311.91999999998,0.16,1,0,3558
2023-05-12,SKU_020,Retail,South,101,90900.0,0.2,0,0,1125
2023-06-05,SKU_029,Distributor,South,57,213187.41,0.13,1,1,4299
2023-03-05,SKU_007,Flipkart,South,52,153913.76,0.23,0,1,3844
2023-05-16,SKU_027,Flipkart,East,39,80490.54,0.26,1,1,2789
2023-02-07,SKU_039,Retail,South,37,69490.44,0.06,1,1,1998
2023-01-20,SKU_040,Distributor,South,68,167443.19999999998,0.05,1,0,2592
2023-03-23,SKU_047,Amazon,South,55,127864.0,0.2,0,0,2906
2023-06-17,SKU_042,D2C,East,37,129759.0,0.25,1,0,4676
2023-05-19,SKU_020,D2C,East,29,120338.40000000001,0.22,1,0,5320
2023-01-07,SKU_016,Amazon,Central,46,61430.7,0.13,0,1,1535
2023-02-19,SKU_031,D2C,North,39,121396.08,0.27,0,0,4264
2023-06-13,SKU_040,Flipkart,South,49,233400.72,0.11,0,1,5352
2023-02-17,SKU_034,Flipkart,East,45,155724.3,0.29,1,0,4874
2023-03-07,SKU_009,Distributor,North,57,131203.74,0.29,1,0,3242
2023-01-30,SKU_028,Retail,South,24,32096.64,0.27,0,0,1832
2023-02-08,SKU_035,Amazon,South,71,200521.75,0.21,1,1,3575
2023-04-14,SKU_045,Flipkart,West,105,131040.0,0.0,0,0,1248
2023-06-05,SKU_011,D2C,West,73,186747.13999999998,0.26,1,0,3457
2023-04-24,SKU_007,Flipkart,South,54,74396.88,0.11,0,1,1548
2023-01-17,SKU_026,Amazon,Central,67,176906.80000000002,0.08,1,1,2870
2023-05-03,SKU_006,Amazon,Central,29,26087.239999999998,0.14,1,0,1046
2023-03-29,SKU_022,D2C,Central,18,81696.96,0.24,0,0,5972
2023-03-27,SKU_015,D2C,East,65,219708.45,0.19,0,1,4173
2023-04-22,SKU_003,Amazon,North,39,195051.47999999998,0.03,0,0,5156
2023-01-28,SKU_038,Distributor,South,23,71057.35,0.09,0,1,3395
2023-04-16,SKU_049,Flipkart,South,32,73328.64,0.16,0,0,2728
2023-03-21,SKU_018,Flipkart,North,27,36581.76,0.27,0,1,1856
2023-05-17,SKU_028,D2C,Central,52,195786.24,0.04,0,0,3922
2023-04-29,SKU_044,Distributor,North,61,158194.35,0.15,0,1,3051
2023-03-07,SKU_047,Retail,North,67,88992.75,0.25,0,0,1771
2023-01-01,SKU_025,D2C,North,67,131994.69,0.03,1,1,2031
2023-03-06,SKU_030,Retail,West,65,108680.0,0.05,0,1,1760
2023-06-22,SKU_049,Amazon,West,45,173232.0,0.04,1,1,4010
2023-06-02,SKU_038,Flipkart,Central,37,45565.5,0.25,0,0,1642
2023-06-22,SKU_047,Retail,East,19,69403.2,0.04,0,0,3805
2023-01-08,SKU_009,Amazon,South,71,82377.75,0.25,1,0,1547
2023-02-10,SKU_011,Flipkart,Central,46,123176.04000000001,0.22,0,1,3433
2023-06-11,SKU_049,Retail,Central,41,124316.92,0.02,0,0,3094
2023-03-29,SKU_034,Retail,South,73,224061.82,0.14,1,0,3569
2023-02-08,SKU_044,Retail,East,32,112936.96,0.18,1,1,4304
2023-01-05,SKU_039,Amazon,East,66,167863.08,0.26,0,0,3437
2023-01-18,SKU_016,Retail,North,55,197714.0,0.05,1,0,3784
2023-04-24,SKU_004,Flipkart,Central,29,108322.83,0.23,0,1,4851
2023-01-03,SKU_014,Flipkart,East,48,120483.84,0.26,1,0,3392
2023-04-18,SKU_039,Amazon,South,69,104725.44,0.04,0,1,1581
2023-06-21,SKU_037,Flipkart,West,65,138791.25,0.25,0,1,2847
2023-05-29,SKU_025,Amazon,South,79,66421.62000000001,0.19,1,1,1038
2023-01-16,SKU_044,Amazon,North,56,217719.04,0.12,1,0,4418
2023-06-07,SKU_008,Distributor,North,117,426149.10000000003,0.1,1,1,4047
2023-06-03,SKU_010,D2C,Central,31,99281.84,0.24,0,1,4214
2023-05-14,SKU_040,Distributor,East,42,152421.36000000002,0.09,1,1,3988
2023-06-20,SKU_028,Retail,North,48,225071.04,0.03,1,0,4834
2023-05-19,SKU_045,Amazon,South,21,87054.45,0.15,0,1,4877
2023-02-20,SKU_012,D2C,Central,70,144205.6,0.12,0,0,2341
2023-04-19,SKU_011,Distributor,South,68,262082.88,0.28,0,1,5353
2023-03-21,SKU_040,Distributor,North,50,48195.0,0.15,1,1,1134
2023-01-23,SKU_021,Retail,East,39,61588.799999999996,0.16,0,0,1880
2023-04-09,SKU_016,Amazon,South,20,37320.0,0.0,1,0,1866
2023-05-18,SKU_003,Flipkart,Central,34,100572.0,0.13,1,1,3400
2023-05-01,SKU_033,Amazon,North,64,149597.44,0.27,0,1,3202
2023-03-25,SKU_029,Amazon,Central,45,116784.45,0.13,0,0,2983
2023-01-03,SKU_029,D2C,East,41,108305.6,0.2,1,0,3302
2023-02-20,SKU_033,Amazon,West,60,331856.39999999997,0.03,1,0,5702
2023-01-21,SKU_037,Flipkart,South,73,70754.52,0.18,1,1,1182
2023-06-10,SKU_026,Distributor,East,55,152295.0,0.0,1,0,2769
2023-01-10,SKU_048,Retail,East,56,97770.4,0.15,0,0,2054
2023-03-06,SKU_024,Flipkart,Central,77,314551.16,0.27,0,0,5596
2023-03-08,SKU_024,Retail,Central,53,296478.82,0.06,1,0,5951
2023-01-27,SKU_014,D2C,West,43,93592.94,0.02,0,0,2221
2023-02-26,SKU_015,Flipkart,North,63,232911.0,0.0,0,1,3697
2023-03-04,SKU_043,Flipkart,North,44,156180.63999999998,0.02,1,0,3622
2023-04-29,SKU_015,Flipkart,West,42,53894.4,0.2,1,1,1604
2023-06-11,SKU_028,Amazon,Central,75,169200.0,0.2,0,0,2820
2023-02-16,SKU_050,Retail,Central,44,170776.32,0.22,0,1,4976
2023-01-04,SKU_005,Distributor,West,0,0.0,0.24,0,1,5288
2023-04-02,SKU_018,Distributor,East,56,67126.08,0.16,0,0,1427
2023-02-16,SKU_024,Flipkart,West,42,80815.56,0.06,1,1,2047
2023-05-21,SKU_012,Distributor,West,44,204025.8,0.05,1,0,4881
2023-01-25,SKU_044,Distributor,West,59,144756.5,0.3,1,1,3505
2023-05-27,SKU_023,Flipkart,East,46,219811.0,0.05,1,1,5030
2023-06-17,SKU_039,Distributor,South,54,50417.1,0.29,1,1,1315
2023-01-25,SKU_040,Flipkart,Central,9,23118.48,0.12,0,0,2919
2023-02-06,SKU_040,Retail,North,31,146395.94999999998,0.05,1,1,4971
2023-04-10,SKU_034,D2C,North,78,215616.96000000002,0.22,0,0,3544
2023-05-18,SKU_002,Distributor,North,49,109058.31999999999,0.14,1,1,2588
2023-05-24,SKU_021,D2C,Central,16,34873.44,0.03,0,1,2247
2023-03-03,SKU_045,Flipkart,West,28,56492.8,0.2,1,0,2522
2023-02-22,SKU_028,Retail,South,30,81149.09999999999,0.17,0,1,3259
2023-01-04,SKU_049,Flipkart,North,52,64368.2,0.05,0,0,1303
2023-01-05,SKU_046,Amazon,South,41,152523.28,0.09,0,0,4088
2023-02-13,SKU_007,Amazon,East,36,116341.2,0.15,1,0,3802
2023-04-02,SKU_012,D2C,North,50,140857.0,0.21,1,0,3566
2023-03-07,SKU_020,Distributor,West,59,139183.36000000002,0.24,1,0,3104
2023-03-20,SKU_005,Retail,West,44,175648.0,0.0,1,0,3992
2023-03-25,SKU_012,Retail,West,38,76092.72,0.18,1,1,2442
2023-01-21,SKU_011,Retail,South,41,201017.26,0.14,0,0,5701
2023-03-02,SKU_047,Distributor,North,56,124975.2,0.14,1,1,2595
2023-04-28,SKU_042,D2C,Central,49,41198.71,0.17,0,1,1013
2023-03-11,SKU_030,Retail,South,65,296023.64999999997,0.17,0,0,5487
2023-03-17,SKU_039,Amazon,North,27,73667.88,0.01,1,1,2756
2023-02-04,SKU_045,D2C,North,34,94108.6,0.11,0,0,3110
2023-04-27,SKU_001,Distributor,Central,65,285593.75,0.05,1,1,4625
2023-01-01,SKU_023,Distributor,North,33,57147.090000000004,0.09,0,0,1903
2023-06-09,SKU_012,Amazon,East,77,207803.75,0.15,0,0,3175
2023-04-23,SKU_028,D2C,North,78,230767.68,0.12,1,1,3362
2023-03-29,SKU_025,Amazon,Central,77,283427.76,0.16,1,0,4382
2023-03-09,SKU_012,Distributor,North,32,97701.12,0.01,1,1,3084
2023-06-27,SKU_023,Retail,North,51,215710.62,0.27,1,0,5794
2023-05-04,SKU_012,Amazon,East,40,69352.8,0.26,1,1,2343
2023-03-12,SKU_013,Distributor,Central,68,202341.47999999998,0.29,0,0,4191
2023-02-12,SKU_009,Distributor,South,84,162498.0,0.27,0,0,2650
2023-04-24,SKU_002,D2C,South,67,340591.14999999997,0.05,1,1,5351
2023-05-13,SKU_024,D2C,West,50,157762.5,0.25,0,1,4207
2023-01-15,SKU_031,Amazon,East,42,149951.76,0.18,1,1,4354
2023-02-06,SKU_012,Flipkart,West,62,66026.9,0.05,1,1,1121
2023-06-12,SKU_021,Retail,West,25,103870.0,0.06,1,1,4420
2023-04-01,SKU_024,Flipkart,North,60,291870.0,0.1,0,0,5405
2023-01-31,SKU_029,Flipkart,North,31,53005.04,0.12,1,1,1943
2023-06-05,SKU_026,Amazon,East,62,165345.32,0.14,1,0,3101
2023-01-14,SKU_006,Flipkart,North,46,202359.06000000003,0.19,1,0,5431
2023-06-16,SKU_033,Amazon,South,42,125895.84,0.11,1,1,3368
2023-05-01,SKU_018,Distributor,Central,32,52715.52,0.04,0,1,1716
2023-04-21,SKU_033,D2C,Central,42,89980.8,0.2,0,0,2678
2023-05-27,SKU_040,Flipkart,West,61,280128.47000000003,0.21,1,0,5813
2023-03-13,SKU_034,Flipkart,West,70,167059.2,0.12,1,0,2712
2023-05-15,SKU_047,D2C,Central,60,251658.00000000003,0.18,0,1,5115
2023-04-02,SKU_019,Amazon,Central,77,303287.6,0.14,1,1,4580
2023-02-04,SKU_015,Distributor,West,100,213678.0,0.19,0,1,2638
2023-01-16,SKU_050,Flipkart,South,43,137627.52,0.04,1,0,3334
2023-05-06,SKU_035,Flipkart,East,45,222235.2,0.08,0,0,5368
2023-06-09,SKU_045,Flipkart,East,21,85312.92,0.23,0,1,5276
2023-06-06,SKU_016,Retail,North,73,81392.08,0.23,1,1,1448
2023-05-08,SKU_011,Retail,North,75,195102.0,0.28,1,1,3613
2023-02-18,SKU_037,Distributor,East,32,73944.0,0.25,0,1,3081
2023-03-14,SKU_032,Flipkart,North,62,257487.86000000002,0.21,0,0,5257
2023-02-10,SKU_032,Amazon,East,74,246309.0,0.25,1,1,4438
2023-01-26,SKU_034,D2C,South,54,57931.2,0.28,1,1,1490
2023-05-02,SKU_018,Flipkart,Central,66,63423.36,0.04,0,0,1001
2023-03-17,SKU_004,Retail,West,53,78872.48,0.29,1,1,2096
2023-04-06,SKU_041,D2C,Central,25,23346.0,0.28,0,0,1297
2023-04-13,SKU_047,Distributor,South,70,154742.69999999998,0.07,0,0,2377
2023-04-11,SKU_025,Retail,South,76,248866.56,0.04,0,1,3411
2023-04-28,SKU_010,Amazon,North,64,139801.6,0.14,0,1,2540
2023-04-02,SKU_015,Amazon,North,30,127790.40000000001,0.21,0,1,5392
2023-02-20,SKU_008,Amazon,South,34,33868.42,0.29,0,1,1403
2023-01-15,SKU_027,D2C,North,27,55324.62,0.22,1,0,2627
2023-02-19,SKU_035,D2C,East,65,78861.9,0.27,0,0,1662
2023-02-01,SKU_045,Flipkart,South,75,108000.0,0.28,1,1,2000
2023-03-28,SKU_035,Distributor,West,58,280906.18,0.03,0,0,4993
2023-03-23,SKU_008,D2C,North,68,94860.0,0.07,1,0,1500
2023-03-11,SKU_038,Distributor,East,32,128177.28,0.01,0,1,4046
2023-01-16,SKU_039,Retail,North,52,226460.52,0.17,1,0,5247
2023-03-15,SKU_015,Amazon,South,22,24364.34,0.09,1,0,1217
2023-01-27,SKU_036,D2C,East,34,68176.8,0.28,0,1,2785
2023-01-20,SKU_037,Distributor,East,67,89083.20000000001,0.2,0,0,1662
2023-02-12,SKU_029,Distributor,West,45,239027.4,0.03,1,1,5476
2023-03-19,SKU_008,D2C,South,74,245809.5,0.25,1,1,4429
2023-01-08,SKU_032,D2C,East,60,210166.8,0.14,1,0,4073
2023-03-19,SKU_048,Distributor,Central,104,325104.0,0.25,0,0,4168
2023-01-05,SKU_035,Distributor,Central,51,192073.13999999998,0.02,1,0,3843
2023-02-05,SKU_011,Amazon,South,21,80512.74,0.26,1,1,5181
2023-03-28,SKU_017,Flipkart,North,49,117600.0,0.25,0,0,3200
2023-01-28,SKU_036,Retail,South,30,156182.4,0.04,0,0,5423
2023-05-29,SKU_001,Amazon,East,69,141190.56,0.28,1,1,2842
2023-06-21,SKU_045,Retail,West,50,195020.0,0.02,1,1,3980
2023-04-26,SKU_048,Distributor,West,47,54856.049999999996,0.07,1,1,1255
2023-04-30,SKU_006,Flipkart,South,47,208769.3,0.14,1,1,5165
2023-05-31,SKU_038,Flipkart,East,64,179631.36,0.07,1,0,3018
2023-02-04,SKU_024,Retail,East,40,108572.40000000001,0.19,0,0,3351
2023-03-07,SKU_029,Flipkart,North,65,290283.5,0.15,0,0,5254
2023-06-21,SKU_046,D2C,West,70,175784.0,0.27,0,1,3440
2023-02-27,SKU_021,D2C,South,43,150620.4,0.1,1,0,3892
2023-06-23,SKU_025,Amazon,West,31,94572.94,0.02,0,0,3113
2023-05-27,SKU_028,Flipkart,West,39,120115.31999999999,0.26,0,0,4162
2023-01-07,SKU_023,Retail,West,64,187349.76,0.22,1,1,3753
2023-06-15,SKU_002,Distributor,North,51,78135.56999999999,0.13,1,1,1761
2023-04-06,SKU_045,Amazon,North,62,180720.69999999998,0.03,0,1,3005
2023-04-13,SKU_007,D2C,East,85,352325.85,0.07,0,0,4457
2023-04-11,SKU_047,D2C,North,54,203629.13999999998,0.01,0,0,3809
2023-05-02,SKU_044,Amazon,Central,33,101177.67,0.21,1,0,3881
2023-01-10,SKU_019,Retail,North,71,167396.7,0.13,1,0,2710
2023-05-09,SKU_022,Distributor,South,51,103379.04000000001,0.18,1,0,2472
2023-02-09,SKU_032,Distributor,North,67,61562.28,0.24,1,0,1209
2023-06-01,SKU_032,Distributor,North,71,182715.66,0.13,0,1,2958
2023-01-09,SKU_005,Flipkart,East,30,85312.8,0.18,1,1,3468
2023-01-31,SKU_024,D2C,Central,77,347396.28,0.18,1,1,5502
2023-04-16,SKU_026,D2C,West,68,139536.0,0.28,0,0,2850
2023-05-01,SKU_010,Amazon,North,37,117736.96,0.12,0,0,3616
2023-02-24,SKU_041,Amazon,East,56,230958.0,0.25,0,1,5499
2023-01-13,SKU_033,Amazon,South,55,217286.85,0.13,0,0,4541
2023-06-15,SKU_038,Distributor,West,50,55338.0,0.08,0,1,1203
2023-06-16,SKU_013,D2C,Central,67,333639.9,0.1,1,1,5533
2023-04-04,SKU_038,Flipkart,Central,78,130278.72,0.12,1,1,1898
2023-06-23,SKU_006,Amazon,North,50,85054.0,0.08,1,0,1849
2023-04-13,SKU_032,Amazon,West,76,192223.76,0.14,0,0,2941
2023-05-26,SKU_028,D2C,North,69,237013.62000000002,0.18,0,1,4189
2023-04-21,SKU_046,Amazon,East,54,234363.78,0.17,0,1,5229
2023-02-14,SKU_019,D2C,Central,53,53873.969999999994,0.07,1,0,1093
2023-03-23,SKU_012,Distributor,West,26,19456.84,0.29,0,0,1054
2023-06-04,SKU_049,Retail,East,19,92996.64,0.01,1,1,4944
2023-05-10,SKU_009,Retail,South,53,121615.92,0.28,0,0,3187
2023-06-20,SKU_044,D2C,East,32,65070.72,0.22,0,1,2607
2023-04-23,SKU_034,Retail,East,49,155452.5,0.06,0,1,3375
2023-06-27,SKU_010,Flipkart,South,39,91662.09,0.03,1,0,2423
2023-03-27,SKU_012,Retail,Central,14,20896.12,0.26,0,1,2017
2023-05-14,SKU_043,Flipkart,South,57,109422.90000000001,0.21,1,1,2430
2023-02-02,SKU_040,Distributor,West,41,132348.0,0.2,0,0,4035
2023-02-02,SKU_027,Retail,East,51,256074.56999999998,0.07,1,0,5399
2023-02-20,SKU_010,Amazon,East,32,51726.72,0.13,0,0,1858
2023-06-14,SKU_028,Retail,North,43,206410.75,0.09,0,1,5275
2023-01-31,SKU_043,Amazon,North,81,246610.98,0.23,1,1,3954
2023-03-30,SKU_038,Amazon,West,52,197202.72,0.22,1,1,4862
2023-04-17,SKU_009,D2C,West,60,94827.0,0.27,1,0,2165
2023-01-22,SKU_010,Amazon,East,24,28793.28,0.11,1,1,1348
2023-03-22,SKU_010,Amazon,West,97,138562.56,0.04,0,1,1488
2023-01-19,SKU_029,Distributor,North,86,370242.04,0.02,0,0,4393
2023-06-24,SKU_032,Retail,North,77,201400.43,0.27,0,0,3583
2023-06-21,SKU_013,Distributor,North,66,324557.64,0.18,0,0,5997
2023-03-31,SKU_030,Distributor,South,50,157122.0,0.14,1,0,3654
2023-02-10,SKU_041,Flipkart,West,58,297727.92,0.02,1,1,5238
2023-04-25,SKU_015,Flipkart,West,70,109539.5,0.15,0,1,1841
2023-02-13,SKU_046,Retail,Central,37,118852.13999999998,0.07,1,0,3454
2023-02-24,SKU_014,Retail,South,41,203347.28999999998,0.07,0,1,5333
2023-03-04,SKU_021,Distributor,South,16,76497.28,0.11,0,0,5372
2023-01-13,SKU_001,Retail,East,34,139299.36,0.14,1,1,4764
2023-02-28,SKU_030,Retail,Central,83,303351.72,0.16,1,0,4351
2023-02-07,SKU_016,Flipkart,West,43,97248.8,0.12,1,0,2570
2023-04-12,SKU_006,Distributor,South,43,206565.12,0.04,1,1,5004
2023-05-04,SKU_038,Flipkart,South,56,229872.72,0.23,1,1,5331
2023-02-14,SKU_027,Flipkart,Central,17,15733.5,0.25,1,0,1234
2023-01-26,SKU_031,D2C,South,68,87031.84,0.02,1,0,1306
2023-03-19,SKU_029,Distributor,Central,75,318591.0,0.09,0,1,4668
2023-01-23,SKU_035,Retail,West,57,155718.3,0.15,1,1,3214
2023-03-11,SKU_007,Flipkart,Central,83,194817.6,0.28,1,0,3260
2023-04-27,SKU_029,Flipkart,North,23,89337.98,0.26,1,1,5249
2023-04-22,SKU_030,Distributor,North,86,328640.4,0.01,1,0,3860
2023-04-07,SKU_050,D2C,Central,35,115006.5,0.1,0,0,3651
2023-05-12,SKU_045,Amazon,North,24,111767.04,0.12,0,0,5292
2023-04-15,SKU_033,Amazon,South,45,112774.5,0.05,0,0,2638
2023-01-20,SKU_040,Amazon,East,87,227320.56,0.28,1,0,3629
2023-04-26,SKU_001,Distributor,North,49,38349.36,0.28,0,1,1087
2023-02-03,SKU_017,D2C,North,31,139671.74,0.14,0,0,5239
2023-01-18,SKU_041,Distributor,West,24,55789.92,0.14,0,1,2703
2023-03-17,SKU_004,Flipkart,Central,47,81943.56,0.13,1,1,2004
2023-04-30,SKU_049,Amazon,North,10,38475.0,0.1,1,1,4275
2023-06-27,SKU_028,Amazon,West,23,25138.08,0.12,1,0,1242
2023-03-04,SKU_040,Flipkart,East,80,302736.0,0.16,0,0,4505
2023-05-09,SKU_025,Amazon,North,76,313886.07999999996,0.17,0,1,4976
2023-04-23,SKU_005,Amazon,West,47,87229.18,0.29,0,1,2614
2023-06-16,SKU_027,Amazon,North,40,117388.8,0.04,1,1,3057
2023-05-19,SKU_045,Distributor,West,51,147308.4,0.13,1,0,3320
2023-05-31,SKU_022,Amazon,North,96,158262.72,0.23,1,0,2141
2023-03-12,SKU_042,D2C,West,58,223936.25999999998,0.27,0,0,5289
2023-06-19,SKU_009,Distributor,North,68,317107.12,0.18,0,0,5687
2023-03-11,SKU_039,Distributor,North,45,209457.0,0.15,0,0,5476
2023-06-27,SKU_008,Amazon,South,51,160572.99,0.27,1,1,4313
2023-06-16,SKU_039,Distributor,West,62,105010.64,0.08,1,0,1841
2023-03-24,SKU_040,Flipkart,West,52,138538.4,0.3,0,1,3806
2023-04-07,SKU_040,Distributor,South,12,43512.84,0.07,0,0,3899
2023-05-05,SKU_041,D2C,North,75,342967.5,0.1,1,0,5081
2023-02-17,SKU_004,Retail,North,37,70739.19,0.03,0,1,1971
2023-06-21,SKU_022,Amazon,West,92,150627.91999999998,0.29,0,0,2306
2023-02-23,SKU_040,Distributor,North,63,77924.7,0.07,0,1,1330
2023-06-07,SKU_020,Amazon,Central,51,137605.65,0.09,1,0,2965
2023-01-17,SKU_040,Distributor,North,58,216601.0,0.03,0,1,3850
2023-03-23,SKU_036,Retail,Central,47,191832.38,0.11,1,0,4586
2023-01-11,SKU_027,D2C,North,40,164859.2,0.24,1,0,5423
2023-01-17,SKU_036,Distributor,West,54,217188.54,0.13,0,1,4623
2023-03-22,SKU_045,Distributor,South,67,82946.67,0.13,1,1,1423
2023-02-23,SKU_041,Flipkart,North,40,40230.0,0.25,0,0,1341
2023-02-10,SKU_002,D2C,Central,37,88821.46,0.09,1,0,2638
2023-06-16,SKU_010,Distributor,East,42,127974.0,0.0,0,1,3047
2023-05-17,SKU_029,Flipkart,North,69,200486.40000000002,0.2,0,1,3632
2023-05-13,SKU_036,Flipkart,East,79,173199.6,0.1,1,1,2436
2023-04-07,SKU_005,Retail,West,57,84865.59,0.29,0,1,2097
2023-06-26,SKU_012,Amazon,East,61,188124.0,0.2,1,0,3855
2023-06-13,SKU_016,Retail,West,37,163271.75,0.05,1,0,4645
2023-03-09,SKU_018,Amazon,East,67,83014.34000000001,0.18,0,0,1511
2023-04-06,SKU_022,Retail,Central,61,137673.34,0.02,1,0,2303
2023-04-05,SKU_041,Amazon,South,35,128990.4,0.12,0,0,4188
2023-03-12,SKU_013,Retail,East,14,16002.0,0.1,0,1,1270
2023-04-23,SKU_039,Amazon,South,25,44477.25,0.07,0,0,1913
2023-04-22,SKU_019,Retail,Central,36,124689.23999999999,0.17,0,0,4173
2023-01-23,SKU_021,Retail,Central,73,245666.9,0.27,0,1,4610
2023-06-04,SKU_026,Distributor,Central,81,110706.75,0.23,0,0,1775
2023-01-05,SKU_038,Amazon,North,41,147032.15,0.15,1,0,4219
2023-01-06,SKU_021,Flipkart,West,41,150429.0,0.25,1,1,4892
2023-05-27,SKU_009,Amazon,West,55,50303.0,0.15,0,1,1076
2023-01-31,SKU_006,Retail,North,50,188297.0,0.14,1,1,4379
2023-03-29,SKU_040,D2C,North,68,67636.2,0.05,0,1,1047
2023-01-21,SKU_049,Amazon,West,39,31625.88,0.24,0,1,1067
2023-03-05,SKU_042,D2C,South,68,92572.48,0.09,0,0,1496
2023-02-04,SKU_019,Amazon,Central,45,150743.69999999998,0.07,1,0,3602
2023-05-26,SKU_049,Retail,East,67,242633.8,0.05,0,1,3812
2023-01-31,SKU_020,D2C,West,44,46983.2,0.05,0,1,1124
2023-01-23,SKU_049,Distributor,West,37,187012.06,0.06,1,0,5377
2023-01-08,SKU_045,Distributor,East,88,454460.16,0.13,0,1,5936
2023-02-25,SKU_021,Flipkart,North,71,355247.08,0.14,1,1,5818
2023-05-12,SKU_017,Flipkart,South,14,11380.74,0.21,1,1,1029
2023-03-23,SKU_032,Amazon,West,41,79320.23999999999,0.28,0,1,2687
2023-02-14,SKU_043,Amazon,West,74,194945.6,0.26,0,0,3560
2023-04-11,SKU_013,Distributor,West,26,57845.32,0.14,1,0,2587
2023-01-02,SKU_048,Retail,South,65,251624.1,0.22,0,0,4963
2023-02-25,SKU_016,D2C,West,63,59976.63,0.17,0,0,1147
2023-01-24,SKU_022,Amazon,South,36,126496.08,0.19,1,1,4338
2023-04-07,SKU_016,Retail,South,49,105081.48000000001,0.08,0,0,2331
2023-06-21,SKU_021,Amazon,North,8,26566.32,0.13,0,1,3817
2023-01-22,SKU_024,Amazon,West,85,329455.75,0.11,0,1,4355
2023-01-02,SKU_012,Flipkart,East,43,103528.52,0.08,1,1,2617
2023-02-10,SKU_002,D2C,Central,66,324516.72,0.17,1,1,5924
2023-02-01,SKU_014,Distributor,North,62,243939.0,0.14,1,0,4575
2023-06-23,SKU_022,Retail,East,77,306096.56,0.26,1,0,5372
2023-06-28,SKU_045,Retail,West,41,98010.5,0.3,1,1,3415
2023-05-06,SKU_033,D2C,South,54,148644.72,0.16,1,0,3277
2023-03-11,SKU_025,Flipkart,East,61,265719.66000000003,0.21,0,0,5514
2023-04-11,SKU_032,Flipkart,Central,67,392712.46,0.02,1,0,5981
2023-06-23,SKU_005,Amazon,North,73,184882.72,0.12,1,1,2878
2023-03-30,SKU_025,Retail,East,40,65950.4,0.06,1,1,1754
2023-06-17,SKU_034,Distributor,Central,36,37962.0,0.25,0,1,1406
2023-02-14,SKU_011,Distributor,East,77,207472.65,0.29,0,1,3795
2023-06-25,SKU_014,Retail,East,9,39609.0,0.25,1,1,5868
2023-03-04,SKU_012,D2C,Central,81,197597.88,0.13,0,0,2804
2023-03-11,SKU_031,Amazon,South,43,98369.81,0.23,1,0,2971
2023-05-29,SKU_031,Retail,East,49,148306.34,0.09,1,1,3326
2023-04-13,SKU_021,Flipkart,Central,36,31566.6,0.29,0,1,1235
2023-06-29,SKU_001,D2C,North,49,123788.7,0.3,0,0,3609
2023-02-24,SKU_050,Amazon,South,75,325069.5,0.17,1,0,5222
2023-03-31,SKU_049,Flipkart,Central,65,191380.8,0.04,0,1,3067
2023-05-14,SKU_026,Flipkart,South,59,207219.8,0.15,0,0,4132
2023-05-21,SKU_020,Distributor,North,51,145942.11,0.07,1,0,3077
2023-06-25,SKU_014,D2C,South,21,45475.92,0.16,1,1,2578
2023-03-07,SKU_042,Flipkart,East,33,126687.0,0.0,1,1,3839
2023-04-03,SKU_018,Retail,North,43,173926.40000000002,0.2,1,1,5056
2023-06-11,SKU_045,Retail,North,59,192375.4,0.3,0,0,4658
2023-06-13,SKU_029,Distributor,Central,51,69354.90000000001,0.1,1,0,1511
2023-01-26,SKU_050,Retail,Central,69,326142.99,0.13,0,1,5433
2023-03-02,SKU_009,D2C,West,59,63550.079999999994,0.28,1,1,1496
2023-03-05,SKU_038,Flipkart,East,51,128528.16,0.24,1,0,3316
2023-05-19,SKU_038,Distributor,West,95,200421.5,0.15,1,1,2482
2023-01-03,SKU_014,D2C,East,58,244296.0,0.1,1,0,4680
2023-01-18,SKU_012,Retail,West,41,54612.0,0.2,0,0,1665
2023-04-04,SKU_038,D2C,West,87,90546.12,0.02,0,1,1062
2023-01-21,SKU_033,Distributor,Central,74,131035.5,0.25,1,0,2361
2023-04-14,SKU_027,Amazon,West,86,205904.63999999998,0.13,1,1,2752
2023-06-11,SKU_014,Flipkart,West,47,45117.65,0.27,0,1,1315
2023-01-13,SKU_032,Retail,South,69,122047.2,0.12,0,1,2010
2023-01-26,SKU_015,D2C,West,20,42392.8,0.24,1,1,2789
2023-04-27,SKU_039,Distributor,East,65,203706.75,0.15,1,0,3687
2023-06-08,SKU_002,Distributor,West,46,140925.6,0.1,0,0,3404
2023-06-14,SKU_007,Retail,East,22,65936.64,0.16,1,0,3568
2023-02-26,SKU_027,Retail,Central,70,143418.80000000002,0.08,0,0,2227
2023-06-02,SKU_045,Amazon,East,13,54410.2,0.15,1,1,4924
2023-02-27,SKU_008,Distributor,Central,11,54983.61,0.01,0,0,5049
2023-03-31,SKU_050,Amazon,East,57,224943.66,0.27,1,1,5406
2023-04-01,SKU_033,Flipkart,North,61,292155.83999999997,0.04,1,1,4989
2023-01-04,SKU_043,Retail,West,69,292027.32,0.22,0,1,5426
2023-06-21,SKU_022,Amazon,East,64,153538.56,0.16,0,1,2856
2023-01-05,SKU_049,D2C,Central,79,275085.9,0.1,1,1,3869
2023-04-05,SKU_047,Retail,South,64,331735.04,0.11,0,0,5824
2023-02-26,SKU_015,Distributor,West,47,63280.8,0.12,0,1,1530
2023-04-24,SKU_039,Retail,West,48,132000.47999999998,0.07,1,1,2957
2023-02-18,SKU_009,Distributor,East,44,114853.2,0.23,1,0,3390
2023-01-23,SKU_029,Retail,Central,55,155672.0,0.2,1,1,3538
2023-05-27,SKU_031,Retail,North,28,157025.12,0.06,1,1,5966
2023-04-26,SKU_036,Flipkart,West,56,162030.4,0.15,1,1,3404
2023-04-18,SKU_010,D2C,West,48,64668.48,0.18,1,0,1643
2023-06-20,SKU_050,Retail,East,55,227935.4,0.24,0,1,5453
2023-01-07,SKU_028,D2C,South,55,231013.2,0.12,1,1,4773
2023-01-11,SKU_049,D2C,South,0,0.0,0.14,1,0,3053
2023-06-01,SKU_036,Distributor,Central,31,149656.53,0.07,1,0,5191
2023-06-20,SKU_021,D2C,Central,47,169132.32,0.02,0,0,3672
2023-04-30,SKU_031,Flipkart,South,48,59486.4,0.1,1,1,1377
2023-01-20,SKU_029,Amazon,Central,55,268254.80000000005,0.18,1,1,5948
2023-06-28,SKU_020,D2C,Central,56,157317.44,0.21,0,0,3556
2023-01-15,SKU_004,Distributor,West,80,355387.2,0.02,0,0,4533
2023-05-28,SKU_014,Amazon,West,56,141990.8,0.15,1,0,2983
2023-03-04,SKU_050,D2C,West,43,129994.16,0.08,0,0,3286
2023-04-28,SKU_045,Distributor,West,18,38391.479999999996,0.06,1,1,2269
2023-06-15,SKU_027,Flipkart,South,22,65535.36,0.04,1,1,3103
2023-06-21,SKU_032,Distributor,East,60,62953.8,0.09,0,1,1153
2023-04-28,SKU_022,Amazon,East,71,194256.0,0.24,1,1,3600
2023-01-25,SKU_017,Retail,South,80,252420.0,0.25,0,0,4207
2023-03-09,SKU_040,Amazon,Central,33,147188.25,0.05,1,1,4695
2023-02-10,SKU_037,Flipkart,South,43,46749.600000000006,0.2,1,1,1359
2023-01-31,SKU_039,D2C,North,54,48885.12,0.18,0,0,1104
2023-06-29,SKU_035,D2C,East,90,356380.2,0.18,1,0,4829
2023-05-31,SKU_003,Amazon,East,52,245356.80000000002,0.2,1,1,5898
2023-04-16,SKU_025,Retail,North,81,334003.5,0.25,1,1,5498
2023-05-15,SKU_028,Retail,East,53,155262.97,0.27,0,0,4013
2023-03-01,SKU_029,D2C,East,73,314711.76,0.12,1,1,4899
2023-06-14,SKU_038,Retail,South,70,105140.0,0.0,0,1,1502
2023-05-14,SKU_024,Amazon,East,53,39710.25,0.25,1,0,999
2023-01-22,SKU_035,Amazon,South,29,53113.5,0.01,0,0,1850
2023-03-04,SKU_018,Amazon,South,44,231858.0,0.1,0,1,5855
2023-01-21,SKU_028,Flipkart,Central,79,217281.6,0.1,1,1,3056
2023-03-04,SKU_010,Amazon,West,67,107823.09999999999,0.3,0,1,2299
2023-03-15,SKU_050,D2C,South,41,189026.40000000002,0.2,1,1,5763
2023-03-12,SKU_043,Distributor,West,43,190560.52000000002,0.08,0,0,4817
2023-02-28,SKU_012,Flipkart,West,15,44477.7,0.26,1,0,4007
2023-06-02,SKU_040,Amazon,West,78,269929.92,0.14,1,1,4024
2023-02-12,SKU_035,D2C,South,67,210150.19,0.17,1,1,3779
2023-05-15,SKU_002,Flipkart,East,47,195104.52000000002,0.22,0,1,5322
2023-01-11,SKU_034,Retail,East,54,69147.54000000001,0.23,1,1,1663
2023-04-08,SKU_027,Retail,North,6,20394.899999999998,0.15,0,0,3999
2023-02-08,SKU_016,Distributor,North,40,66539.2,0.09,0,0,1828
2023-01-03,SKU_049,Flipkart,Central,76,325091.52,0.22,1,0,5484
2023-03-05,SKU_043,D2C,West,69,366572.16,0.04,0,1,5534
2023-05-04,SKU_014,Distributor,West,56,156495.91999999998,0.03,1,0,2881
2023-04-08,SKU_006,Distributor,West,49,61842.899999999994,0.3,1,1,1803
2023-03-26,SKU_023,Flipkart,South,65,246061.4,0.24,0,0,4981
2023-04-22,SKU_046,D2C,Central,44,174719.16,0.23,1,1,5157
2023-01-21,SKU_001,Flipkart,North,16,20061.76,0.29,1,0,1766
2023-01-21,SKU_050,Distributor,South,49,143634.68,0.24,1,1,3857
2023-04-30,SKU_002,D2C,East,58,212123.4,0.27,0,0,5010
2023-03-06,SKU_014,D2C,North,72,79002.72,0.17,0,0,1322
2023-01-07,SKU_029,Flipkart,South,21,49092.12,0.23,1,1,3036
2023-04-17,SKU_016,D2C,South,47,133664.24,0.24,1,0,3742
2023-06-02,SKU_013,Distributor,East,48,138624.0,0.24,0,0,3800
2023-05-18,SKU_031,Flipkart,East,27,143928.9,0.1,1,0,5923
2023-04-28,SKU_035,Distributor,East,59,264997.32,0.16,1,1,5347
2023-01-24,SKU_044,Amazon,North,64,119463.04,0.27,1,0,2557
2023-06-12,SKU_014,Amazon,South,44,76076.0,0.24,1,1,2275
2023-03-22,SKU_010,Retail,Central,91,184897.44,0.17,1,1,2448
2023-05-09,SKU_047,Flipkart,West,43,139166.06,0.06,1,0,3443
2023-02-26,SKU_049,Flipkart,East,41,182964.13999999998,0.14,1,1,5189
2023-05-14,SKU_050,D2C,Central,40,43919.200000000004,0.18,1,1,1339
2023-05-01,SKU_027,D2C,North,33,89704.56,0.12,0,1,3089
2023-06-24,SKU_029,Retail,East,38,86299.51999999999,0.06,1,1,2416
2023-05-18,SKU_016,Retail,South,21,93461.76,0.04,1,1,4636
2023-01-28,SKU_023,Amazon,East,46,209232.84000000003,0.18,0,1,5547
2023-06-30,SKU_019,Flipkart,North,51,46838.4,0.18,0,0,1120
2023-06-17,SKU_031,Amazon,West,4,6774.12,0.07,1,0,1821
2023-04-08,SKU_031,Distributor,West,47,54971.2,0.15,1,0,1376
2023-06-18,SKU_032,Retail,North,50,178581.0,0.22,1,1,4579
2023-06-28,SKU_031,Flipkart,North,60,206227.2,0.08,1,1,3736
2023-02-28,SKU_025,D2C,West,74,146483.0,0.26,1,0,2675
2023-03-01,SKU_049,Flipkart,North,67,144117.0,0.1,0,0,2390
2023-05-16,SKU_045,Retail,North,37,159199.9,0.15,0,0,5062
2023-01-26,SKU_006,D2C,North,35,91082.6,0.11,1,0,2924
2023-04-20,SKU_011,Flipkart,West,61,126020.51000000001,0.23,1,0,2683
2023-02-16,SKU_012,Retail,North,39,130819.26000000001,0.21,1,0,4246
2023-03-19,SKU_039,Distributor,Central,25,99093.0,0.13,0,0,4556
2023-05-20,SKU_015,Flipkart,East,97,203377.96000000002,0.08,1,0,2279
2023-02-08,SKU_045,Retail,North,43,223384.13999999998,0.02,1,0,5301
2023-01-05,SKU_034,D2C,North,37,112093.34999999999,0.05,0,1,3189
2023-06-04,SKU_019,Amazon,Central,6,26884.44,0.07,0,0,4818
2023-04-06,SKU_040,Amazon,South,67,162230.45,0.21,0,1,3065
2023-03-07,SKU_046,Flipkart,East,30,121597.20000000001,0.19,1,1,5004
2023-04-17,SKU_011,D2C,East,50,213732.0,0.28,0,1,5937
2023-06-09,SKU_017,D2C,South,69,226725.72,0.11,0,1,3692
2023-05-03,SKU_040,D2C,South,30,88565.4,0.01,0,1,2982
2023-02-06,SKU_003,Distributor,South,51,148469.16,0.26,1,0,3934
2023-04-25,SKU_010,D2C,South,80,173324.8,0.12,1,1,2462
2023-01-05,SKU_007,Flipkart,East,0,0.0,0.0,1,1,2469
2023-01-20,SKU_012,Flipkart,West,33,126973.77,0.23,0,0,4997
2023-02-23,SKU_007,D2C,North,31,55518.21000000001,0.19,1,1,2211
2023-02-25,SKU_004,Amazon,East,46,48300.0,0.25,1,1,1400
2023-06-02,SKU_041,Distributor,North,49,186127.47999999998,0.03,0,1,3916
2023-01-05,SKU_022,Flipkart,East,28,129359.72,0.11,0,1,5191
2023-02-17,SKU_008,Amazon,South,36,89989.92,0.26,1,0,3378
2023-05-20,SKU_025,Amazon,South,34,153008.84,0.17,0,0,5422
2023-05-04,SKU_041,D2C,Central,42,77280.84,0.09,0,1,2022
2023-01-06,SKU_047,Distributor,North,54,205374.96,0.06,1,0,4046
2023-05-14,SKU_043,D2C,North,68,251164.80000000002,0.1,1,0,4104
2023-01-23,SKU_035,D2C,South,71,288751.32,0.22,0,0,5214
2023-02-01,SKU_024,Amazon,North,63,165031.02,0.02,1,0,2673
2023-01-26,SKU_005,Retail,Central,32,136472.96,0.06,0,0,4537
2023-01-06,SKU_033,Distributor,East,49,210975.87,0.13,0,0,4949
2023-03-05,SKU_004,Distributor,West,97,298322.52999999997,0.27,1,1,4213
2023-04-22,SKU_006,Flipkart,East,70,258223.0,0.26,0,1,4985
2023-06-20,SKU_004,Distributor,Central,41,157224.75,0.25,1,1,5113
2023-01-07,SKU_024,Flipkart,Central,81,324029.16,0.02,1,0,4082
2023-06-27,SKU_002,Distributor,West,42,207264.96000000002,0.08,1,0,5364
2023-01-14,SKU_005,Flipkart,East,36,107714.87999999999,0.16,1,1,3562
2023-02-04,SKU_008,Distributor,West,77,310036.64999999997,0.15,1,0,4737
2023-06-12,SKU_039,Retail,East,23,108075.16,0.21,0,0,5948
2023-02-18,SKU_041,Retail,North,11,27679.96,0.24,0,1,3311
2023-01-23,SKU_023,Flipkart,East,68,234058.72,0.24,1,1,4529
2023-03-25,SKU_012,Retail,North,50,67798.5,0.23,1,0,1761
2023-02-01,SKU_042,Retail,North,52,245947.52000000002,0.18,1,1,5768
2023-05-01,SKU_017,Distributor,East,42,79955.81999999999,0.07,1,1,2047
2023-06-20,SKU_032,Flipkart,West,45,133920.0,0.25,0,0,3968
2023-03-25,SKU_005,Distributor,East,40,58592.0,0.2,1,0,1831
2023-01-21,SKU_008,Flipkart,West,37,138809.19999999998,0.17,1,1,4520
2023-04-28,SKU_031,Distributor,West,42,150637.2,0.21,0,0,4540
2023-06-01,SKU_049,Flipkart,Central,41,130824.03,0.27,0,1,4371
2023-01-31,SKU_010,Amazon,North,33,141772.29,0.03,0,0,4429
2023-03-24,SKU_016,Amazon,East,39,95331.59999999999,0.28,0,1,3395
2023-02-18,SKU_013,Retail,Central,0,0.0,0.03,0,1,2377
2023-04-26,SKU_021,D2C,East,63,73505.87999999999,0.16,0,0,1389
2023-04-27,SKU_006,Flipkart,East,57,148931.88,0.17,1,0,3148
2023-05-30,SKU_017,Amazon,South,48,127071.36,0.22,1,0,3394
2023-04-29,SKU_021,Distributor,East,54,214963.2,0.2,1,1,4976
2023-02-25,SKU_038,Retail,Central,55,252740.40000000002,0.18,0,1,5604
2023-05-26,SKU_016,Flipkart,West,35,99303.75,0.03,0,1,2925
2023-04-18,SKU_026,D2C,South,39,58168.11,0.09,0,0,1639
2023-05-21,SKU_025,Amazon,Central,60,143040.0,0.2,1,0,2980
2023-03-28,SKU_007,Retail,West,54,112622.40000000001,0.2,0,1,2607
2023-04-15,SKU_014,Retail,South,90,315602.1,0.29,1,0,4939
2023-05-06,SKU_035,Flipkart,South,82,125758.48000000001,0.08,1,1,1667
2023-03-18,SKU_024,Flipkart,West,68,285170.24,0.24,0,0,5518
2023-03-23,SKU_025,Flipkart,West,34,77132.74,0.11,1,0,2549
2023-06-21,SKU_030,D2C,East,38,120247.95999999999,0.02,1,1,3229
2023-03-23,SKU_010,Amazon,West,29,135879.21,0.21,1,0,5931
2023-03-17,SKU_038,D2C,North,55,263366.4,0.13,1,0,5504
2023-06-19,SKU_018,Flipkart,North,0,0.0,0.13,1,0,1805
2023-02-25,SKU_030,Amazon,South,40,170164.80000000002,0.19,1,1,5252
2023-06-01,SKU_015,Flipkart,South,43,154347.64,0.24,0,1,4723
2023-02-05,SKU_050,Distributor,Central,19,47503.420000000006,0.18,0,0,3049
2023-04-12,SKU_006,Flipkart,West,65,166578.75,0.15,0,1,3015
2023-06-29,SKU_028,D2C,Central,27,94711.68,0.04,1,1,3654
2023-04-25,SKU_031,Amazon,East,55,189486.0,0.12,1,1,3915
2023-03-12,SKU_046,Distributor,North,105,181490.4,0.22,1,0,2216
2023-04-19,SKU_012,Distributor,South,17,62456.64,0.11,1,0,4128
2023-04-12,SKU_021,Amazon,South,47,111285.65999999999,0.07,1,1,2546
2023-05-08,SKU_002,Flipkart,Central,41,144851.36,0.29,0,1,4976
2023-06-10,SKU_027,Distributor,North,37,125707.5,0.25,0,0,4530
2023-02-06,SKU_038,Retail,North,65,143208.0,0.1,1,0,2448
2023-05-22,SKU_022,Distributor,West,72,195378.48,0.01,1,0,2741
2023-01-08,SKU_020,Flipkart,Central,65,323668.8,0.09,1,1,5472
2023-06-03,SKU_029,Amazon,South,35,47853.75,0.25,1,0,1823
2023-05-18,SKU_022,Amazon,East,98,469102.48,0.14,1,0,5566
2023-04-14,SKU_029,Flipkart,South,14,33200.16,0.18,0,1,2892
2023-04-28,SKU_037,Flipkart,West,29,145243.88999999998,0.01,0,1,5059
2023-03-01,SKU_048,Flipkart,Central,53,128472.0,0.2,1,1,3030
2023-03-28,SKU_024,Distributor,South,51,132104.28,0.23,1,0,3364
2023-01-29,SKU_016,Distributor,East,59,213497.99,0.27,1,1,4957
2023-01-28,SKU_042,Flipkart,Central,81,191385.18,0.02,0,0,2411
2023-03-16,SKU_048,D2C,West,47,95431.62,0.14,0,0,2361
2023-03-27,SKU_014,Flipkart,West,52,165896.63999999998,0.16,0,0,3798
2023-03-15,SKU_034,Retail,South,38,89429.2,0.3,1,1,3362
2023-04-04,SKU_032,D2C,South,61,272332.06,0.09,1,1,4906
2023-03-08,SKU_007,D2C,East,43,58894.52,0.03,0,1,1412
2023-03-06,SKU_004,Amazon,North,43,166943.2,0.08,1,1,4220
2023-05-21,SKU_039,Retail,East,60,114588.0,0.1,0,0,2122
2023-04-25,SKU_001,Amazon,North,70,254800.0,0.2,0,0,4550
2023-04-05,SKU_047,D2C,South,5,13566.0,0.16,0,1,3230
2023-02-03,SKU_005,Retail,South,57,264140.28,0.08,0,0,5037
2023-01-09,SKU_021,D2C,North,44,245203.19999999998,0.04,0,0,5805
2023-02-06,SKU_037,Flipkart,East,68,102864.96,0.12,1,0,1719
2023-05-26,SKU_031,Amazon,East,44,213533.32,0.09,0,1,5333
2023-01-19,SKU_041,Distributor,West,76,411199.52,0.08,1,0,5881
2023-05-24,SKU_027,Retail,South,36,65435.04,0.19,0,1,2244
2023-03-19,SKU_022,Amazon,South,5,9265.5,0.1,0,0,2059
2023-01-06,SKU_029,Retail,East,71,167200.74,0.02,1,0,2403
2023-02-10,SKU_027,Retail,South,33,45334.08,0.28,1,0,1908
2023-01-27,SKU_042,Amazon,West,18,66258.72,0.11,0,0,4136
2023-04-20,SKU_011,Flipkart,North,50,126373.5,0.01,1,1,2553
2023-04-07,SKU_031,Amazon,South,45,62284.950000000004,0.09,0,0,1521
2023-06-26,SKU_017,Flipkart,Central,66,66320.1,0.01,0,1,1015
2023-03-02,SKU_022,Flipkart,South,67,167219.27,0.03,0,1,2573
2023-06-07,SKU_024,Retail,South,51,115007.55,0.15,1,0,2653
2023-05-17,SKU_016,D2C,West,32,81253.76,0.02,1,0,2591
2023-05-31,SKU_033,D2C,Central,55,223348.40000000002,0.08,1,0,4414
2023-06-10,SKU_030,Flipkart,West,53,144475.35,0.15,1,1,3207
2023-03-13,SKU_034,D2C,East,61,88185.26,0.14,0,1,1681
2023-04-02,SKU_034,Amazon,Central,32,54699.2,0.15,0,0,2011
2023-05-05,SKU_017,Distributor,West,41,168236.53,0.23,0,1,5329
2023-06-09,SKU_012,Distributor,South,60,151014.6,0.13,1,0,2893
2023-02-08,SKU_009,D2C,East,74,191162.72,0.02,1,0,2636
2023-03-06,SKU_048,Retail,North,69,294262.92,0.16,0,0,5077
2023-05-13,SKU_045,Retail,West,51,63528.66,0.22,0,0,1597
2023-01-11,SKU_028,Flipkart,Central,40,183556.8,0.16,1,1,5463
2023-03-21,SKU_033,Amazon,Central,58,142262.4,0.27,1,1,3360
2023-05-15,SKU_038,Amazon,West,28,77203.84,0.24,1,1,3628
2023-03-10,SKU_010,Amazon,North,33,45860.76,0.26,0,0,1878
2023-02-17,SKU_048,Amazon,Central,80,108084.8,0.14,1,0,1571
2023-03-03,SKU_016,D2C,Central,58,56092.96,0.12,1,0,1099
2023-01-07,SKU_021,Distributor,South,43,111210.04000000001,0.24,1,1,3403
2023-04-30,SKU_008,Flipkart,Central,66,243754.5,0.21,1,0,4675
2023-04-26,SKU_035,Flipkart,Central,75,209459.25,0.07,1,0,3003
2023-04-25,SKU_020,Flipkart,West,41,68724.2,0.15,1,1,1972
2023-03-17,SKU_008,D2C,East,41,180741.12,0.16,1,1,5248
2023-02-05,SKU_050,Distributor,North,38,102493.6,0.12,0,0,3065
2023-06-09,SKU_042,Retail,South,69,332502.72000000003,0.12,1,1,5476
2023-05-02,SKU_012,Retail,East,69,76169.09999999999,0.17,0,0,1330
2023-01-20,SKU_044,Distributor,East,77,222023.34,0.17,1,1,3474
2023-03-29,SKU_047,Distributor,West,70,406177.8,0.03,1,0,5982
2023-01-09,SKU_046,D2C,Central,17,13526.9,0.27,0,1,1090
2023-06-10,SKU_040,D2C,South,55,187440.0,0.2,1,1,4260
2023-03-08,SKU_001,D2C,North,28,115896.2,0.05,1,0,4357
2023-05-24,SKU_030,Distributor,North,39,195452.01,0.11,0,0,5631
2023-06-22,SKU_001,Retail,East,53,57614.18,0.26,1,1,1469
2023-02-23,SKU_030,Distributor,West,66,133801.8,0.03,1,0,2090
2023-06-19,SKU_043,D2C,West,32,116591.99999999999,0.3,1,0,5205
2023-02-17,SKU_024,Flipkart,Central,3,15740.55,0.05,0,1,5523
2023-03-22,SKU_037,Flipkart,South,53,137600.72,0.08,0,0,2822
2023-05-14,SKU_046,Flipkart,Central,102,308089.98000000004,0.19,1,1,3729
2023-04-24,SKU_014,Flipkart,East,45,216329.4,0.16,1,0,5723
2023-01-10,SKU_004,Distributor,Central,50,67212.5,0.05,1,0,1415
2023-03-14,SKU_004,Retail,West,85,426763.75,0.05,0,1,5285
2023-03-15,SKU_026,Retail,South,61,295771.92,0.11,0,0,5448
2023-06-13,SKU_031,Distributor,Central,54,81874.8,0.24,0,0,1995
2023-06-04,SKU_048,Flipkart,North,58,73778.32,0.23,0,0,1652
2023-04-26,SKU_037,Distributor,Central,55,194746.2,0.24,0,1,4659
2023-06-22,SKU_016,Amazon,East,27,140691.33,0.07,0,0,5603
2023-02-14,SKU_028,Amazon,South,23,59185.439999999995,0.28,0,1,3574
2023-06-09,SKU_004,Retail,West,87,242925.75,0.27,1,1,3825
2023-06-07,SKU_022,D2C,West,53,86284.0,0.26,1,0,2200
2023-02-12,SKU_019,Retail,North,52,177008.0,0.26,1,0,4600
2023-01-24,SKU_018,Retail,South,48,65944.8,0.29,0,0,1935
2023-02-07,SKU_013,Flipkart,North,65,357548.1,0.02,1,0,5613
2023-06-11,SKU_016,Flipkart,Central,100,336102.0,0.07,1,0,3614
2023-04-25,SKU_011,Distributor,North,60,131019.0,0.15,1,1,2569
2023-05-27,SKU_049,Distributor,West,38,41395.68,0.11,0,0,1224
2023-02-28,SKU_047,Flipkart,East,47,148003.0,0.06,1,1,3350
2023-04-07,SKU_004,Amazon,Central,71,258667.2,0.08,0,1,3960
2023-05-11,SKU_014,Flipkart,South,38,165949.04,0.14,0,0,5078
2023-04-18,SKU_047,Distributor,East,67,306602.05,0.05,0,1,4817
2023-03-07,SKU_033,Retail,South,3,2968.56,0.24,0,1,1302
2023-06-23,SKU_002,Distributor,West,45,229975.2,0.09,1,1,5616
2023-06-30,SKU_048,Amazon,South,62,231458.4,0.1,0,0,4148
2023-01-01,SKU_001,Distributor,Central,75,359100.0,0.2,0,1,5985
2023-06-03,SKU_030,Distributor,South,33,124610.64,0.23,0,0,4904
2023-02-26,SKU_043,D2C,West,19,42601.8,0.26,0,1,3030
2023-01-19,SKU_003,Amazon,Central,44,191917.44,0.22,1,1,5592
2023-03-01,SKU_024,Retail,East,27,124388.45999999999,0.02,0,0,4701
2023-06-07,SKU_039,D2C,East,47,46704.84,0.16,1,0,1183
2023-03-30,SKU_036,D2C,West,49,49735.0,0.3,0,1,1450
2023-03-14,SKU_020,Retail,South,23,72698.40000000001,0.1,0,1,3512
2023-01-06,SKU_036,Retail,Central,66,330612.48,0.04,0,0,5218
2023-01-05,SKU_001,Retail,East,46,65759.76,0.24,1,0,1881
2023-02-02,SKU_008,Flipkart,Central,71,134190.0,0.1,0,1,2100
2023-04-09,SKU_031,Retail,South,13,23988.77,0.29,0,0,2599
2023-01-13,SKU_011,D2C,Central,29,77766.40000000001,0.2,0,1,3352
2023-04-27,SKU_010,Distributor,Central,60,144228.6,0.13,0,0,2763
2023-04-23,SKU_039,Distributor,West,34,108466.8,0.22,0,1,4090
2023-05-09,SKU_048,Amazon,East,46,130017.16,0.09,1,1,3106
2023-02-18,SKU_013,Flipkart,East,50,97755.0,0.05,1,1,2058
2023-03-15,SKU_016,Amazon,Central,53,110971.4,0.24,0,0,2755
2023-04-17,SKU_038,Retail,South,36,133374.24000000002,0.08,0,1,4027
2023-01-18,SKU_038,D2C,East,52,139752.6,0.05,0,1,2829
2023-05-04,SKU_048,D2C,South,34,52238.28,0.13,0,0,1766
2023-05-10,SKU_005,Flipkart,West,63,292573.26,0.11,0,0,5218
2023-04-29,SKU_021,Amazon,South,47,229904.73,0.01,1,0,4941
2023-03-26,SKU_020,Distributor,East,53,86481.16,0.24,0,0,2147
2023-05-07,SKU_040,Flipkart,East,101,328050.02,0.18,0,1,3961
2023-01-20,SKU_030,Amazon,West,27,136096.19999999998,0.07,0,0,5420
2023-01-24,SKU_031,D2C,West,77,129629.5,0.09,0,1,1850
2023-02-28,SKU_008,Flipkart,West,0,0.0,0.14,0,0,4743
2023-06-25,SKU_003,D2C,North,8,9063.68,0.03,1,1,1168
2023-04-13,SKU_040,Retail,South,25,55200.0,0.25,1,0,2944
2023-04-11,SKU_009,Amazon,South,26,93223.0,0.29,1,0,5050
2023-02-06,SKU_020,Flipkart,South,54,73016.64,0.28,0,1,1878
2023-03-22,SKU_012,Amazon,North,55,183483.3,0.06,0,0,3549
2023-02-10,SKU_045,Distributor,East,44,77674.08,0.06,0,0,1878
2023-05-15,SKU_028,Flipkart,East,47,269266.76,0.02,1,0,5846
2023-02-22,SKU_041,Flipkart,East,60,170280.0,0.12,0,0,3225
2023-03-02,SKU_014,D2C,East,66,81671.04,0.04,0,0,1289
2023-04-27,SKU_014,Distributor,East,23,44182.08,0.08,1,0,2088
2023-02-07,SKU_023,Distributor,West,42,151798.5,0.21,1,0,4575
2023-04-28,SKU_006,Flipkart,East,48,218681.75999999998,0.17,1,1,5489
2023-04-08,SKU_022,Distributor,North,59,220160.86,0.14,0,1,4339
2023-06-17,SKU_045,Distributor,West,34,71318.4,0.24,0,1,2760
2023-05-03,SKU_008,D2C,Central,48,170864.63999999998,0.28,1,1,4944
2023-02-02,SKU_023,D2C,East,50,147149.0,0.03,0,1,3034
2023-03-06,SKU_036,Distributor,West,35,130872.0,0.05,0,0,3936
2023-01-22,SKU_037,Retail,North,35,176083.6,0.12,1,1,5717
2023-04-14,SKU_043,D2C,Central,51,110355.84000000001,0.08,1,0,2352
2023-05-12,SKU_011,Distributor,North,47,120470.40000000001,0.2,0,0,3204
2023-03-31,SKU_007,Amazon,Central,60,324680.4,0.01,0,0,5466
2023-06-03,SKU_007,Distributor,West,28,105774.48,0.07,1,0,4062
2023-05-04,SKU_002,Retail,Central,42,162414.0,0.0,1,1,3867
2023-05-01,SKU_013,Retail,Central,45,111765.59999999999,0.14,1,1,2888
2023-01-25,SKU_007,D2C,North,66,235938.12,0.06,1,1,3803
2023-06-25,SKU_012,Amazon,North,31,34845.24,0.24,1,1,1479
2023-02-08,SKU_042,Retail,East,54,147372.48,0.26,1,1,3688
2023-06-20,SKU_006,D2C,Central,55,127000.5,0.14,1,0,2685
2023-02-12,SKU_031,D2C,Central,82,452908.13999999996,0.07,0,0,5939
2023-02-08,SKU_046,Flipkart,West,29,106315.73999999999,0.07,0,1,3942
2023-01-06,SKU_050,Distributor,East,36,146610.0,0.1,0,1,4525
2023-02-06,SKU_023,D2C,Central,31,73005.0,0.25,1,1,3140
2023-03-10,SKU_015,D2C,East,16,26941.44,0.04,0,1,1754
2023-03-07,SKU_045,Flipkart,West,85,87726.8,0.24,1,0,1358
2023-03-27,SKU_024,Retail,Central,25,34247.5,0.05,0,1,1442
2023-02-28,SKU_017,D2C,Central,33,35343.0,0.3,1,0,1530
2023-02-24,SKU_027,D2C,West,76,292594.68,0.03,0,1,3969
2023-06-30,SKU_001,Retail,East,14,13244.699999999999,0.15,0,0,1113
2023-03-19,SKU_004,Retail,North,65,338704.6,0.03,0,1,5372
2023-05-09,SKU_036,D2C,East,21,50521.8,0.08,1,0,2615
2023-05-25,SKU_033,Flipkart,Central,74,173860.04,0.21,0,0,2974
2023-06-04,SKU_012,D2C,South,6,15370.74,0.23,0,1,3327
2023-02-26,SKU_002,Amazon,North,14,61461.119999999995,0.04,1,1,4573
2023-01-17,SKU_036,Retail,East,39,107730.48,0.12,0,1,3139
2023-01-17,SKU_023,Amazon,Central,69,325059.0,0.0,1,0,4711
2023-06-01,SKU_014,Amazon,South,49,120681.12,0.16,1,0,2932
2023-03-06,SKU_024,Distributor,West,43,120244.34,0.11,0,0,3142
2023-04-11,SKU_050,Flipkart,Central,76,102745.92,0.14,0,0,1572
2023-03-30,SKU_043,Distributor,East,93,378616.01999999996,0.29,0,1,5734
2023-04-05,SKU_024,D2C,West,63,123769.79999999999,0.06,1,1,2090
2023-02-06,SKU_028,Retail,North,37,180371.30000000002,0.18,0,0,5945
2023-01-04,SKU_013,Retail,West,41,103825.12,0.02,0,0,2584
2023-02-19,SKU_022,Retail,Central,24,24800.16,0.23,1,1,1342
2023-01-16,SKU_009,Distributor,West,52,212173.0,0.05,0,1,4295
2023-03-20,SKU_012,Distributor,South,17,25844.760000000002,0.18,0,0,1854
2023-01-11,SKU_025,Flipkart,North,61,124581.52,0.02,1,0,2084
2023-06-29,SKU_013,Amazon,East,90,291211.2,0.28,1,1,4494
2023-01-04,SKU_008,Retail,West,64,296924.16000000003,0.22,1,0,5948
2023-05-27,SKU_032,Distributor,Central,40,36879.6,0.27,0,1,1263
2023-06-17,SKU_008,Retail,East,60,251438.4,0.24,0,0,5514
2023-05-04,SKU_015,Flipkart,East,82,136671.04,0.12,1,1,1894
2023-05-31,SKU_039,Retail,West,81,250717.68,0.28,0,1,4299
2023-01-09,SKU_014,Amazon,North,29,46551.96,0.22,0,1,2058
2023-04-15,SKU_027,D2C,Central,60,323811.6,0.02,1,1,5507
2023-02-14,SKU_010,Amazon,Central,46,74010.32,0.24,1,1,2117
2023-04-23,SKU_037,Flipkart,West,66,95800.31999999999,0.16,0,1,1728
2023-03-04,SKU_002,Flipkart,South,57,133537.32,0.16,1,1,2789
2023-01-05,SKU_004,Flipkart,West,2,3713.0,0.06,0,0,1975
2023-02-25,SKU_018,Retail,West,43,53089.52,0.12,1,1,1403
2023-04-09,SKU_030,Distributor,East,53,204889.52000000002,0.08,0,0,4202
2023-04-26,SKU_038,Flipkart,North,21,56028.0,0.2,1,1,3335
2023-04-22,SKU_045,D2C,Central,61,133195.94,0.14,1,1,2539
2023-05-18,SKU_004,Distributor,North,19,24977.97,0.19,1,1,1623
2023-01-09,SKU_011,Amazon,East,34,84292.8,0.2,0,1,3099
2023-03-08,SKU_013,D2C,East,76,146528.0,0.0,0,0,1928
2023-04-14,SKU_003,Amazon,Central,32,68169.6,0.19,0,0,2630
2023-06-26,SKU_036,Distributor,South,61,121987.8,0.1,0,1,2222
2023-06-28,SKU_017,Distributor,South,14,48762.0,0.25,1,1,4644
2023-03-24,SKU_034,Distributor,South,91,441441.0,0.16,0,1,5775
2023-04-28,SKU_013,Flipkart,East,43,197676.16,0.12,1,1,5224
2023-05-22,SKU_002,Flipkart,West,51,122537.19,0.03,1,0,2477
2023-04-20,SKU_031,Distributor,West,53,93759.12,0.16,1,1,2106
2023-02-01,SKU_040,Retail,North,62,131316.0,0.25,1,1,2824
2023-06-08,SKU_050,Distributor,Central,19,84727.84,0.06,0,0,4744
2023-03-26,SKU_029,Distributor,North,49,75969.59999999999,0.04,0,1,1615
2023-06-12,SKU_047,D2C,West,36,31253.04,0.22,1,1,1113
2023-03-12,SKU_007,Amazon,East,16,17196.16,0.03,0,1,1108
2023-05-27,SKU_012,Flipkart,Central,69,279463.8,0.23,1,0,5260
2023-01-04,SKU_008,Flipkart,West,42,109806.06,0.09,0,1,2873
2023-04-27,SKU_046,D2C,East,54,197178.84000000003,0.18,1,0,4453
2023-04-04,SKU_043,Retail,Central,53,115599.36,0.29,0,0,3072
2023-06-24,SKU_006,Amazon,Central,43,109404.90000000001,0.1,0,0,2827
2023-05-07,SKU_046,Amazon,South,89,298256.8,0.2,0,0,4189
2023-04-01,SKU_024,Amazon,East,49,128163.91,0.27,1,0,3583
2023-05-05,SKU_050,Amazon,Central,18,69779.88,0.19,1,0,4786
2023-02-16,SKU_023,Retail,West,41,179162.62,0.09,1,0,4802
2023-06-15,SKU_004,D2C,West,59,201260.80000000002,0.2,0,1,4264
2023-06-29,SKU_049,D2C,West,60,215881.2,0.19,0,1,4442
2023-04-08,SKU_034,Retail,East,28,56194.6,0.11,0,0,2255
2023-04-20,SKU_037,Retail,West,68,69000.95999999999,0.16,0,1,1208
2023-02-06,SKU_029,Distributor,West,14,48094.2,0.01,1,1,3470
2023-03-26,SKU_027,Distributor,South,72,116406.72,0.19,1,1,1996
2023-05-06,SKU_022,Amazon,Central,23,51543.0,0.25,0,0,2988
2023-06-07,SKU_045,Distributor,North,45,68461.2,0.28,0,1,2113
2023-06-11,SKU_025,Amazon,West,71,174958.2,0.1,0,0,2738
2023-03-24,SKU_017,Amazon,Central,52,104579.8,0.27,0,0,2755
2023-04-06,SKU_013,Distributor,North,66,229920.9,0.05,1,0,3667
2023-02-26,SKU_016,Amazon,Central,62,222237.76,0.14,0,0,4168
2023-06-28,SKU_002,Amazon,South,75,115394.99999999999,0.3,0,1,2198
2023-03-15,SKU_022,D2C,West,71,311457.12,0.24,1,0,5772
2023-01-29,SKU_039,Amazon,South,40,171446.4,0.28,1,1,5953
2023-06-23,SKU_040,Distributor,West,62,206636.69999999998,0.15,0,1,3921
2023-01-24,SKU_035,Flipkart,West,19,77668.2,0.1,1,0,4542
2023-06-14,SKU_050,Retail,Central,48,211806.72,0.13,1,1,5072
2023-02-20,SKU_032,Amazon,Central,66,242464.19999999998,0.15,0,0,4322
2023-02-02,SKU_041,D2C,North,52,271247.08,0.11,1,0,5861
2023-04-12,SKU_037,D2C,Central,58,91811.68,0.06,1,0,1684
2023-03-23,SKU_018,Flipkart,West,45,73395.0,0.0,1,0,1631
2023-04-27,SKU_004,Retail,West,72,67795.2,0.2,0,0,1177
2023-02-20,SKU_043,Distributor,South,48,118778.88,0.12,0,0,2812
2023-05-31,SKU_003,Amazon,East,40,68068.0,0.23,1,1,2210
2023-01-03,SKU_017,Flipkart,South,67,311068.94,0.09,0,1,5102
2023-01-12,SKU_042,Flipkart,East,21,110810.7,0.1,0,1,5863
2023-06-13,SKU_036,Retail,East,60,336747.6,0.02,1,1,5727
2023-06-23,SKU_016,Retail,West,29,61164.48,0.22,0,1,2704
2023-01-22,SKU_013,Flipkart,Central,75,224557.5,0.21,0,1,3790
2023-03-20,SKU_044,Amazon,West,44,84622.56,0.07,0,1,2068
2023-05-07,SKU_037,Distributor,South,52,200998.72,0.24,0,0,5086
2023-05-07,SKU_020,Retail,North,58,58261.0,0.02,0,1,1025
2023-01-29,SKU_027,Flipkart,West,11,14018.4,0.28,0,0,1770
2023-02-01,SKU_021,Amazon,South,36,159111.0,0.17,0,0,5325
2023-03-12,SKU_050,D2C,East,70,196995.4,0.26,0,1,3803
2023-05-08,SKU_038,Retail,Central,67,228904.83000000002,0.23,0,1,4437
2023-04-09,SKU_043,Flipkart,North,55,238609.80000000002,0.22,0,0,5562
2023-03-29,SKU_035,Flipkart,North,23,77994.84,0.16,1,1,4037
2023-04-20,SKU_045,D2C,North,61,54869.5,0.3,0,0,1285
2023-02-23,SKU_005,Distributor,West,64,130841.59999999999,0.05,1,0,2152
2023-04-19,SKU_007,Distributor,Central,50,163498.5,0.19,1,1,4037
2023-04-12,SKU_016,Flipkart,East,74,114185.70000000001,0.19,1,1,1905
2023-04-27,SKU_013,Retail,East,36,41627.52,0.28,1,0,1606
2023-02-17,SKU_034,D2C,South,39,46601.1,0.3,0,0,1707
2023-05-27,SKU_047,Amazon,East,0,0.0,0.13,0,0,4145
2023-06-07,SKU_048,D2C,West,68,206764.88,0.26,0,0,4109
2023-06-24,SKU_035,Retail,West,56,202823.6,0.15,1,0,4261
2023-02-24,SKU_024,Retail,South,16,33073.92,0.12,1,0,2349
2023-02-12,SKU_044,Amazon,West,14,24155.04,0.22,1,0,2212
2023-06-05,SKU_027,D2C,East,32,64465.92,0.28,1,1,2798
2023-02-07,SKU_012,Flipkart,West,65,269546.55,0.07,0,0,4459
2023-06-27,SKU_001,D2C,South,43,82907.44,0.23,0,1,2504
2023-02-19,SKU_004,Retail,East,33,60825.6,0.04,0,1,1920
2023-01-08,SKU_046,Amazon,South,29,116881.6,0.2,1,0,5038
2023-05-16,SKU_029,Distributor,North,28,59761.799999999996,0.15,1,1,2511
2023-05-13,SKU_033,Flipkart,North,11,58045.02,0.07,0,1,5674
2023-02-14,SKU_039,Retail,Central,25,97031.75,0.21,1,1,4913
2023-06-06,SKU_002,Distributor,West,28,58033.92,0.04,1,1,2159
2023-01-15,SKU_050,D2C,East,63,207518.22000000003,0.18,1,0,4017
2023-03-10,SKU_027,Retail,West,46,51592.67999999999,0.07,1,1,1206
2023-06-23,SKU_018,Amazon,West,33,25468.41,0.29,1,1,1087
2023-04-30,SKU_010,Distributor,East,96,316330.56,0.29,0,1,4641
2023-06-18,SKU_046,Retail,Central,36,178234.19999999998,0.17,0,0,5965
2023-06-04,SKU_006,Distributor,East,73,285505.92,0.16,0,0,4656
2023-02-07,SKU_049,Flipkart,South,82,239345.7,0.13,1,0,3355
2023-04-22,SKU_007,Flipkart,East,18,40867.2,0.12,0,0,2580
2023-01-24,SKU_011,D2C,North,51,87171.24,0.24,0,1,2249
2023-06-25,SKU_045,Retail,North,39,138441.42,0.18,0,1,4329
2023-06-11,SKU_043,Distributor,South,38,176496.32,0.12,1,1,5278
2023-01-21,SKU_040,Flipkart,South,61,59313.96,0.26,1,0,1314
2023-06-19,SKU_016,Retail,South,37,59190.75,0.21,0,0,2025
2023-04-30,SKU_043,Flipkart,West,40,54502.0,0.15,1,1,1603
2023-04-06,SKU_023,Amazon,South,46,118409.52,0.24,0,0,3387
2023-04-27,SKU_014,Amazon,West,42,66961.44,0.09,1,0,1752
2023-04-18,SKU_039,Distributor,West,26,129656.01999999999,0.03,1,1,5141
2023-02-19,SKU_029,Distributor,North,65,136294.6,0.11,1,1,2356
2023-06-14,SKU_020,D2C,North,70,165618.59999999998,0.06,0,1,2517
2023-03-04,SKU_024,Distributor,Central,56,235710.72,0.28,1,1,5846
2023-02-13,SKU_037,Flipkart,West,42,59923.08,0.21,0,0,1806
2023-06-03,SKU_016,Retail,East,35,161982.80000000002,0.18,0,1,5644
2023-06-27,SKU_048,D2C,West,35,57701.7,0.29,0,0,2322
2023-03-22,SKU_023,Amazon,West,97,472785.76,0.18,0,1,5944
2023-02-05,SKU_049,D2C,South,68,229806.0,0.1,0,1,3755
2023-03-07,SKU_019,Retail,East,33,35082.96,0.03,1,0,1096
2023-05-19,SKU_026,Retail,West,53,215842.5,0.1,1,0,4525
2023-01-24,SKU_009,D2C,North,42,107069.76,0.06,0,0,2712
2023-05-07,SKU_023,Flipkart,South,61,246509.54,0.26,0,1,5461
2023-03-11,SKU_036,Amazon,Central,60,238351.2,0.24,0,0,5227
2023-06-16,SKU_011,Amazon,North,71,81226.84,0.26,1,0,1546
2023-03-02,SKU_049,Retail,North,32,150490.24,0.06,0,1,5003
2023-04-30,SKU_005,Retail,South,52,93398.23999999999,0.17,0,0,2164
2023-01-18,SKU_001,Amazon,Central,15,80992.2,0.08,0,0,5869
2023-05-27,SKU_008,Flipkart,West,24,57695.280000000006,0.21,0,0,3043
2023-04-21,SKU_031,Distributor,West,67,171409.44999999998,0.05,0,0,2693
2023-06-18,SKU_038,Distributor,East,30,86801.4,0.17,1,0,3486
2023-06-05,SKU_048,D2C,Central,33,119981.4,0.02,1,1,3710
2023-01-03,SKU_005,Amazon,East,49,71947.68000000001,0.08,0,1,1596
2023-03-20,SKU_022,D2C,Central,63,324073.26,0.02,1,0,5249
2023-05-14,SKU_040,Flipkart,West,28,42840.0,0.0,0,1,1530
2023-06-05,SKU_006,Retail,North,0,0.0,0.17,1,1,4595
2023-04-28,SKU_016,D2C,East,32,157888.64,0.09,1,0,5422
2023-02-24,SKU_035,Flipkart,East,74,258829.80000000002,0.11,0,1,3930
2023-01-13,SKU_036,Retail,South,56,201680.64,0.18,1,0,4392
2023-04-09,SKU_040,D2C,West,76,353491.2,0.1,1,1,5168
2023-02-15,SKU_035,Flipkart,North,27,148841.28,0.08,1,1,5992
2023-02-06,SKU_012,Retail,West,17,49785.689999999995,0.07,0,0,3149
2023-05-19,SKU_018,Retail,Central,59,221108.4,0.1,0,0,4164
2023-04-03,SKU_018,Amazon,East,54,146493.36,0.06,1,0,2886
2023-05-24,SKU_033,Flipkart,North,56,106888.31999999999,0.28,1,1,2651
2023-02-15,SKU_048,Distributor,Central,68,318110.80000000005,0.18,1,0,5705
2023-06-30,SKU_041,Flipkart,South,58,245264.6,0.02,1,0,4315
2023-02-02,SKU_044,Flipkart,North,58,182105.5,0.05,1,0,3305
2023-02-01,SKU_041,Flipkart,Central,64,189143.03999999998,0.06,0,1,3144
2023-04-30,SKU_036,D2C,West,60,227264.4,0.01,1,1,3826
2023-05-26,SKU_031,D2C,East,67,277235.27999999997,0.16,1,1,4926
2023-04-06,SKU_005,Distributor,Central,70,136214.4,0.04,1,1,2027
2023-04-25,SKU_029,Retail,West,80,217773.6,0.27,1,1,3729
2023-02-04,SKU_017,Retail,Central,37,89895.94,0.29,1,0,3422
2023-01-06,SKU_037,Distributor,West,59,267054.06,0.22,1,0,5803
2023-02-22,SKU_020,Amazon,East,42,181030.08,0.12,0,0,4898
2023-03-20,SKU_005,Distributor,East,33,158918.75999999998,0.16,1,1,5733
2023-02-06,SKU_029,Amazon,East,36,36359.28,0.07,0,1,1086
2023-05-06,SKU_021,Flipkart,West,59,49956.479999999996,0.16,1,0,1008
2023-06-13,SKU_001,Distributor,West,58,197643.69999999998,0.05,0,0,3587
2023-06-25,SKU_017,Retail,East,58,307943.46,0.01,1,0,5363
2023-03-25,SKU_020,Flipkart,West,45,106244.09999999999,0.03,0,1,2434
2023-05-01,SKU_044,Amazon,East,50,205923.0,0.17,0,1,4962
2023-05-21,SKU_036,D2C,East,66,77115.06,0.13,1,0,1343
2023-03-13,SKU_014,D2C,South,20,55155.0,0.25,0,1,3677
2023-05-14,SKU_002,Flipkart,South,50,93450.0,0.25,1,0,2492
2023-03-13,SKU_008,D2C,South,51,198370.62000000002,0.19,0,1,4802
2023-01-11,SKU_030,Retail,Central,65,134842.5,0.25,1,0,2766
2023-04-21,SKU_043,Amazon,West,22,76531.4,0.14,0,1,4045
2023-02-18,SKU_027,Amazon,Central,79,303176.72,0.02,1,0,3916
2023-02-19,SKU_025,D2C,South,54,273342.6,0.06,0,1,5385
2023-06-17,SKU_004,Flipkart,Central,55,153780.0,0.2,0,0,3495
2023-03-17,SKU_016,D2C,South,41,147639.36,0.07,1,1,3872
2023-03-04,SKU_030,Distributor,South,60,130891.2,0.26,1,0,2948
2023-02-24,SKU_022,Flipkart,Central,50,41641.5,0.29,1,1,1173
2023-06-04,SKU_012,Flipkart,North,74,354602.08,0.14,0,1,5572
2023-04-01,SKU_010,Amazon,South,21,94046.40000000001,0.2,1,1,5598
2023-05-09,SKU_003,Distributor,North,53,82059.90000000001,0.22,1,1,1985
2023-06-17,SKU_006,D2C,North,58,196592.16,0.13,1,1,3896
2023-01-22,SKU_045,Retail,East,46,89761.64,0.14,1,1,2269
2023-04-23,SKU_018,Flipkart,East,41,113832.81,0.09,1,0,3051
2023-02-20,SKU_035,Retail,East,42,236793.47999999998,0.02,1,1,5753
2023-01-17,SKU_045,Flipkart,Central,53,229187.9,0.17,1,0,5210
2023-05-28,SKU_021,Flipkart,East,13,18762.12,0.24,0,0,1899
2023-02-09,SKU_033,Amazon,Central,69,65494.799999999996,0.16,1,0,1130
2023-02-11,SKU_014,Retail,West,40,158610.0,0.15,0,1,4665
2023-06-03,SKU_011,Retail,East,52,93991.04000000001,0.21,0,0,2288
2023-05-20,SKU_047,Retail,South,57,58174.2,0.16,0,0,1215
2023-01-23,SKU_026,Distributor,West,39,141130.86000000002,0.11,1,0,4066
2023-02-27,SKU_008,Amazon,South,47,88588.89,0.19,0,0,2327
2023-03-06,SKU_050,Flipkart,Central,9,11365.92,0.28,0,0,1754
2023-06-08,SKU_050,Flipkart,South,64,243130.24,0.17,0,1,4577
2023-06-29,SKU_041,Flipkart,South,71,172702.53,0.19,1,0,3003
2023-05-24,SKU_037,Retail,North,15,72797.55,0.11,1,1,5453
2023-04-28,SKU_033,D2C,North,41,114666.75,0.01,0,1,2825
2023-01-03,SKU_040,Distributor,Central,25,65080.5,0.14,0,0,3027
2023-03-05,SKU_010,Flipkart,South,46,50482.24,0.24,1,0,1444
2023-04-20,SKU_027,Distributor,North,62,157356.0,0.06,0,0,2700
2023-01-24,SKU_044,Flipkart,Central,69,109075.2,0.05,1,1,1664
2023-05-04,SKU_019,D2C,South,72,163425.6,0.03,1,0,2340
2023-06-25,SKU_028,Distributor,South,76,279619.2,0.1,0,0,4088
2023-03-13,SKU_044,Amazon,South,45,164968.2,0.26,1,0,4954
2023-03-17,SKU_043,Flipkart,East,27,106200.72,0.28,0,0,5463
2023-04-04,SKU_046,Amazon,West,47,82556.91,0.13,1,1,2019
2023-06-24,SKU_003,Amazon,West,62,210242.0,0.0,0,1,3391
2023-06-03,SKU_042,Distributor,West,25,55114.5,0.13,0,0,2534
2023-02-24,SKU_005,Retail,Central,83,143729.44,0.21,1,1,2192
2023-02-09,SKU_041,Flipkart,West,67,225602.40000000002,0.08,1,0,3660
2023-02-10,SKU_002,Retail,North,45,190852.2,0.23,0,0,5508
2023-05-20,SKU_034,Amazon,West,35,61152.0,0.04,0,0,1820
2023-02-11,SKU_006,Retail,Central,36,36214.56,0.17,1,0,1212
2023-02-14,SKU_044,Distributor,North,51,254118.72,0.08,0,1,5416
2023-04-08,SKU_026,Flipkart,North,45,65034.899999999994,0.07,1,0,1554
2023-05-15,SKU_017,Amazon,South,69,295615.32,0.23,0,0,5564
2023-05-23,SKU_006,Distributor,West,43,140771.25,0.03,0,1,3375
2023-05-31,SKU_017,Retail,West,60,142200.0,0.25,1,0,3160
2023-05-16,SKU_037,Retail,North,49,114268.0,0.2,1,1,2915
2023-03-13,SKU_002,Amazon,North,55,112140.6,0.22,1,1,2614
2023-06-18,SKU_038,Flipkart,Central,45,42080.85,0.27,0,1,1281
2023-03-25,SKU_013,D2C,North,64,197433.6,0.22,1,1,3955
2023-03-13,SKU_007,D2C,East,64,131361.28,0.03,0,0,2116
2023-03-24,SKU_018,Flipkart,West,59,108833.76,0.28,0,0,2562
2023-05-07,SKU_050,Retail,South,62,155372.0,0.3,1,0,3580
2023-04-03,SKU_015,Flipkart,West,31,144722.88,0.04,0,1,4863
2023-02-04,SKU_009,Flipkart,West,56,191782.08,0.16,0,1,4077
2023-04-18,SKU_009,Retail,Central,74,72715.36,0.29,0,0,1384
2023-06-04,SKU_041,Retail,Central,59,138788.65,0.09,0,1,2585
2023-01-04,SKU_027,D2C,West,29,88767.84,0.16,0,1,3644
2023-04-27,SKU_033,Distributor,East,49,64239.0,0.05,0,0,1380
2023-03-14,SKU_041,Amazon,West,57,192060.36,0.14,0,0,3918
2023-01-14,SKU_018,Retail,East,34,30627.2,0.2,0,1,1126
2023-04-17,SKU_006,Amazon,South,22,71093.44,0.24,0,1,4252
2023-04-08,SKU_044,Distributor,North,43,176920.92,0.01,1,1,4156
2023-01-18,SKU_001,Flipkart,West,35,32800.95,0.11,0,0,1053
2023-02-19,SKU_046,Amazon,Central,49,89261.34,0.03,1,1,1878
2023-01-29,SKU_016,Amazon,West,18,30492.0,0.23,1,1,2200
2023-03-19,SKU_007,Retail,West,61,230267.07,0.01,0,0,3813
2023-03-08,SKU_014,D2C,North,37,148621.6,0.2,0,0,5021
2023-01-01,SKU_005,D2C,South,69,87694.17,0.27,1,1,1741
2023-05-14,SKU_005,Distributor,West,44,77726.87999999999,0.16,0,1,2103
2023-03-19,SKU_038,Distributor,East,49,41574.049999999996,0.29,1,1,1195
2023-05-25,SKU_019,Amazon,Central,46,59374.96,0.08,0,0,1403
2023-03-09,SKU_046,D2C,East,36,146484.0,0.0,0,0,4069
2023-06-01,SKU_036,Flipkart,South,99,340585.74,0.26,1,0,4649
2023-02-21,SKU_010,D2C,Central,40,172188.4,0.21,0,1,5449
2023-04-22,SKU_028,Retail,Central,70,346397.1,0.07,1,1,5321
2023-06-20,SKU_047,Flipkart,South,28,123379.20000000001,0.2,0,1,5508
2023-05-09,SKU_046,Retail,North,57,148811.04,0.16,0,0,3108
2023-05-19,SKU_015,D2C,West,59,157751.25,0.25,1,0,3565
2023-04-18,SKU_008,Amazon,West,49,76516.44,0.09,0,1,1716
2023-02-05,SKU_005,Distributor,North,38,157000.8,0.12,0,1,4695
2023-01-23,SKU_027,Flipkart,Central,44,105431.04,0.04,0,1,2496
2023-03-13,SKU_034,Distributor,Central,41,160903.68,0.27,1,0,5376
2023-04-21,SKU_036,Retail,South,98,406257.04,0.26,1,1,5602
2023-06-16,SKU_045,D2C,East,49,43098.93,0.13,1,0,1011
2023-05-16,SKU_029,Flipkart,South,60,256454.4,0.26,0,1,5776
2023-06-09,SKU_036,Retail,South,85,164016.0,0.28,1,1,2680
2023-02-14,SKU_030,Retail,North,32,101706.24,0.24,1,0,4182
2023-05-20,SKU_023,Retail,North,50,60398.0,0.08,0,0,1313
2023-03-10,SKU_004,Retail,South,44,99311.51999999999,0.16,0,0,2687
2023-02-07,SKU_013,Distributor,North,48,152240.63999999998,0.14,0,1,3688
2023-03-03,SKU_001,Retail,South,46,162582.4,0.06,1,1,3760
2023-06-22,SKU_037,Flipkart,Central,35,109704.0,0.2,1,0,3918
2023-01-08,SKU_017,Retail,West,53,56200.14,0.14,0,0,1233
2023-05-26,SKU_044,Amazon,West,28,40317.2,0.15,1,0,1694
2023-05-02,SKU_022,Retail,South,69,283823.22,0.14,0,1,4783
2023-05-13,SKU_048,D2C,North,62,89056.8,0.1,0,0,1596
2023-06-06,SKU_026,Flipkart,West,40,190963.19999999998,0.04,1,0,4973
2023-05-18,SKU_039,Retail,South,41,154149.75,0.25,0,0,5013
2023-01-21,SKU_018,Flipkart,East,55,88530.75,0.27,0,1,2205
2023-01-15,SKU_004,Retail,West,34,101147.28,0.22,0,0,3814
2023-02-28,SKU_044,Distributor,Central,86,143840.16,0.08,0,0,1818
2023-06-03,SKU_045,Distributor,West,57,51543.96,0.26,0,0,1222
2023-06-26,SKU_023,Distributor,South,57,317696.33999999997,0.03,1,0,5746
2023-04-09,SKU_025,Retail,East,63,205451.82,0.18,0,0,3977
2023-06-19,SKU_039,Retail,East,38,103553.8,0.15,0,0,3206
2023-05-16,SKU_009,Flipkart,North,71,221733.71,0.11,1,1,3509
2023-01-04,SKU_046,D2C,East,52,181356.24,0.26,1,0,4713
2023-03-19,SKU_046,D2C,East,69,73093.08,0.29,1,1,1492
2023-03-27,SKU_013,Retail,South,46,166393.5,0.09,0,1,3975
2023-01-23,SKU_009,D2C,North,76,125329.31999999999,0.27,1,1,2259
2023-06-18,SKU_038,Amazon,Central,58,153730.16,0.08,1,0,2881
2023-03-03,SKU_032,Amazon,East,93,276005.39999999997,0.05,0,0,3124
2023-01-02,SKU_045,Distributor,North,42,53526.899999999994,0.29,1,1,1795
2023-03-08,SKU_024,Distributor,Central,54,196560.0,0.09,0,1,4000
2023-04-27,SKU_013,Flipkart,North,29,110858.87999999999,0.04,0,0,3982
2023-04-20,SKU_025,Distributor,Central,39,111481.11,0.19,0,0,3529
2023-01-10,SKU_046,Retail,East,62,194481.6,0.2,0,0,3921
2023-06-28,SKU_004,Distributor,East,72,123249.6,0.1,1,1,1902
2023-05-21,SKU_007,Flipkart,South,109,508504.62,0.22,0,0,5981
2023-05-19,SKU_023,Distributor,Central,48,68761.92,0.18,0,0,1747
2023-04-09,SKU_023,Distributor,Central,31,24977.940000000002,0.22,1,0,1033
2023-03-18,SKU_027,Flipkart,East,65,197206.1,0.09,0,0,3334
2023-06-12,SKU_020,Amazon,East,27,47092.86,0.26,0,0,2357
2023-01-28,SKU_049,Retail,North,61,142178.19,0.23,1,0,3027
2023-03-29,SKU_048,Amazon,East,39,37280.88,0.16,0,1,1138
2023-05-22,SKU_028,Flipkart,East,54,159778.98,0.13,0,1,3401
2023-03-11,SKU_012,Amazon,West,71,210377.97,0.27,0,0,4059
2023-05-19,SKU_035,D2C,East,47,254711.33,0.03,1,0,5587
2023-05-05,SKU_018,Amazon,South,68,101646.4,0.26,1,0,2020
2023-06-08,SKU_032,Flipkart,East,67,107339.36,0.24,0,1,2108
2023-03-16,SKU_018,D2C,Central,12,37291.32,0.01,1,1,3139
2023-05-27,SKU_007,Retail,Central,31,143227.44,0.07,0,1,4968
2023-03-07,SKU_020,Retail,West,18,18537.12,0.16,1,1,1226
2023-01-08,SKU_014,Retail,West,90,157878.0,0.02,1,1,1790
2023-03-23,SKU_029,Amazon,East,47,230292.48,0.12,0,1,5568
2023-01-09,SKU_013,Amazon,West,85,313738.4,0.08,1,1,4012
2023-06-10,SKU_041,Distributor,South,17,71319.25,0.03,0,1,4325
2023-03-26,SKU_010,Distributor,North,38,102228.36,0.22,1,1,3449
2023-03-24,SKU_034,Amazon,East,66,314220.06,0.01,1,1,4809
2023-05-03,SKU_029,Amazon,West,53,240521.94999999998,0.15,0,1,5339
2023-01-21,SKU_020,Retail,East,60,289816.8,0.09,0,0,5308
2023-06-08,SKU_037,Amazon,South,24,85351.68,0.07,0,0,3824
2023-03-16,SKU_016,Amazon,South,77,92473.92,0.04,1,0,1251
2023-04-12,SKU_016,Distributor,North,65,140836.8,0.26,1,1,2928
2023-04-26,SKU_006,Retail,South,58,217924.56,0.16,1,1,4473
2023-02-10,SKU_039,Flipkart,North,36,178886.88,0.14,1,0,5778
2023-04-17,SKU_038,Amazon,South,56,77521.92,0.16,0,0,1648
2023-01-07,SKU_010,Flipkart,West,44,139046.16,0.07,0,1,3398
2023-01-07,SKU_014,Retail,Central,16,17179.84,0.26,0,0,1451
2023-04-27,SKU_031,D2C,Central,48,44421.6,0.17,0,0,1115
2023-04-08,SKU_043,Distributor,East,46,49672.18,0.17,0,1,1301
2023-06-16,SKU_026,Amazon,South,71,208186.2,0.1,0,1,3258
2023-04-12,SKU_014,Distributor,North,5,14808.05,0.27,1,1,4057
2023-02-19,SKU_019,Distributor,North,54,266058.0,0.0,1,1,4927
2023-03-21,SKU_033,D2C,East,26,33976.799999999996,0.28,1,1,1815
2023-03-15,SKU_031,Distributor,East,56,49056.0,0.2,0,1,1095
2023-05-29,SKU_005,D2C,North,57,196882.56,0.04,0,1,3598
2023-03-13,SKU_040,Retail,West,48,90135.84000000001,0.21,1,0,2377
2023-03-20,SKU_016,Amazon,West,66,231831.59999999998,0.3,1,1,5018
2023-05-20,SKU_007,Retail,North,25,104346.0,0.28,0,0,5797
2023-01-31,SKU_003,Flipkart,East,72,285300.72,0.29,0,0,5581
2023-05-26,SKU_001,Flipkart,West,35,38810.799999999996,0.17,0,0,1336
2023-01-24,SKU_046,Flipkart,Central,18,44958.96000000001,0.18,0,0,3046
2023-03-06,SKU_027,Amazon,South,44,106761.6,0.1,0,0,2696
2023-02-26,SKU_038,Distributor,South,8,40447.68,0.09,1,0,5556
2023-01-09,SKU_012,Flipkart,East,55,170874.0,0.28,0,0,4315
2023-01-05,SKU_009,Retail,South,44,140528.08,0.02,0,0,3259
2023-03-02,SKU_047,Distributor,South,74,306833.6,0.27,1,1,5680
2023-05-09,SKU_039,D2C,East,62,208721.76,0.22,1,1,4316
2023-05-10,SKU_017,Retail,North,22,81568.74,0.27,0,1,5079
2023-05-10,SKU_014,Amazon,West,33,44878.68,0.16,0,1,1619
2023-02-21,SKU_018,D2C,South,60,237331.80000000002,0.21,0,1,5007
2023-01-26,SKU_042,Retail,Central,66,151404.66,0.29,1,1,3231
2023-02-23,SKU_024,Retail,North,74,122020.08,0.09,0,1,1812
2023-06-12,SKU_036,Distributor,South,74,180264.0,0.25,1,0,3248
2023-03-27,SKU_007,Distributor,Central,48,116890.56,0.17,1,0,2934
2023-01-30,SKU_042,D2C,Central,57,268504.2,0.1,0,0,5234
2023-05-21,SKU_017,Distributor,West,75,415800.0,0.04,1,1,5775
2023-02-17,SKU_018,Flipkart,East,43,58924.189999999995,0.17,0,0,1651
2023-06-17,SKU_032,Flipkart,East,57,123917.43000000001,0.09,1,0,2389
2023-06-05,SKU_026,D2C,South,43,208918.08,0.04,1,1,5061
2023-03-23,SKU_020,Distributor,East,38,85279.59999999999,0.3,1,0,3206
2023-05-04,SKU_028,Retail,East,50,109042.49999999999,0.07,0,1,2345
2023-02-13,SKU_037,Distributor,South,36,126343.07999999999,0.29,1,0,4943
2023-05-19,SKU_026,Amazon,West,47,95375.21999999999,0.07,0,1,2182
2023-05-26,SKU_017,D2C,East,29,130217.25,0.25,0,0,5987
2023-02-18,SKU_043,Amazon,West,46,166272.06,0.29,1,1,5091
2023-01-20,SKU_017,Retail,South,58,170018.87999999998,0.07,0,1,3152
2023-04-05,SKU_032,Retail,South,38,165606.28,0.02,0,1,4447
2023-06-27,SKU_033,Flipkart,South,50,74333.0,0.18,1,1,1813
2023-03-10,SKU_039,D2C,West,52,58649.76,0.22,0,0,1446
2023-03-05,SKU_010,Retail,East,59,173725.5,0.25,0,0,3926
2023-04-16,SKU_011,Retail,Central,47,223280.55,0.15,1,1,5589
2023-06-20,SKU_043,Retail,South,71,285636.55,0.15,0,0,4733
2023-03-27,SKU_015,Distributor,West,7,32408.67,0.03,1,0,4773
2023-05-27,SKU_026,Retail,North,108,107422.2,0.05,1,1,1047
2023-04-09,SKU_021,Distributor,South,32,107696.64,0.26,0,1,4548
2023-05-10,SKU_001,D2C,South,58,120711.34,0.27,0,0,2851
2023-03-09,SKU_049,D2C,Central,31,115915.81999999999,0.26,1,1,5053
2023-06-18,SKU_046,Retail,East,62,132994.96,0.06,1,1,2282
2023-04-16,SKU_022,D2C,South,55,97067.3,0.21,0,0,2234
2023-05-31,SKU_040,Flipkart,Central,36,195991.91999999998,0.07,1,1,5854
2023-06-12,SKU_031,D2C,South,71,318119.76,0.02,1,1,4572
2023-01-15,SKU_045,Retail,East,46,110331.0,0.1,0,0,2665
2023-05-20,SKU_040,Retail,North,60,222768.0,0.2,0,1,4641
2023-01-18,SKU_040,Retail,South,31,75396.95999999999,0.28,0,0,3378
2023-02-15,SKU_028,Flipkart,South,49,110416.6,0.24,1,1,2965
2023-03-11,SKU_041,D2C,North,90,148536.0,0.2,0,0,2063
2023-04-11,SKU_011,Distributor,Central,69,143543.46,0.14,1,1,2419
2023-05-20,SKU_025,Flipkart,West,56,209297.19999999998,0.15,0,0,4397
2023-04-06,SKU_027,Retail,East,41,176250.8,0.12,1,1,4885
2023-05-22,SKU_040,Flipkart,West,51,252940.11,0.03,1,1,5113
2023-03-04,SKU_037,Retail,East,53,192459.96,0.01,1,0,3668
2023-06-27,SKU_008,Flipkart,East,58,74054.4,0.04,0,0,1330
2023-02-12,SKU_032,D2C,West,28,24811.920000000002,0.19,1,1,1094
2023-01-16,SKU_017,Retail,East,63,92733.48,0.02,1,0,1502
2023-04-28,SKU_033,D2C,North,28,117868.8,0.2,0,1,5262
2023-06-30,SKU_015,Distributor,East,82,126628.5,0.13,1,0,1775
2023-01-04,SKU_007,D2C,East,34,45924.479999999996,0.28,0,1,1876
2023-01-01,SKU_045,D2C,East,55,166761.1,0.21,1,0,3838
2023-02-21,SKU_045,Amazon,North,70,213138.1,0.27,1,0,4171
2023-03-06,SKU_047,D2C,North,44,65791.44,0.22,0,0,1917
2023-06-25,SKU_035,Distributor,North,56,195153.28,0.02,0,0,3556
2023-06-11,SKU_032,Retail,East,78,111516.59999999999,0.15,1,0,1682
2023-03-26,SKU_034,D2C,West,61,117337.16,0.24,1,0,2531
2023-06-12,SKU_012,Retail,West,57,315832.44,0.02,1,1,5654
2023-02-06,SKU_019,Amazon,North,16,49572.0,0.15,1,1,3645
2023-04-20,SKU_019,Flipkart,North,31,36964.4,0.12,1,0,1355
2023-04-28,SKU_028,Amazon,East,70,127568.0,0.2,1,0,2278
2023-02-04,SKU_010,Flipkart,Central,61,177919.91999999998,0.28,1,1,4051
2023-01-01,SKU_043,Amazon,East,64,171408.0,0.25,0,0,3571
2023-02-01,SKU_031,Retail,Central,62,263803.8,0.22,1,0,5455
2023-06-25,SKU_030,D2C,Central,75,321489.0,0.16,1,0,5103
2023-06-25,SKU_012,Flipkart,South,44,197463.2,0.24,1,0,5905
2023-06-21,SKU_027,Flipkart,East,52,252046.08000000002,0.19,1,1,5984
2023-06-30,SKU_006,Amazon,North,29,47974.7,0.29,1,1,2330
2023-04-02,SKU_028,Distributor,South,24,62304.0,0.12,1,1,2950
2023-04-27,SKU_020,D2C,North,17,17411.06,0.18,0,1,1249
2023-03-02,SKU_012,Distributor,West,32,50603.52,0.12,0,0,1797
2023-06-01,SKU_040,D2C,Central,81,142645.86,0.02,1,0,1797
2023-06-28,SKU_024,Flipkart,East,18,90698.4,0.05,1,0,5304
2023-06-04,SKU_048,Retail,West,43,112474.67,0.23,1,0,3397
2023-04-16,SKU_021,D2C,Central,24,45162.72,0.21,0,0,2382
2023-03-28,SKU_011,D2C,Central,37,162002.28,0.07,0,0,4708
2023-03-25,SKU_021,Flipkart,Central,53,105130.8,0.24,1,1,2610
2023-06-24,SKU_019,Distributor,East,35,85183.0,0.14,0,1,2830
2023-02-21,SKU_030,Amazon,West,71,99610.16,0.24,1,0,1846
2023-04-16,SKU_017,D2C,East,80,187464.0,0.27,1,0,3210
2023-04-05,SKU_027,Amazon,North,5,6643.2,0.04,0,1,1384
2023-06-05,SKU_046,Flipkart,East,36,116091.36,0.23,0,0,4188
2023-03-05,SKU_026,Distributor,East,51,253321.59,0.11,0,1,5581
2023-03-14,SKU_008,Flipkart,Central,72,244501.91999999998,0.26,0,0,4589
2023-06-23,SKU_042,Amazon,South,40,65111.200000000004,0.23,1,0,2114
2023-05-20,SKU_027,Distributor,West,49,135867.2,0.2,0,1,3466
2023-03-18,SKU_015,Retail,Central,26,37459.5,0.15,0,0,1695
2023-02-24,SKU_014,Amazon,Central,19,26574.92,0.27,0,0,1916
2023-03-16,SKU_015,Amazon,Central,78,137841.6,0.06,0,0,1880
2023-02-02,SKU_003,Retail,East,13,33813.0,0.25,0,0,3468
2023-01-30,SKU_025,Distributor,North,96,224886.72,0.27,0,0,3209
2023-05-14,SKU_032,D2C,North,64,180681.6,0.13,1,1,3245
2023-05-23,SKU_007,Retail,Central,63,167481.09,0.11,0,0,2987
2023-02-28,SKU_001,D2C,West,61,193716.47999999998,0.04,1,1,3308
2023-05-30,SKU_002,D2C,North,44,151851.91999999998,0.14,1,0,4013
2023-03-15,SKU_049,Amazon,Central,57,77856.3,0.13,1,1,1570
2023-06-01,SKU_027,Retail,West,46,184644.0,0.28,0,1,5575
2023-05-08,SKU_033,Flipkart,North,61,107977.31999999999,0.01,1,0,1788
2023-04-12,SKU_008,Amazon,West,49,195108.19999999998,0.14,0,0,4630
2023-01-19,SKU_027,Distributor,South,30,43814.7,0.11,1,0,1641
2023-04-16,SKU_026,Distributor,North,32,122111.36,0.03,0,1,3934
2023-05-09,SKU_045,Flipkart,West,30,36471.6,0.01,0,0,1228
2023-02-21,SKU_035,Amazon,West,69,258486.42,0.21,1,1,4742
2023-05-15,SKU_019,Amazon,South,37,99700.2,0.1,1,0,2994
2023-01-22,SKU_004,Flipkart,Central,11,37609.11,0.19,0,0,4221
2023-06-30,SKU_021,Amazon,West,57,176634.44999999998,0.27,1,1,4245
2023-03-31,SKU_047,Flipkart,North,80,243936.0,0.28,1,1,4235
2023-02-24,SKU_002,Flipkart,West,65,282568.0,0.05,0,1,4576
2023-05-03,SKU_007,Retail,East,37,73466.83,0.11,0,1,2231
2023-03-12,SKU_041,Retail,East,18,94496.22,0.09,1,0,5769
2023-06-11,SKU_046,Flipkart,East,47,178721.73,0.01,1,1,3841
2023-06-13,SKU_025,Amazon,Central,46,223111.5,0.13,0,1,5575
2023-02-06,SKU_013,Amazon,East,30,142589.7,0.01,0,1,4801
2023-03-31,SKU_021,D2C,East,61,177546.6,0.16,1,1,3465
2023-06-15,SKU_002,Retail,Central,86,408878.39999999997,0.16,1,1,5660
2023-03-27,SKU_005,Distributor,West,54,85536.0,0.28,0,0,2200
2023-01-28,SKU_048,Distributor,South,53,299225.27999999997,0.04,1,1,5881
2023-01-11,SKU_022,Distributor,East,31,40290.700000000004,0.18,1,1,1585
2023-01-16,SKU_029,Retail,East,77,360627.95999999996,0.07,1,1,5036
2023-02-19,SKU_017,Flipkart,East,48,148031.52000000002,0.09,1,0,3389
2023-04-24,SKU_045,D2C,North,38,142895.2,0.21,0,0,4760
2023-06-23,SKU_048,Flipkart,South,51,85141.44,0.04,0,1,1739
2023-06-21,SKU_039,Amazon,South,59,138522.56,0.08,1,0,2552
2023-02-02,SKU_041,D2C,Central,52,142501.84,0.27,1,0,3754
2023-06-09,SKU_038,D2C,South,74,274363.14,0.17,0,1,4467
2023-06-13,SKU_033,Retail,West,57,254010.24,0.04,1,1,4642
2023-02-16,SKU_035,Amazon,West,44,170412.0,0.25,0,0,5164
2023-01-04,SKU_016,D2C,South,58,150711.84,0.28,1,1,3609
2023-03-06,SKU_039,Amazon,East,59,162030.52,0.29,1,1,3868
2023-06-28,SKU_015,D2C,South,24,35443.200000000004,0.2,1,0,1846
2023-03-06,SKU_005,Distributor,East,72,319526.64,0.13,1,1,5101
2023-01-29,SKU_002,Distributor,South,43,143094.11,0.29,1,1,4687
2023-03-08,SKU_037,Distributor,North,44,213372.72,0.13,1,1,5574
2023-02-19,SKU_015,Retail,East,65,252688.80000000002,0.22,1,1,4984
2023-04-29,SKU_045,Amazon,South,64,350632.31999999995,0.07,1,0,5891
2023-01-01,SKU_044,Distributor,North,35,171494.4,0.04,0,0,5104
2023-04-29,SKU_005,D2C,North,66,236898.42,0.11,0,1,4033
2023-06-26,SKU_035,Flipkart,West,38,172388.52,0.07,0,0,4878
2023-06-23,SKU_047,Flipkart,North,86,195023.92,0.09,1,1,2492
2023-01-27,SKU_044,Distributor,East,33,107826.84,0.27,0,1,4476
2023-06-22,SKU_016,Flipkart,North,54,197730.72,0.12,1,1,4161
2023-06-11,SKU_018,Retail,Central,34,54923.939999999995,0.07,1,1,1737
2023-01-22,SKU_023,Distributor,South,94,245881.44,0.28,0,1,3633
2023-04-06,SKU_027,Distributor,West,25,101185.5,0.22,0,0,5189
2023-06-16,SKU_027,Flipkart,South,60,253675.2,0.18,0,1,5156
2023-03-02,SKU_015,Distributor,South,35,64615.95,0.27,1,1,2529
2023-05-11,SKU_005,Distributor,North,42,154280.7,0.19,0,0,4535
2023-04-16,SKU_031,Retail,East,59,260800.65,0.05,1,1,4653
2023-03-12,SKU_026,Flipkart,East,74,147437.6,0.15,1,1,2344
2023-04-01,SKU_031,Distributor,South,82,274790.2,0.06,0,0,3565
2023-01-19,SKU_001,Retail,South,19,77741.34999999999,0.05,0,1,4307
2023-05-24,SKU_022,Distributor,South,55,193089.6,0.08,0,0,3816
2023-04-26,SKU_039,D2C,East,79,276999.28,0.18,1,0,4276
2023-06-11,SKU_027,Amazon,East,16,66717.44,0.06,0,0,4436
2023-04-22,SKU_006,Retail,North,56,273123.2,0.11,0,1,5480
2023-06-28,SKU_012,D2C,East,49,154773.36,0.28,0,0,4387
2023-05-24,SKU_032,Distributor,South,58,230744.88,0.14,0,1,4626
2023-04-11,SKU_028,Distributor,North,34,131009.81999999999,0.13,0,1,4429
2023-05-28,SKU_017,Distributor,Central,21,54794.25,0.29,1,1,3675
2023-05-01,SKU_009,D2C,North,11,51627.619999999995,0.06,0,0,4993
2023-04-12,SKU_007,Flipkart,North,69,183716.63999999998,0.14,0,1,3096
2023-03-11,SKU_014,Flipkart,Central,72,235008.0,0.04,0,0,3400
2023-01-04,SKU_042,Distributor,Central,56,72571.52,0.03,0,0,1336
2023-02-15,SKU_023,Retail,West,39,100840.73999999999,0.27,1,0,3542
2023-05-23,SKU_034,Flipkart,South,17,21098.699999999997,0.3,1,0,1773
2023-01-02,SKU_030,D2C,South,61,191744.96,0.12,0,0,3572
2023-01-26,SKU_040,Flipkart,West,27,88601.58,0.06,0,0,3491
2023-03-09,SKU_003,D2C,East,35,66468.5,0.3,0,1,2713
2023-03-20,SKU_031,Retail,South,38,86149.8,0.1,0,1,2519
2023-05-15,SKU_049,Distributor,South,46,75013.12,0.02,1,0,1664
2023-02-23,SKU_002,Distributor,East,34,52060.8,0.2,0,0,1914
2023-06-21,SKU_016,Retail,East,50,181542.0,0.21,1,1,4596
2023-02-26,SKU_049,Distributor,East,37,35054.909999999996,0.13,1,0,1089
2023-05-21,SKU_045,Flipkart,South,64,332636.8,0.05,1,0,5471
2023-02-22,SKU_020,D2C,Central,70,298834.2,0.26,0,0,5769
2023-03-13,SKU_037,Distributor,East,52,116499.23999999999,0.07,0,0,2409
2023-02-06,SKU_007,Retail,Central,59,219069.36,0.28,1,1,5157
2023-02-25,SKU_034,Retail,East,92,276499.56,0.17,0,1,3621
2023-03-28,SKU_028,Flipkart,South,26,123896.76,0.14,1,0,5541
2023-04-12,SKU_049,Flipkart,Central,25,36186.5,0.02,0,1,1477
2023-02-20,SKU_050,Distributor,North,63,137652.47999999998,0.04,0,0,2276
2023-01-11,SKU_021,Flipkart,South,88,412896.0,0.2,0,0,5865
2023-03-11,SKU_012,Retail,East,44,211992.0,0.12,1,0,5475
2023-06-27,SKU_023,D2C,East,84,90182.4,0.12,0,0,1220
2023-03-23,SKU_024,Retail,North,51,101668.5,0.1,1,0,2215
2023-06-03,SKU_037,Distributor,West,36,111584.87999999999,0.27,1,1,4246
2023-04-16,SKU_006,Retail,North,30,133611.6,0.06,0,0,4738
2023-04-04,SKU_019,Amazon,Central,62,182019.6,0.1,1,0,3262
2023-01-25,SKU_014,D2C,South,31,113038.40000000001,0.2,1,1,4558
2023-02-25,SKU_047,Flipkart,West,51,164113.41,0.17,1,1,3877
2023-03-02,SKU_035,Retail,Central,81,233863.19999999998,0.28,0,1,4010
2023-03-07,SKU_003,Amazon,West,43,159126.66,0.11,0,0,4158
2023-05-01,SKU_029,Flipkart,East,76,278369.0,0.09,1,1,4025
2023-03-20,SKU_004,Retail,West,25,41847.0,0.13,1,1,1924
2023-04-10,SKU_011,Distributor,West,39,208278.72,0.04,1,0,5563
2023-02-07,SKU_009,D2C,North,21,56306.88,0.24,0,1,3528
2023-02-01,SKU_045,Retail,West,51,81258.29999999999,0.06,0,1,1695
2023-03-16,SKU_036,Distributor,East,65,209595.75,0.17,0,1,3885
2023-03-27,SKU_032,Distributor,East,51,122601.96,0.22,1,1,3082
2023-03-13,SKU_036,Retail,South,74,275404.32,0.28,1,0,5169
2023-04-03,SKU_035,Retail,North,35,40317.9,0.27,0,1,1578
2023-05-21,SKU_009,D2C,Central,54,194577.12,0.27,0,0,4936
2023-01-06,SKU_003,Amazon,West,39,62562.24,0.28,0,0,2228
2023-03-13,SKU_019,Retail,South,57,141752.16,0.12,1,1,2826
2023-03-27,SKU_007,Retail,East,60,249631.19999999998,0.16,1,0,4953
2023-04-25,SKU_021,D2C,West,61,214396.69999999998,0.3,0,0,5021
2023-01-29,SKU_019,Distributor,Central,28,123505.2,0.1,0,1,4901
2023-04-28,SKU_027,D2C,East,32,54100.799999999996,0.15,1,1,1989
2023-05-29,SKU_012,Amazon,East,35,65263.8,0.18,1,0,2274
2023-01-19,SKU_028,Flipkart,East,45,132852.6,0.08,1,0,3209
2023-06-14,SKU_043,Retail,South,51,234028.80000000002,0.2,1,1,5736
2023-05-19,SKU_040,Flipkart,West,64,284336.64,0.16,1,0,5289
2023-03-17,SKU_001,Amazon,East,33,59545.86,0.17,0,0,2174
2023-04-05,SKU_035,Flipkart,East,17,51362.100000000006,0.19,1,1,3730
2023-04-10,SKU_036,Flipkart,North,93,218861.55,0.13,0,0,2705
2023-03-26,SKU_023,D2C,Central,27,92318.40000000001,0.2,0,1,4274
2023-05-29,SKU_042,Retail,West,66,173949.6,0.12,1,1,2995
2023-03-08,SKU_020,Amazon,West,50,126525.0,0.25,1,0,3374
2023-04-26,SKU_035,D2C,South,55,218466.6,0.21,1,1,5028
2023-05-06,SKU_012,Distributor,East,49,70928.48,0.17,0,1,1744
2023-01-29,SKU_047,Retail,South,42,46016.880000000005,0.09,1,0,1204
2023-02-22,SKU_016,Distributor,Central,59,72279.13,0.23,1,0,1591
2023-01-13,SKU_018,Distributor,North,41,128195.51999999999,0.04,1,1,3257
2023-04-21,SKU_003,Amazon,East,73,171954.41999999998,0.17,1,0,2838
2023-04-19,SKU_028,Amazon,South,61,136865.7,0.1,1,1,2493
2023-02-09,SKU_006,Amazon,North,61,106759.15,0.29,1,1,2465
2023-03-12,SKU_027,Amazon,Central,39,79971.84,0.04,1,0,2136
2023-04-03,SKU_002,Flipkart,West,45,175225.94999999998,0.07,0,1,4187
2023-04-01,SKU_009,Flipkart,East,26,22190.48,0.24,0,1,1123
2023-01-01,SKU_020,Amazon,East,42,123139.8,0.13,1,0,3370
2023-05-19,SKU_039,Flipkart,South,29,116506.34,0.11,0,1,4514
2023-05-25,SKU_016,D2C,East,76,132592.63999999998,0.06,0,1,1856
2023-02-05,SKU_005,Distributor,East,51,79935.36,0.21,1,1,1984
2023-04-25,SKU_004,Amazon,South,53,196970.79,0.27,1,0,5091
2023-02-02,SKU_009,Amazon,West,45,111899.7,0.11,1,1,2794
2023-03-14,SKU_007,Flipkart,South,53,217598.91999999998,0.14,0,1,4774
2023-06-24,SKU_032,D2C,North,99,273685.5,0.25,1,0,3686
2023-04-27,SKU_048,Flipkart,North,43,166115.88,0.02,0,0,3942
2023-03-07,SKU_036,Retail,Central,36,170004.96000000002,0.08,1,1,5133
2023-02-12,SKU_007,Distributor,North,60,74617.2,0.06,0,0,1323
2023-05-30,SKU_041,Distributor,East,0,0.0,0.17,1,1,3762
2023-05-09,SKU_008,Retail,East,51,231410.96999999997,0.07,0,0,4879
2023-06-20,SKU_036,Distributor,North,42,127480.92,0.06,0,1,3229
2023-03-06,SKU_020,Flipkart,Central,30,93240.0,0.25,1,1,4144
2023-04-06,SKU_033,Amazon,Central,60,58535.4,0.23,0,1,1267
2023-04-18,SKU_046,Flipkart,West,51,43668.24,0.23,0,1,1112
2023-05-23,SKU_031,Flipkart,South,13,39497.64,0.16,1,0,3617
2023-03-22,SKU_015,Amazon,South,37,46700.29,0.09,1,0,1387
2023-06-13,SKU_027,Flipkart,East,0,0.0,0.03,1,0,2916
2023-04-25,SKU_042,Amazon,North,55,152257.6,0.18,0,0,3376
2023-04-25,SKU_044,D2C,West,55,192654.0,0.28,1,0,4865
2023-02-04,SKU_014,Amazon,North,34,168106.53999999998,0.17,0,0,5957
2023-02-28,SKU_034,Flipkart,West,60,252543.6,0.13,0,0,4838
2023-02-25,SKU_018,Retail,North,24,29030.399999999998,0.04,0,1,1260
2023-06-22,SKU_010,Retail,South,30,120612.0,0.05,0,0,4232
2023-06-15,SKU_008,Distributor,North,58,271885.44,0.04,0,1,4883
2023-06-09,SKU_028,Retail,North,36,53032.32,0.28,0,0,2046
2023-04-19,SKU_043,Retail,South,48,100317.12,0.17,1,0,2518
2023-05-31,SKU_026,Amazon,East,38,200740.32,0.08,1,0,5742
2023-04-29,SKU_020,Flipkart,South,41,78891.37999999999,0.06,0,0,2047
2023-01-22,SKU_041,Flipkart,East,42,151089.12,0.22,0,0,4612
2023-06-19,SKU_044,D2C,North,35,129386.95,0.23,0,1,4801
2023-01-10,SKU_014,Distributor,East,56,243886.72,0.12,0,1,4949
2023-01-26,SKU_024,Amazon,North,37,47906.86,0.18,1,0,1579
2023-02-13,SKU_018,Amazon,West,50,163880.0,0.2,0,1,4097
2023-05-12,SKU_049,Amazon,North,35,175971.25,0.09,1,0,5525
2023-01-27,SKU_043,Flipkart,East,19,22998.36,0.23,0,0,1572
2023-01-10,SKU_016,Retail,South,68,227847.6,0.15,1,1,3942
2023-06-28,SKU_006,Distributor,Central,59,137461.15,0.15,0,0,2741
2023-04-15,SKU_009,Retail,North,95,177555.0,0.16,0,1,2225
2023-05-12,SKU_002,Retail,Central,29,75771.2,0.08,0,1,2840
2023-01-20,SKU_020,Amazon,Central,45,79886.7,0.26,0,0,2399
2023-05-26,SKU_018,Retail,North,47,139031.63999999998,0.17,1,0,3564
2023-06-06,SKU_040,Flipkart,North,69,306115.74,0.02,0,1,4527
2023-03-08,SKU_032,Distributor,Central,39,55794.96,0.28,0,0,1987
2023-03-18,SKU_033,Flipkart,West,26,26142.48,0.16,1,0,1197
2023-02-11,SKU_036,Flipkart,West,74,208031.76,0.24,1,0,3699
2023-03-12,SKU_011,D2C,East,43,157153.82,0.18,0,0,4457
2023-02-15,SKU_050,Retail,West,67,214511.22,0.01,0,0,3234
2023-06-01,SKU_031,Flipkart,North,65,318893.9,0.18,1,0,5983
2023-06-02,SKU_023,Flipkart,West,49,63685.3,0.18,0,0,1585
2023-01-14,SKU_007,Distributor,East,46,111504.0,0.2,0,1,3030
2023-06-24,SKU_019,Amazon,North,42,147223.44,0.16,1,1,4173
2023-03-31,SKU_022,Distributor,North,49,139159.51,0.11,1,0,3191
2023-04-29,SKU_006,Amazon,South,67,332445.95999999996,0.16,1,1,5907
2023-06-10,SKU_032,Flipkart,West,34,79613.04000000001,0.22,1,0,3002
2023-03-19,SKU_033,Amazon,Central,52,188872.32,0.16,1,1,4324
2023-03-31,SKU_044,Flipkart,South,27,55728.0,0.04,0,1,2150
2023-04-16,SKU_008,Retail,North,30,49041.3,0.23,0,0,2123
2023-05-15,SKU_015,Retail,East,49,73149.65,0.27,1,0,2045
2023-04-04,SKU_024,Flipkart,Central,10,32139.0,0.1,0,1,3571
2023-06-09,SKU_001,Flipkart,North,91,192754.38,0.14,1,1,2463
2023-05-01,SKU_008,Distributor,South,26,27726.399999999998,0.14,1,1,1240
2023-02-18,SKU_035,Retail,Central,49,267375.36,0.04,0,0,5684
2023-06-06,SKU_043,Amazon,North,73,365896.44,0.09,1,1,5508
2023-02-03,SKU_038,Distributor,South,32,88515.84,0.11,1,0,3108
2023-01-11,SKU_021,Flipkart,Central,3,3448.17,0.01,1,1,1161
2023-04-02,SKU_040,Amazon,West,41,218748.53,0.09,0,0,5863
2023-03-05,SKU_026,Amazon,South,32,156506.24,0.06,0,0,5203
2023-06-19,SKU_042,Distributor,East,4,17137.92,0.04,0,1,4463
2023-06-04,SKU_001,Retail,East,55,289449.6,0.04,0,0,5482
2023-05-09,SKU_006,Distributor,East,54,139849.2,0.08,1,1,2815
2023-05-08,SKU_017,D2C,South,72,164054.16,0.03,1,1,2349
2023-02-10,SKU_031,Amazon,Central,27,84547.8,0.15,1,1,3684
2023-06-10,SKU_048,Amazon,East,18,27563.76,0.16,0,0,1823
2023-01-15,SKU_041,Retail,North,41,65777.12,0.26,1,0,2168
2023-02-08,SKU_046,Retail,Central,48,121752.0,0.05,0,0,2670
2023-03-12,SKU_041,Distributor,South,68,256835.32,0.21,1,1,4781
2023-05-28,SKU_006,D2C,South,78,435552.0,0.0,1,1,5584
2023-06-16,SKU_014,Amazon,North,74,173049.0,0.25,0,1,3118
2023-04-20,SKU_034,Flipkart,Central,55,182209.5,0.19,0,0,4090
2023-02-08,SKU_003,Distributor,North,65,287537.25,0.23,1,0,5745
2023-03-07,SKU_013,Distributor,Central,37,93723.96,0.24,0,1,3333
2023-04-11,SKU_007,Flipkart,Central,53,105542.08,0.02,1,0,2032
2023-04-04,SKU_015,Amazon,East,26,82520.36,0.26,0,1,4289
2023-01-25,SKU_007,D2C,Central,51,192063.96,0.01,0,0,3804
2023-03-17,SKU_019,Retail,South,51,180234.0,0.0,1,1,3534
2023-01-28,SKU_004,Retail,West,84,240447.47999999998,0.03,1,1,2951
2023-04-20,SKU_045,Retail,North,45,110322.0,0.1,1,0,2724
2023-04-30,SKU_048,Flipkart,North,51,190683.39,0.11,0,0,4201
2023-02-14,SKU_003,Retail,West,54,186896.16,0.12,1,0,3933
2023-06-27,SKU_024,Distributor,East,40,86363.2,0.23,0,1,2804
2023-02-06,SKU_021,Amazon,South,33,128842.56,0.04,0,1,4067
2023-01-14,SKU_046,Retail,East,75,231117.00000000003,0.18,1,0,3758
2023-02-06,SKU_043,Retail,Central,30,65520.0,0.2,1,1,2730
2023-04-17,SKU_001,D2C,West,23,94277.92,0.12,1,1,4658
2023-03-24,SKU_008,Amazon,East,63,337024.8,0.1,0,0,5944
2023-02-15,SKU_040,Flipkart,North,73,234955.61,0.27,1,0,4409
2023-06-11,SKU_017,Retail,Central,40,165384.8,0.02,1,0,4219
2023-04-29,SKU_042,Distributor,East,41,73905.37,0.23,0,1,2341
2023-03-17,SKU_042,D2C,North,55,128871.6,0.22,1,1,3004
2023-06-19,SKU_015,Flipkart,Central,35,97387.5,0.25,0,1,3710
2023-04-16,SKU_049,Retail,West,34,69125.40000000001,0.1,1,0,2259
2023-06-19,SKU_042,Retail,North,67,206388.81000000003,0.19,0,1,3803
2023-04-11,SKU_038,Distributor,West,62,273877.56,0.03,1,1,4554
2023-02-08,SKU_036,D2C,North,76,118047.0,0.05,0,1,1635
2023-02-15,SKU_003,Retail,North,24,54345.12,0.14,0,0,2633
2023-03-24,SKU_040,Retail,West,39,102282.18000000001,0.09,1,1,2882
2023-03-23,SKU_034,Amazon,South,55,236082.0,0.27,0,1,5880
2023-03-18,SKU_022,Distributor,Central,31,109524.54999999999,0.05,0,0,3719
2023-03-08,SKU_017,Amazon,East,62,146419.2,0.2,0,1,2952
2023-05-10,SKU_004,Retail,East,74,283190.6,0.3,0,0,5467
2023-03-16,SKU_018,Flipkart,East,38,175088.04,0.18,1,1,5619
2023-06-10,SKU_042,Flipkart,East,50,59853.0,0.29,1,1,1686
2023-04-23,SKU_035,Distributor,East,79,270590.01,0.07,0,0,3683
2023-06-16,SKU_020,Amazon,Central,85,312155.7,0.03,1,0,3786
2023-05-18,SKU_019,D2C,West,64,95060.48,0.29,0,1,2092
2023-01-24,SKU_021,Amazon,North,61,333171.63,0.01,0,1,5517
2023-04-02,SKU_046,Amazon,East,32,49783.04,0.08,1,1,1691
2023-04-08,SKU_021,D2C,West,57,148022.16,0.12,0,0,2951
2023-04-13,SKU_008,Amazon,North,61,129009.51000000001,0.19,0,1,2611
2023-03-11,SKU_043,D2C,West,45,215433.9,0.06,0,1,5093
2023-02-08,SKU_011,Amazon,South,38,46410.920000000006,0.21,0,0,1546
2023-06-23,SKU_041,Amazon,South,24,57152.16,0.22,1,0,3053
2023-04-20,SKU_020,D2C,North,15,53262.0,0.12,0,0,4035
2023-05-22,SKU_038,Distributor,South,11,38903.04,0.28,1,1,4912
2023-01-29,SKU_033,Amazon,East,61,254214.45,0.19,1,0,5145
2023-05-18,SKU_038,Amazon,West,52,136216.08,0.02,0,0,2673
2023-01-08,SKU_003,Distributor,East,40,169490.0,0.15,0,1,4985
2023-01-25,SKU_036,Amazon,South,43,36254.159999999996,0.28,0,0,1171
2023-05-22,SKU_036,Flipkart,North,54,199802.69999999998,0.15,1,0,4353
2023-06-07,SKU_018,Flipkart,Central,46,147640.68,0.01,0,0,3242
2023-05-30,SKU_029,D2C,North,23,30390.129999999997,0.29,0,0,1861
2023-06-11,SKU_013,Distributor,East,68,81608.16,0.27,1,0,1644
2023-01-06,SKU_016,Amazon,East,56,268985.92,0.08,1,1,5221
2023-05-22,SKU_022,Retail,West,55,242191.95,0.09,0,0,4839
2023-06-12,SKU_002,Retail,East,66,284644.8,0.28,0,1,5990
2023-03-20,SKU_018,Retail,North,33,167327.16,0.09,1,0,5572
2023-05-15,SKU_014,Retail,West,74,299811.0,0.26,1,0,5475
2023-02-10,SKU_022,Amazon,Central,47,165100.66,0.06,1,1,3737
2023-03-28,SKU_014,Retail,South,67,348049.59,0.13,0,1,5971
2023-01-20,SKU_013,Distributor,North,64,123253.76,0.24,1,1,2534
2023-01-13,SKU_048,Amazon,South,29,27288.13,0.27,1,0,1289
2023-06-19,SKU_036,Distributor,East,60,316822.2,0.11,1,0,5933
2023-01-06,SKU_007,Distributor,Central,56,105822.08,0.08,0,0,2054
2023-03-02,SKU_039,Distributor,South,50,54943.0,0.06,0,0,1169
2023-06-22,SKU_010,Distributor,South,48,181621.44,0.01,0,0,3822
2023-02-13,SKU_041,Retail,South,48,214668.0,0.11,0,0,5025
2023-05-28,SKU_013,Distributor,South,66,240514.56,0.22,0,0,4672
2023-02-05,SKU_043,Distributor,North,61,151721.63999999998,0.06,1,0,2646
2023-04-03,SKU_029,D2C,East,50,54327.0,0.09,1,0,1194
2023-01-11,SKU_011,Distributor,West,20,76160.0,0.2,1,1,4760
2023-03-17,SKU_047,Distributor,East,59,245834.12000000002,0.08,0,0,4529
2023-06-22,SKU_011,Distributor,East,64,321868.8,0.01,0,1,5080
2023-02-27,SKU_043,Flipkart,Central,96,239359.68,0.07,0,1,2681
2023-05-03,SKU_007,Distributor,East,71,272162.88,0.12,0,0,4356
2023-01-30,SKU_001,Distributor,Central,12,44193.840000000004,0.11,0,1,4138
2023-02-24,SKU_004,D2C,South,51,112149.0,0.25,1,1,2932
2023-06-16,SKU_050,Distributor,East,86,92745.84,0.24,1,1,1419
2023-03-05,SKU_038,Amazon,North,62,321352.2,0.1,1,1,5759
2023-06-15,SKU_044,Distributor,Central,56,274656.48,0.14,0,1,5703
2023-05-20,SKU_020,Retail,North,68,92820.0,0.25,0,0,1820
2023-01-29,SKU_005,Retail,West,37,74718.54000000001,0.22,1,1,2589
2023-04-22,SKU_050,Flipkart,West,59,160188.54,0.26,1,1,3669
2023-03-04,SKU_032,Flipkart,South,44,232392.6,0.01,0,0,5335
2023-03-04,SKU_037,Distributor,Central,49,193148.69,0.11,0,0,4429
2023-02-03,SKU_008,Amazon,East,66,254257.08,0.02,1,0,3931
2023-01-13,SKU_050,Flipkart,East,31,41377.56,0.16,1,1,1589
2023-01-11,SKU_006,Flipkart,East,75,260280.0,0.2,1,0,4338
2023-02-21,SKU_013,Flipkart,Central,41,107868.54000000001,0.22,1,0,3373
2023-06-25,SKU_006,Distributor,West,55,53044.2,0.24,1,1,1269
2023-03-20,SKU_005,Amazon,North,21,33830.79,0.29,1,0,2269
2023-04-22,SKU_049,D2C,Central,64,81902.08,0.08,0,0,1391
2023-04-04,SKU_031,Amazon,North,78,260529.36000000002,0.21,0,0,4228
2023-03-24,SKU_026,Flipkart,Central,39,151121.88,0.02,1,1,3954
2023-03-19,SKU_027,Distributor,West,27,45096.479999999996,0.27,0,1,2288
2023-02-03,SKU_034,Amazon,South,55,187733.7,0.19,1,1,4214
2023-05-09,SKU_047,Retail,North,79,90300.15999999999,0.06,1,1,1216
2023-04-11,SKU_037,D2C,South,21,93247.98,0.02,1,1,4531
2023-03-09,SKU_033,Distributor,East,27,90973.8,0.15,0,0,3964
2023-04-23,SKU_003,Amazon,East,40,211405.6,0.02,1,0,5393
2023-05-13,SKU_036,Amazon,East,33,94704.06,0.06,0,1,3053
2023-05-30,SKU_044,Retail,South,33,50775.119999999995,0.28,1,0,2137
2023-03-24,SKU_033,Amazon,West,8,36101.52,0.13,1,0,5187
2023-02-05,SKU_002,Flipkart,East,61,215543.5,0.26,1,0,4775
2023-03-06,SKU_001,Retail,North,56,132224.4,0.01,0,0,2385
2023-01-25,SKU_048,Retail,West,16,44187.52,0.06,1,0,2938
2023-06-30,SKU_039,Retail,East,79,113617.8,0.15,1,1,1692
2023-05-25,SKU_001,Flipkart,North,83,298839.84,0.22,1,1,4616
2023-03-31,SKU_025,D2C,South,34,82516.98,0.09,0,0,2667
2023-03-16,SKU_042,D2C,North,73,154297.91,0.29,1,1,2977
2023-02-16,SKU_033,D2C,East,38,126286.16,0.23,1,0,4316
2023-02-28,SKU_015,Retail,West,53,291435.33999999997,0.02,1,0,5611
2023-04-12,SKU_029,Retail,Central,33,36490.409999999996,0.13,0,1,1271
2023-05-14,SKU_022,Distributor,Central,94,351293.04,0.16,1,1,4449
2023-05-19,SKU_028,Distributor,East,44,64425.24,0.13,0,1,1683
2023-06-21,SKU_044,Distributor,West,52,183514.24000000002,0.08,1,0,3836
2023-02-18,SKU_021,Distributor,South,36,179902.08,0.13,0,0,5744
2023-01-10,SKU_004,Distributor,South,87,101865.68999999999,0.07,1,1,1259
2023-02-22,SKU_018,Flipkart,Central,87,274115.25,0.25,1,0,4201
2023-03-23,SKU_034,Retail,Central,82,225254.00000000003,0.18,1,1,3350
2023-01-11,SKU_024,D2C,South,69,115140.3,0.26,0,0,2255
2023-02-04,SKU_016,Retail,East,37,117119.8,0.24,0,0,4165
2023-02-20,SKU_041,D2C,East,66,286686.83999999997,0.06,1,0,4621
2023-06-06,SKU_034,Distributor,Central,49,160568.1,0.01,1,1,3310
2023-06-03,SKU_019,Retail,East,76,242008.31999999998,0.07,1,0,3424
2023-05-30,SKU_043,D2C,West,72,134136.0,0.08,0,1,2025
2023-03-16,SKU_030,Retail,South,37,40665.96,0.14,0,1,1278
2023-04-30,SKU_045,Retail,East,68,205836.0,0.25,1,1,4036
2023-03-28,SKU_019,Retail,South,63,265509.09,0.19,0,0,5203
2023-05-11,SKU_034,Amazon,Central,0,0.0,0.23,0,1,2211
2023-06-27,SKU_039,Retail,North,66,341095.92,0.06,0,0,5498
2023-03-12,SKU_025,D2C,North,41,242269.0,0.0,1,1,5909
2023-03-20,SKU_037,Flipkart,East,32,36078.72,0.14,0,1,1311
2023-03-17,SKU_035,Amazon,South,33,128850.48,0.13,1,1,4488
2023-03-16,SKU_021,Distributor,South,47,86645.91,0.13,0,1,2119
2023-06-28,SKU_023,Retail,West,59,207771.44999999998,0.15,1,1,4143
2023-04-11,SKU_011,Flipkart,South,22,120046.08,0.04,1,1,5684
2023-02-24,SKU_011,Retail,West,53,225487.44,0.28,0,1,5909
2023-06-10,SKU_040,Amazon,West,61,136657.08,0.16,0,1,2667
2023-01-16,SKU_005,Retail,South,87,169263.72,0.07,0,0,2092
2023-06-07,SKU_048,D2C,Central,28,32749.920000000002,0.24,1,1,1539
2023-01-09,SKU_023,Distributor,South,43,66707.62,0.02,1,1,1583
2023-02-12,SKU_026,Distributor,East,55,94802.4,0.16,0,1,2052
2023-03-15,SKU_043,Retail,West,72,121533.12,0.24,1,0,2221
2023-02-08,SKU_009,Amazon,West,43,132110.19,0.19,1,1,3793
2023-01-01,SKU_004,Amazon,Central,73,323839.68,0.04,1,0,4621
2023-04-30,SKU_029,Retail,North,11,16214.88,0.26,1,1,1992
2023-01-28,SKU_037,D2C,West,24,62324.64000000001,0.19,0,1,3206
2023-06-01,SKU_026,Amazon,South,56,151297.44,0.26,0,0,3651
2023-03-09,SKU_016,Distributor,North,21,54578.159999999996,0.02,1,0,2652
2023-05-04,SKU_048,D2C,Central,26,25800.059999999998,0.03,1,0,1023
2023-01-28,SKU_049,Flipkart,Central,39,52060.32000000001,0.19,0,1,1648
2023-05-22,SKU_042,Flipkart,West,65,238075.5,0.13,0,1,4210
2023-05-01,SKU_047,Distributor,Central,12,29006.88,0.03,1,1,2492
2023-06-25,SKU_036,D2C,Central,53,132083.41999999998,0.02,0,1,2543
2023-02-04,SKU_029,Amazon,West,70,232646.4,0.28,1,0,4616
2023-03-05,SKU_002,Distributor,North,46,96825.4,0.3,0,1,3007
2023-01-06,SKU_003,Retail,East,42,56742.840000000004,0.11,0,0,1518
2023-01-08,SKU_010,Flipkart,East,58,50433.9,0.15,0,0,1023
2023-05-26,SKU_021,Distributor,North,46,226318.15999999997,0.06,1,1,5234
2023-06-23,SKU_039,D2C,West,77,342351.24,0.21,1,0,5628
2023-05-24,SKU_026,D2C,North,27,73846.08,0.23,1,0,3552
2023-01-20,SKU_002,Flipkart,North,48,177253.91999999998,0.03,1,0,3807
2023-04-11,SKU_002,Amazon,North,54,144544.5,0.17,0,1,3225
2023-05-26,SKU_035,Retail,South,42,89735.09999999999,0.05,1,0,2249
2023-02-08,SKU_016,D2C,Central,0,0.0,0.12,1,1,4979
2023-05-03,SKU_008,D2C,West,46,224730.24,0.16,1,0,5816
2023-04-24,SKU_009,Distributor,South,68,292699.2,0.15,1,1,5064
2023-02-11,SKU_041,Distributor,North,65,176527.0,0.26,1,0,3670
2023-01-19,SKU_013,Distributor,Central,57,146406.78,0.26,0,0,3471
2023-05-02,SKU_018,D2C,South,28,52819.200000000004,0.1,1,1,2096
2023-04-24,SKU_022,Flipkart,Central,57,132522.72,0.12,0,0,2642
2023-03-06,SKU_018,Retail,Central,38,160977.12,0.24,1,0,5574
2023-06-09,SKU_029,Amazon,South,57,225960.54,0.21,0,0,5018
2023-04-23,SKU_050,Distributor,East,52,219819.6,0.01,1,1,4270
2023-03-12,SKU_014,Distributor,West,30,135641.7,0.13,1,1,5197
2023-04-12,SKU_041,Flipkart,West,32,36648.96,0.04,0,1,1193
2023-05-10,SKU_015,Flipkart,West,57,117394.34999999999,0.15,0,0,2423
2023-06-24,SKU_039,D2C,West,45,92901.6,0.12,0,0,2346
2023-04-28,SKU_026,Amazon,North,33,54961.83,0.23,1,0,2163
2023-03-26,SKU_041,D2C,Central,31,104194.09999999999,0.05,0,0,3538
2023-03-06,SKU_017,Distributor,West,43,183223.43,0.27,0,0,5837
2023-02-11,SKU_006,Amazon,East,81,146609.19,0.09,0,1,1989
2023-06-04,SKU_015,D2C,West,39,143705.25,0.25,0,1,4913
2023-01-07,SKU_018,Distributor,North,49,176103.06,0.14,0,1,4179
2023-06-03,SKU_030,Flipkart,East,52,181092.59999999998,0.29,1,0,4905
2023-05-21,SKU_005,D2C,West,27,69664.32,0.12,0,0,2932
2023-04-10,SKU_005,Distributor,North,14,33929.0,0.26,1,1,3275
2023-05-30,SKU_017,Distributor,North,29,138217.48,0.14,1,0,5542
2023-06-16,SKU_039,Retail,North,54,49954.32,0.22,0,0,1186
2023-06-10,SKU_027,Amazon,Central,51,139880.25,0.25,1,0,3657
2023-01-25,SKU_039,Distributor,East,64,74806.4,0.03,0,1,1205
2023-02-10,SKU_002,Retail,South,51,160458.75,0.25,0,1,4195
2023-06-21,SKU_025,Distributor,North,47,69689.72,0.24,1,0,1951
2023-02-07,SKU_048,Distributor,South,37,116689.12000000001,0.08,0,1,3428
2023-01-26,SKU_044,Flipkart,South,67,307034.87,0.11,0,1,5149
2023-04-05,SKU_007,D2C,West,31,45696.479999999996,0.17,1,1,1776
2023-04-27,SKU_047,Retail,North,27,93283.65,0.07,1,0,3715
2023-04-14,SKU_042,Flipkart,West,61,162474.72,0.07,0,0,2864
2023-04-14,SKU_004,Distributor,East,23,85236.16,0.26,0,0,5008
2023-06-10,SKU_019,Amazon,East,98,423940.16000000003,0.24,1,1,5692
2023-06-15,SKU_014,Flipkart,West,51,92505.84000000001,0.21,1,1,2296
2023-03-06,SKU_022,Retail,South,56,247282.0,0.15,0,0,5195
2023-01-08,SKU_038,Retail,East,33,106722.0,0.23,0,0,4200
2023-02-01,SKU_015,Distributor,North,43,51027.24,0.13,0,1,1364
2023-04-25,SKU_013,Flipkart,Central,41,43187.76,0.23,0,1,1368
2023-01-05,SKU_045,Amazon,West,39,133943.16,0.24,1,0,4519
2023-01-19,SKU_024,Flipkart,East,62,234639.0,0.1,1,0,4205
2023-01-11,SKU_040,Flipkart,East,41,169626.84,0.08,0,1,4497
2023-05-18,SKU_009,Retail,Central,70,107307.2,0.12,1,0,1742
2023-03-12,SKU_003,D2C,South,103,156369.45,0.13,0,0,1745
2023-03-03,SKU_010,Retail,South,44,133121.12,0.14,0,1,3518
2023-05-22,SKU_008,Flipkart,South,53,206551.06999999998,0.29,0,0,5489
2023-03-29,SKU_033,Retail,North,57,240648.87,0.23,1,0,5483
2023-06-11,SKU_036,Flipkart,North,86,276706.72,0.26,1,1,4348
2023-06-26,SKU_014,D2C,Central,48,177523.2,0.2,1,0,4623
2023-03-27,SKU_020,Flipkart,East,33,144559.14,0.11,1,0,4922
2023-03-30,SKU_036,D2C,South,24,58505.76,0.13,1,0,2802
2023-06-23,SKU_044,Amazon,South,48,249100.32,0.11,0,0,5831
2023-01-22,SKU_038,D2C,West,41,33102.58,0.21,0,1,1022
2023-06-30,SKU_026,Amazon,North,90,336448.8,0.17,0,1,4504
2023-01-05,SKU_012,D2C,Central,85,421498.0,0.12,1,0,5635
2023-04-18,SKU_030,Flipkart,Central,29,146572.38,0.14,0,1,5877
2023-01-25,SKU_043,D2C,West,35,64772.4,0.12,1,0,2103
2023-03-19,SKU_017,D2C,South,51,285835.62,0.02,1,0,5719
2023-05-07,SKU_006,D2C,South,77,132975.15,0.13,1,1,1985
2023-03-12,SKU_035,D2C,North,51,193950.45,0.19,0,0,4695
2023-03-28,SKU_011,Distributor,South,37,125569.48999999999,0.27,1,1,4649
2023-04-23,SKU_001,Distributor,West,48,223847.04,0.08,1,1,5069
2023-04-29,SKU_023,Retail,East,37,100111.64,0.08,0,0,2941
2023-02-28,SKU_037,Amazon,South,62,227850.0,0.02,1,0,3750
2023-06-28,SKU_028,D2C,East,35,115949.4,0.24,1,1,4359
2023-06-09,SKU_048,Retail,South,39,81888.3,0.1,0,1,2333
2023-04-07,SKU_029,D2C,East,73,79494.08,0.17,0,0,1312
2023-02-17,SKU_039,Retail,East,34,85921.4,0.26,1,0,3415
2023-06-08,SKU_021,Retail,West,21,42806.61,0.29,1,0,2871
2023-02-21,SKU_017,Distributor,North,51,201702.44999999998,0.17,1,0,4765
2023-06-18,SKU_002,Retail,Central,42,33642.0,0.25,0,0,1068
2023-01-25,SKU_030,Flipkart,Central,60,230472.0,0.12,1,0,4365
2023-01-29,SKU_048,Amazon,East,56,140011.2,0.1,1,0,2778
2023-04-07,SKU_016,Retail,North,49,194610.36000000002,0.08,0,1,4317
2023-06-05,SKU_034,Amazon,West,48,64042.56,0.26,0,0,1803
2023-05-12,SKU_014,Flipkart,East,35,151114.6,0.08,0,1,4693
2023-01-22,SKU_011,Flipkart,West,51,170632.22999999998,0.17,1,0,4031
2023-02-20,SKU_021,Distributor,Central,67,268079.06,0.26,1,0,5407
2023-01-30,SKU_040,Amazon,West,30,77940.0,0.25,0,1,3464
2023-03-31,SKU_025,Retail,West,49,113209.59999999999,0.05,1,0,2432
2023-03-24,SKU_015,Flipkart,West,70,241101.0,0.1,1,0,3827
2023-05-08,SKU_015,Distributor,North,60,269614.8,0.09,1,0,4938
2023-03-12,SKU_003,Flipkart,South,76,135869.76,0.22,0,1,2292
2023-06-03,SKU_012,Retail,South,38,73431.95999999999,0.14,0,1,2247
2023-02-01,SKU_014,D2C,Central,13,25604.67,0.17,1,1,2373
2023-01-04,SKU_050,Flipkart,Central,54,200581.92,0.23,0,0,4824
2023-04-07,SKU_016,D2C,East,57,236743.8,0.05,1,0,4372
2023-02-16,SKU_030,Distributor,South,77,319958.10000000003,0.1,0,0,4617
2023-04-29,SKU_037,Flipkart,West,73,221762.32,0.08,1,0,3302
2023-04-13,SKU_046,Distributor,East,60,168436.8,0.28,1,0,3899
2023-02-06,SKU_012,Retail,South,65,218935.59999999998,0.29,1,1,4744
2023-06-14,SKU_026,Retail,North,46,103394.2,0.09,0,0,2470
2023-05-23,SKU_014,Retail,Central,25,80176.25,0.15,0,0,3773
2023-02-08,SKU_035,Flipkart,Central,52,216529.04,0.02,0,0,4249
2023-04-09,SKU_008,Distributor,South,69,148005.0,0.22,0,1,2750
2023-06-25,SKU_044,Retail,East,63,142914.24,0.04,1,0,2363
2023-06-12,SKU_024,Distributor,West,66,238249.44,0.22,0,0,4628
2023-05-22,SKU_032,Flipkart,South,41,106559.0,0.0,0,0,2599
2023-05-07,SKU_012,Flipkart,South,44,44916.96,0.06,1,0,1086
2023-06-25,SKU_012,Retail,North,59,259149.24,0.02,0,0,4482
2023-02-19,SKU_004,D2C,Central,39,212222.4,0.05,0,0,5728
2023-03-21,SKU_036,Flipkart,West,39,207904.31999999998,0.04,0,0,5553
2023-01-30,SKU_027,Flipkart,Central,55,158422.0,0.24,1,1,3790
2023-03-05,SKU_042,Flipkart,East,65,93138.5,0.11,0,1,1610
2023-06-16,SKU_042,Amazon,Central,46,132186.06,0.13,0,0,3303
2023-01-26,SKU_003,D2C,West,26,133412.76,0.13,1,1,5898
2023-05-21,SKU_022,Amazon,North,35,147766.5,0.1,1,1,4691
2023-03-16,SKU_034,Flipkart,Central,54,122617.8,0.13,1,1,2610
2023-05-28,SKU_036,Distributor,South,53,304861.3,0.03,0,1,5930
2023-05-29,SKU_018,Distributor,East,54,146133.72,0.26,1,1,3657
2023-02-09,SKU_036,Amazon,North,60,180230.4,0.04,0,0,3129
2023-01-03,SKU_029,Flipkart,North,50,46860.0,0.29,0,0,1320
2023-04-19,SKU_019,Flipkart,East,55,179932.5,0.1,1,0,3635
2023-05-12,SKU_040,Flipkart,Central,49,157437.0,0.25,0,0,4284
2023-06-24,SKU_006,Distributor,Central,72,378792.72,0.07,0,0,5657
2023-04-30,SKU_034,Amazon,North,78,136210.62,0.09,1,1,1919
2023-01-12,SKU_046,D2C,North,26,90567.36,0.18,1,1,4248
2023-04-28,SKU_024,Retail,Central,44,85805.72,0.09,0,0,2143
2023-01-12,SKU_029,Flipkart,West,50,73304.0,0.12,0,1,1666
2023-02-28,SKU_042,Retail,East,44,61603.52,0.12,0,0,1591
2023-05-06,SKU_050,Distributor,East,85,289794.75,0.15,1,0,4011
2023-03-01,SKU_028,Distributor,Central,54,78973.38,0.13,0,0,1681
2023-03-04,SKU_038,Flipkart,North,33,91171.08,0.22,1,1,3542
2023-02-21,SKU_024,Flipkart,Central,61,187248.04,0.24,1,1,4039
2023-03-26,SKU_022,D2C,West,55,57412.3,0.18,0,1,1273
2023-01-27,SKU_016,D2C,South,56,214533.19999999998,0.15,1,1,4507
2023-03-18,SKU_021,Amazon,North,86,267122.88,0.28,0,1,4314
2023-06-03,SKU_001,Amazon,South,57,166956.99,0.17,0,0,3529
2023-03-27,SKU_044,Amazon,South,43,54547.22,0.09,1,1,1394
2023-03-21,SKU_035,Flipkart,Central,10,40531.4,0.09,0,1,4454
2023-01-17,SKU_011,Retail,Central,46,108137.26,0.29,0,0,3311
2023-04-24,SKU_046,Flipkart,South,76,377593.83999999997,0.03,1,1,5122
2023-06-09,SKU_011,Flipkart,North,48,121268.16,0.22,1,0,3239
2023-02-19,SKU_041,Amazon,North,5,7265.999999999999,0.3,0,1,2076
2023-06-16,SKU_018,D2C,South,40,83177.6,0.12,0,0,2363
2023-02-25,SKU_037,Amazon,South,69,292491.0,0.0,1,0,4239
2023-06-24,SKU_016,Flipkart,South,60,209232.6,0.27,0,1,4777
2023-01-06,SKU_046,Flipkart,South,33,153050.04,0.22,1,0,5946
2023-02-27,SKU_005,Amazon,West,38,63750.700000000004,0.11,0,1,1885
2023-05-07,SKU_001,Distributor,West,41,124859.35,0.23,0,0,3955
2023-05-18,SKU_047,D2C,North,36,56440.8,0.1,1,1,1742
2023-06-29,SKU_040,Amazon,South,9,13257.0,0.25,0,1,1964
2023-02-04,SKU_040,D2C,East,65,116789.4,0.16,0,0,2139
2023-03-26,SKU_038,Amazon,Central,75,425442.0,0.03,0,0,5848
2023-02-27,SKU_007,Amazon,East,19,86229.22,0.23,0,0,5894
2023-06-06,SKU_042,Retail,East,74,167760.22,0.29,0,0,3193
2023-02-12,SKU_046,Distributor,West,47,119209.86,0.01,1,1,2562
2023-05-17,SKU_024,D2C,West,74,148605.32,0.18,0,0,2449
2023-06-03,SKU_028,D2C,North,50,271510.0,0.05,1,0,5716
2023-02-13,SKU_038,Distributor,South,52,185153.8,0.29,0,0,5015
2023-05-25,SKU_021,Amazon,North,57,224899.19999999998,0.28,1,0,5480
2023-04-23,SKU_028,Amazon,West,34,128211.62,0.11,0,1,4237
2023-01-01,SKU_049,D2C,East,73,132889.2,0.26,1,1,2460
2023-06-23,SKU_005,D2C,South,27,110182.68,0.07,1,0,4388
2023-04-19,SKU_020,D2C,North,41,159497.38,0.26,1,0,5257
2023-04-04,SKU_003,Distributor,Central,60,124740.0,0.16,0,1,2475
2023-06-14,SKU_045,Retail,West,39,54672.93,0.17,0,1,1689
2023-05-10,SKU_010,Amazon,Central,65,264914.65,0.23,0,1,5293
2023-04-23,SKU_010,D2C,South,77,205278.91999999998,0.27,0,1,3652
2023-04-20,SKU_024,Flipkart,East,70,235966.5,0.01,0,0,3405
2023-01-04,SKU_047,Retail,North,11,29775.68,0.12,0,1,3076
2023-05-11,SKU_022,Retail,North,52,99921.64,0.03,1,1,1981
2023-06-26,SKU_008,Flipkart,West,70,138098.8,0.14,0,1,2294
2023-02-10,SKU_025,Distributor,East,23,90321.23,0.29,1,1,5531
2023-01-31,SKU_020,Retail,North,64,207971.19999999998,0.15,1,0,3823
2023-04-01,SKU_019,Amazon,West,63,314776.98,0.11,0,1,5614
2023-02-01,SKU_044,Flipkart,Central,25,120458.00000000001,0.18,1,0,5876
2023-05-25,SKU_001,Amazon,Central,66,144864.72,0.09,1,0,2412
2023-04-02,SKU_029,D2C,South,55,159035.80000000002,0.08,1,1,3143
2023-06-03,SKU_018,Distributor,East,63,221398.38,0.26,0,1,4749
2023-05-02,SKU_029,Retail,Central,30,121300.8,0.26,1,0,5464
2023-03-02,SKU_041,Flipkart,East,53,271118.32,0.12,0,1,5813
2023-05-26,SKU_042,Retail,East,15,22201.5,0.05,1,1,1558
2023-01-25,SKU_004,Flipkart,East,4,12654.0,0.1,0,1,3515
2023-05-11,SKU_026,Flipkart,North,52,88608.52,0.23,0,0,2213
2023-04-12,SKU_048,Amazon,South,72,378658.8,0.07,0,1,5655
2023-02-08,SKU_026,Amazon,North,55,200461.8,0.16,1,0,4339
2023-05-02,SKU_012,Distributor,East,48,250477.91999999998,0.01,1,1,5271
2023-03-28,SKU_038,Retail,East,46,139619.2,0.2,0,1,3794
2023-01-25,SKU_028,Retail,West,31,48585.99,0.11,0,1,1761
2023-05-29,SKU_033,Distributor,North,45,75081.6,0.12,1,0,1896
2023-05-29,SKU_002,Distributor,North,58,260605.59999999998,0.06,0,1,4780
2023-06-09,SKU_033,Distributor,West,41,214669.44,0.04,1,1,5454
2023-01-12,SKU_011,Flipkart,Central,65,136843.19999999998,0.04,1,0,2193
2023-02-14,SKU_045,Flipkart,South,53,173082.1,0.15,0,0,3842
2023-06-06,SKU_038,Retail,North,56,147082.32,0.01,0,0,2653
2023-06-09,SKU_002,Amazon,South,67,214150.09,0.23,1,0,4151
2023-06-22,SKU_037,Retail,East,39,31422.3,0.3,0,1,1151
2023-04-12,SKU_046,Distributor,North,63,166345.83,0.27,0,1,3617
2023-05-08,SKU_041,Amazon,South,42,186238.08,0.04,0,1,4619
2023-02-08,SKU_010,Distributor,North,56,49938.56,0.29,0,1,1256
2023-06-16,SKU_023,Amazon,West,37,124155.72,0.22,1,1,4302
2023-06-13,SKU_026,Amazon,Central,31,133057.89,0.19,1,1,5299
2023-06-21,SKU_035,Distributor,West,51,207238.5,0.3,1,1,5805
2023-06-21,SKU_048,D2C,East,12,16348.800000000001,0.2,0,1,1703
2023-03-04,SKU_007,Amazon,Central,44,141922.88,0.08,1,1,3506
2023-05-26,SKU_050,Amazon,North,17,57110.479999999996,0.02,1,1,3428
2023-03-04,SKU_027,Retail,Central,65,67111.2,0.28,1,1,1434
2023-06-01,SKU_025,Flipkart,North,71,287106.95999999996,0.17,0,0,4872
2023-06-10,SKU_016,Flipkart,North,32,118695.68,0.06,1,0,3946
2023-01-14,SKU_028,Retail,Central,58,280014.72,0.06,0,0,5136
2023-06-21,SKU_009,Flipkart,South,67,283688.05,0.05,0,1,4457
2023-04-03,SKU_003,Amazon,Central,68,242297.6,0.2,1,0,4454
2023-05-17,SKU_025,Retail,West,54,180619.2,0.2,1,0,4181
2023-03-11,SKU_031,Amazon,North,64,327191.04,0.01,1,0,5164
2023-03-28,SKU_020,Retail,South,37,77443.95999999999,0.29,1,1,2948
2023-02-15,SKU_004,Flipkart,Central,51,60555.87,0.21,0,1,1503
2023-05-16,SKU_007,Retail,South,40,46500.0,0.07,1,1,1250
2023-01-15,SKU_005,Flipkart,South,35,91351.40000000001,0.08,0,1,2837
2023-06-22,SKU_036,Amazon,East,50,100332.0,0.28,0,1,2787
2023-03-17,SKU_006,D2C,East,56,172853.52,0.07,0,0,3319
2023-02-24,SKU_014,Amazon,Central,73,182628.47999999998,0.04,0,0,2606
2023-01-10,SKU_027,Retail,Central,55,54142.0,0.08,1,1,1070
2023-03-05,SKU_027,Distributor,South,62,57094.56,0.28,1,0,1279
2023-01-24,SKU_010,Distributor,East,63,175798.98,0.18,1,1,3403
2023-05-25,SKU_012,Amazon,Central,103,238989.87,0.13,0,0,2667
2023-02-04,SKU_011,D2C,West,13,35305.4,0.26,0,0,3670
2023-04-25,SKU_041,Retail,East,36,117442.8,0.15,0,1,3838
2023-01-30,SKU_011,Distributor,East,79,329733.36,0.01,1,0,4216
2023-02-22,SKU_020,Retail,East,42,131221.44,0.08,0,0,3396
2023-06-21,SKU_036,Distributor,South,67,147144.06,0.17,0,1,2646
2023-05-12,SKU_047,Distributor,North,54,132100.19999999998,0.15,0,0,2878
2023-06-29,SKU_048,Distributor,South,92,315399.0,0.25,0,0,4571
2023-04-17,SKU_018,Amazon,West,27,69854.4,0.3,1,0,3696
2023-04-06,SKU_047,Amazon,North,74,123263.28,0.16,0,0,1983
2023-03-26,SKU_028,Amazon,North,84,416833.2,0.15,0,1,5838
2023-06-14,SKU_004,Amazon,Central,29,101094.0,0.16,1,1,4150
2023-06-12,SKU_021,Flipkart,Central,65,187237.05,0.13,1,0,3311
2023-04-11,SKU_044,Retail,North,30,117849.59999999999,0.04,0,1,4092
2023-02-02,SKU_037,D2C,Central,50,197830.5,0.17,1,0,4767
2023-03-26,SKU_043,Retail,West,44,174271.68,0.28,1,0,5501
2023-01-30,SKU_045,Flipkart,West,1,5181.3,0.1,1,1,5757
2023-01-05,SKU_049,D2C,North,58,101473.32,0.22,0,0,2243
2023-04-23,SKU_014,Distributor,South,52,156953.68,0.06,1,1,3211
2023-03-08,SKU_046,Retail,South,79,340943.46,0.22,0,0,5533
2023-01-15,SKU_001,Retail,North,62,261367.19999999998,0.28,0,1,5855
2023-06-29,SKU_030,Retail,Central,95,285572.85,0.03,1,1,3099
2023-03-16,SKU_031,D2C,West,52,135195.84,0.08,0,0,2826
2023-03-03,SKU_027,D2C,South,47,236514.81,0.07,0,1,5411
2023-01-11,SKU_003,Retail,Central,46,167504.4,0.15,0,1,4284
2023-01-21,SKU_039,Retail,Central,41,95786.25,0.11,1,0,2625
2023-01-03,SKU_024,Retail,West,5,11281.6,0.12,1,1,2564
2023-04-08,SKU_041,D2C,North,45,152506.80000000002,0.19,0,1,4184
2023-03-05,SKU_012,Amazon,Central,8,25280.0,0.2,0,0,3950
2023-03-07,SKU_027,Retail,West,59,174393.38,0.14,1,0,3437
2023-01-03,SKU_037,Distributor,West,25,62652.5,0.05,1,1,2638
2023-03-05,SKU_025,D2C,North,32,67925.76,0.16,0,0,2527
2023-02-12,SKU_005,Distributor,Central,36,166147.2,0.2,0,0,5769
2023-02-27,SKU_023,Distributor,North,45,173464.2,0.22,0,0,4942
2023-06-01,SKU_023,Amazon,Central,50,84182.0,0.02,0,1,1718
2023-03-31,SKU_039,Retail,East,71,276370.33999999997,0.06,1,0,4141
2023-03-31,SKU_048,D2C,North,38,136263.82,0.23,0,1,4657
2023-02-02,SKU_022,Amazon,West,59,97190.7,0.15,1,0,1938
2023-01-15,SKU_041,D2C,West,104,437540.48,0.14,0,0,4892
2023-03-23,SKU_006,Amazon,West,57,171885.78,0.01,1,1,3046
2023-02-19,SKU_003,Amazon,Central,46,123969.07999999999,0.06,1,0,2867
2023-03-14,SKU_045,Flipkart,North,34,133687.32,0.22,0,0,5041
2023-04-07,SKU_010,Amazon,North,46,57725.4,0.11,0,0,1410
2023-04-16,SKU_007,Amazon,South,32,120498.23999999999,0.07,0,1,4049
2023-03-21,SKU_049,Flipkart,Central,55,194917.8,0.16,1,0,4219
2023-04-22,SKU_048,Retail,Central,52,80322.84000000001,0.19,0,0,1907
2023-05-24,SKU_023,Amazon,South,6,30655.68,0.12,0,0,5806
2023-04-26,SKU_021,Retail,North,49,60999.119999999995,0.28,1,0,1729
2023-04-18,SKU_042,Flipkart,South,71,342015.52,0.08,1,1,5236
2023-06-11,SKU_011,D2C,South,42,45897.600000000006,0.2,0,1,1366
2023-02-11,SKU_008,Distributor,South,36,70135.56,0.11,1,1,2189
2023-01-04,SKU_021,Retail,West,22,115135.02,0.09,1,1,5751
2023-04-13,SKU_044,D2C,Central,12,21214.8,0.17,1,1,2130
2023-06-10,SKU_011,Retail,West,66,355737.36,0.06,1,1,5734
2023-02-13,SKU_044,Amazon,East,46,63395.36,0.08,1,0,1498
2023-03-28,SKU_045,Distributor,North,65,222813.5,0.3,0,1,4897
2023-03-24,SKU_024,D2C,Central,80,291945.6,0.07,1,1,3924
2023-06-04,SKU_008,Flipkart,Central,68,272931.6,0.15,0,0,4722
2023-06-09,SKU_041,Retail,West,39,175007.82,0.11,0,0,5042
2023-04-16,SKU_008,Flipkart,Central,52,114634.52,0.23,1,1,2863
2023-02-25,SKU_018,Flipkart,North,37,217692.09,0.01,1,1,5943
2023-01-04,SKU_034,Flipkart,Central,35,96320.0,0.14,0,1,3200
2023-06-18,SKU_005,Flipkart,South,56,174538.56,0.24,1,0,4101
2023-01-02,SKU_050,D2C,East,33,39852.12,0.24,0,0,1589
2023-04-07,SKU_046,Distributor,West,5,13432.65,0.23,0,0,3489
2023-02-04,SKU_008,Amazon,East,32,74384.64,0.01,0,1,2348
2023-01-30,SKU_039,Retail,North,43,157218.75,0.25,0,1,4875
2023-06-01,SKU_018,D2C,West,80,355586.4,0.13,0,1,5109
2023-01-17,SKU_021,D2C,East,40,147840.0,0.25,1,1,4928
2023-01-17,SKU_018,Amazon,Central,60,93966.6,0.09,0,0,1721
2023-05-28,SKU_049,Flipkart,West,46,113016.48,0.13,0,1,2824
2023-04-21,SKU_033,Retail,East,74,92245.44,0.16,1,0,1484
2023-02-05,SKU_037,Distributor,East,73,198922.08,0.16,1,0,3244
2023-02-13,SKU_001,D2C,East,73,66777.48,0.16,1,0,1089
2023-01-09,SKU_028,D2C,North,15,57750.0,0.0,1,0,3850
2023-06-08,SKU_021,Retail,North,54,267694.2,0.11,0,0,5570
2023-03-30,SKU_032,Retail,Central,65,134596.8,0.04,1,1,2157
2023-06-09,SKU_021,Flipkart,South,57,69149.55,0.05,1,0,1277
2023-04-29,SKU_038,Flipkart,Central,62,203290.56,0.08,1,0,3564
2023-02-27,SKU_003,Retail,Central,51,66045.0,0.3,1,0,1850
2023-06-21,SKU_021,Retail,East,35,133476.0,0.2,1,0,4767
2023-02-02,SKU_019,Flipkart,Central,16,28636.8,0.24,1,1,2355
2023-01-15,SKU_006,Amazon,West,37,42383.5,0.21,0,0,1450
2023-02-06,SKU_040,D2C,East,103,535138.5599999999,0.01,1,0,5248
2023-03-19,SKU_011,D2C,West,40,191412.0,0.1,1,1,5317
2023-03-09,SKU_035,Flipkart,East,10,38274.6,0.09,1,0,4206
2023-01-01,SKU_041,Distributor,North,64,74027.52,0.16,0,0,1377
2023-02-07,SKU_040,Amazon,North,67,309529.95,0.05,1,1,4863
2023-03-18,SKU_046,Flipkart,North,75,90150.0,0.0,0,1,1202
2023-02-10,SKU_014,Flipkart,West,59,299884.61,0.11,0,0,5711
2023-05-08,SKU_012,Amazon,East,66,206791.19999999998,0.16,0,1,3730
2023-05-23,SKU_043,Distributor,South,86,257436.69999999998,0.05,1,1,3151
2023-03-12,SKU_031,Amazon,East,35,193747.75,0.05,0,1,5827
2023-02-12,SKU_024,Distributor,North,31,90865.34,0.26,0,0,3961
2023-04-06,SKU_049,Distributor,North,28,150892.56,0.09,0,0,5922
2023-02-03,SKU_014,D2C,East,44,187714.56,0.04,1,1,4444
2023-05-28,SKU_008,Amazon,North,78,230318.40000000002,0.2,1,1,3691
2023-03-05,SKU_007,Retail,West,60,136752.0,0.12,0,0,2590
2023-03-24,SKU_022,Distributor,East,59,115673.04,0.28,1,1,2723
2023-01-27,SKU_014,Distributor,East,13,32945.119999999995,0.06,1,1,2696
2023-01-22,SKU_027,D2C,Central,36,79057.08,0.29,0,1,3093
2023-02-15,SKU_029,Distributor,West,13,50122.799999999996,0.28,0,0,5355
2023-03-20,SKU_018,D2C,Central,73,302798.16,0.28,0,0,5761
2023-06-25,SKU_044,Amazon,West,81,378710.64,0.16,1,1,5566
2023-01-26,SKU_013,Distributor,Central,65,94500.90000000001,0.18,0,0,1773
2023-06-11,SKU_014,Distributor,North,30,124635.3,0.03,1,1,4283
2023-05-26,SKU_022,Amazon,Central,79,164052.98,0.09,0,0,2282
2023-04-06,SKU_025,D2C,Central,44,142707.84,0.13,0,0,3728
2023-05-29,SKU_030,Flipkart,West,25,45440.0,0.29,1,1,2560
2023-03-15,SKU_039,Flipkart,North,30,120299.4,0.03,0,0,4134
2023-02-27,SKU_014,Amazon,South,41,112536.8,0.2,1,1,3431
2023-01-09,SKU_042,Flipkart,Central,50,191807.0,0.06,0,0,4081
2023-05-16,SKU_020,Distributor,South,46,55107.54,0.13,1,0,1377
2023-03-16,SKU_006,Retail,Central,21,34319.25,0.25,0,0,2179
2023-05-20,SKU_004,Retail,West,74,87573.08,0.21,1,1,1498
2023-05-31,SKU_008,Amazon,North,46,116648.64,0.28,1,1,3522
2023-03-21,SKU_046,Retail,Central,35,95865.0,0.25,0,1,3652
2023-06-02,SKU_012,Retail,West,72,151557.12,0.08,0,0,2288
2023-05-09,SKU_036,Retail,Central,26,84809.4,0.17,0,0,3930
2023-04-06,SKU_035,Distributor,West,17,43317.36,0.28,0,0,3539
2023-06-14,SKU_025,Distributor,East,75,376848.0,0.04,1,1,5234
2023-05-17,SKU_032,Amazon,East,87,132134.73,0.09,1,1,1669
2023-06-28,SKU_029,Retail,North,40,180998.4,0.12,1,0,5142
2023-03-10,SKU_026,Distributor,West,49,110133.38,0.18,0,0,2741
2023-04-01,SKU_024,Amazon,East,27,42963.21,0.13,0,1,1829
2023-02-19,SKU_023,D2C,North,50,61480.0,0.2,1,0,1537
2023-05-06,SKU_046,D2C,East,40,66940.8,0.24,0,1,2202
2023-05-26,SKU_024,Flipkart,Central,47,116725.44,0.04,0,1,2587
2023-03-13,SKU_039,D2C,East,58,138028.4,0.27,1,1,3260
2023-02-07,SKU_045,D2C,South,28,121179.24,0.19,1,0,5343
2023-03-20,SKU_011,Retail,West,42,132723.36000000002,0.24,1,0,4158
2023-02-16,SKU_033,Flipkart,North,13,18520.32,0.16,1,0,1696
2023-01-20,SKU_016,D2C,North,42,31489.92,0.29,1,0,1056
2023-04-14,SKU_031,Amazon,West,48,91144.31999999999,0.26,0,1,2566
2023-02-28,SKU_029,D2C,West,54,292584.95999999996,0.04,1,1,5644
2023-05-04,SKU_010,Amazon,East,54,138101.76,0.26,1,0,3456
2023-01-04,SKU_016,Distributor,North,68,165495.68000000002,0.18,1,1,2968
2023-05-04,SKU_022,Amazon,Central,19,57663.86,0.14,0,1,3529
2023-03-27,SKU_002,D2C,East,20,85305.59999999999,0.04,0,1,4443
2023-05-09,SKU_050,D2C,West,60,292608.0,0.04,1,0,5080
2023-02-15,SKU_012,Retail,Central,9,36077.939999999995,0.29,1,1,5646
2023-01-15,SKU_030,Amazon,South,53,53249.1,0.15,0,1,1182
2023-04-21,SKU_018,Distributor,Central,26,92486.94,0.09,0,1,3909
2023-04-19,SKU_023,Distributor,South,81,185282.64,0.19,1,0,2824
2023-03-12,SKU_041,Distributor,East,55,174591.45,0.19,1,0,3919
2023-05-18,SKU_030,Flipkart,East,45,156594.59999999998,0.06,0,0,3702
2023-04-22,SKU_042,D2C,Central,74,294938.1,0.15,0,1,4689
2023-05-03,SKU_005,Distributor,North,28,135192.96,0.16,1,1,5748
2023-04-04,SKU_050,Amazon,North,32,119836.8,0.27,1,0,5130
2023-05-26,SKU_021,Distributor,North,24,107697.6,0.1,0,0,4986
2023-01-23,SKU_015,D2C,West,32,80686.08,0.28,1,0,3502
2023-03-28,SKU_037,Retail,South,51,138210.0,0.0,0,0,2710
2023-03-18,SKU_030,D2C,Central,59,151622.33000000002,0.21,0,1,3253
2023-02-22,SKU_004,D2C,North,69,136384.02000000002,0.21,0,0,2502
2023-05-18,SKU_046,Amazon,West,13,44294.25,0.23,0,0,4425
2023-05-25,SKU_003,D2C,South,46,247940.0,0.02,0,0,5500
2023-05-04,SKU_004,Amazon,Central,27,83271.24,0.22,1,0,3954
2023-04-10,SKU_028,Retail,East,45,173401.19999999998,0.02,0,0,3932
2023-03-12,SKU_040,Flipkart,North,96,125418.24,0.24,0,0,1719
2023-02-06,SKU_030,Amazon,East,55,223137.75,0.15,1,1,4773
2023-04-23,SKU_049,Distributor,North,67,304925.04,0.02,1,0,4644
2023-03-02,SKU_038,Amazon,East,89,367947.36,0.28,0,0,5742
2023-03-29,SKU_042,Flipkart,Central,72,111942.71999999999,0.06,1,1,1654
2023-02-23,SKU_024,Distributor,North,41,165498.55,0.05,0,1,4249
2023-05-22,SKU_037,Retail,South,24,74430.72,0.22,1,0,3976
2023-05-18,SKU_013,Flipkart,East,49,57829.799999999996,0.16,0,1,1405
2023-04-21,SKU_020,Flipkart,South,38,36783.24,0.22,0,0,1241
2023-04-24,SKU_009,Flipkart,North,19,43314.299999999996,0.15,0,1,2682
2023-03-11,SKU_018,Distributor,West,54,237295.98,0.13,0,1,5051
2023-04-18,SKU_046,Amazon,South,55,116529.59999999999,0.04,0,0,2207
2023-06-03,SKU_010,Amazon,South,85,202483.6,0.12,0,1,2707
2023-04-10,SKU_050,Flipkart,North,42,75286.26000000001,0.19,1,0,2213
2023-03-10,SKU_012,Flipkart,West,55,63166.4,0.03,1,1,1184
2023-03-25,SKU_013,Retail,South,36,129856.32,0.12,0,0,4099
2023-03-16,SKU_043,Amazon,South,67,202945.68,0.16,1,0,3606
2023-01-09,SKU_007,Retail,North,47,205440.29,0.21,1,0,5533
2023-03-22,SKU_029,Distributor,North,26,148961.28,0.04,0,1,5968
2023-01-28,SKU_039,D2C,Central,49,185361.12,0.28,0,1,5254
2023-02-20,SKU_020,Amazon,South,57,129159.72,0.08,0,0,2463
2023-05-09,SKU_013,Flipkart,South,55,194881.5,0.07,0,0,3810
2023-05-26,SKU_014,Distributor,East,70,209407.8,0.27,1,1,4098
2023-06-25,SKU_049,Distributor,North,21,27132.0,0.2,0,1,1615
2023-02-24,SKU_041,D2C,East,33,60958.590000000004,0.23,1,1,2399
2023-05-22,SKU_003,Amazon,Central,62,208506.0,0.24,0,1,4425
2023-05-28,SKU_004,D2C,South,35,58311.75,0.13,0,0,1915
2023-04-28,SKU_044,Distributor,North,54,215049.06,0.21,0,1,5041
2023-01-21,SKU_033,Flipkart,Central,1,1105.22,0.27,1,1,1514
2023-05-04,SKU_018,Flipkart,North,104,232231.99999999997,0.3,1,1,3190
2023-04-21,SKU_021,Retail,West,44,107742.79999999999,0.06,1,1,2605
2023-04-03,SKU_021,D2C,North,73,89522.82,0.19,1,1,1514
2023-06-23,SKU_020,D2C,East,43,75578.52,0.03,0,1,1812
2023-05-27,SKU_013,Retail,North,58,215711.86000000002,0.09,0,0,4087
2023-03-13,SKU_050,Amazon,North,79,213554.38,0.26,1,1,3653
2023-02-20,SKU_015,Retail,West,73,267946.5,0.25,1,0,4894
2023-02-11,SKU_005,D2C,South,45,216480.6,0.16,1,1,5727
2023-05-29,SKU_029,Retail,South,47,120523.98000000001,0.21,1,0,3246
2023-01-31,SKU_048,Flipkart,North,70,253330.0,0.23,0,0,4700
2023-05-02,SKU_010,D2C,West,96,404296.32,0.14,1,0,4897
2023-01-27,SKU_038,Amazon,North,53,255478.55,0.15,1,1,5671
2023-02-04,SKU_001,Flipkart,North,89,286886.16,0.28,1,0,4477
2023-04-08,SKU_043,Flipkart,West,45,195750.0,0.13,1,0,5000
2023-06-09,SKU_030,Amazon,Central,69,84319.37999999999,0.07,0,1,1314
2023-06-19,SKU_044,Distributor,South,72,249811.2,0.2,1,1,4337
2023-03-06,SKU_007,D2C,Central,41,118233.75,0.25,1,0,3845
2023-05-26,SKU_011,Distributor,West,35,76811.7,0.21,0,1,2778
2023-06-14,SKU_001,Amazon,Central,72,75271.68,0.01,0,0,1056
2023-05-16,SKU_025,Distributor,West,39,69975.36,0.28,0,0,2492
2023-03-21,SKU_020,Retail,Central,32,32096.0,0.15,1,0,1180
2023-03-12,SKU_009,Distributor,West,36,167054.4,0.1,1,0,5156
2023-03-26,SKU_013,Amazon,East,39,132598.44,0.13,0,1,3908
2023-01-14,SKU_037,Distributor,North,67,186737.03999999998,0.28,1,0,3871
2023-06-24,SKU_023,Flipkart,North,60,190336.8,0.29,0,1,4468
2023-04-04,SKU_004,Distributor,Central,64,105808.0,0.15,0,0,1945
2023-01-09,SKU_017,D2C,South,58,261365.4,0.1,1,0,5007
2023-05-26,SKU_027,Retail,West,38,101858.24,0.12,1,0,3046
2023-01-06,SKU_009,Amazon,West,63,318309.39,0.11,0,1,5677
2023-05-03,SKU_049,Retail,West,73,354138.33,0.09,0,1,5331
2023-02-04,SKU_033,Amazon,South,61,117881.28,0.01,1,1,1952
2023-05-19,SKU_041,Amazon,West,58,117715.64,0.02,0,1,2071
2023-02-21,SKU_020,Retail,Central,34,115923.68000000001,0.08,1,1,3706
2023-03-04,SKU_001,Retail,South,54,185374.44,0.26,1,1,4639
2023-03-26,SKU_049,Amazon,North,33,98752.5,0.1,0,0,3325
2023-02-20,SKU_030,Flipkart,West,49,140820.12,0.19,1,0,3548
2023-03-26,SKU_034,Amazon,Central,17,67294.5,0.09,1,1,4350
2023-05-23,SKU_019,Retail,Central,17,63117.26,0.27,0,0,5086
2023-05-04,SKU_023,Flipkart,South,46,78154.45999999999,0.17,1,1,2047
2023-02-15,SKU_023,Distributor,West,39,79555.32,0.11,1,1,2292
2023-05-03,SKU_021,Amazon,West,52,268056.36,0.01,1,1,5207
2023-02-19,SKU_035,Flipkart,North,47,189103.09,0.21,1,1,5093
2023-01-13,SKU_013,Amazon,North,50,125048.0,0.23,0,1,3248
2023-02-09,SKU_012,D2C,Central,62,147788.16,0.04,0,1,2483
2023-06-23,SKU_020,Distributor,East,40,33148.799999999996,0.28,0,0,1151
2023-03-09,SKU_032,Retail,North,45,207975.6,0.02,0,1,4716
2023-06-22,SKU_031,Distributor,West,79,238554.72,0.28,0,0,4194
2023-02-08,SKU_043,Flipkart,Central,50,79020.0,0.28,1,1,2195
2023-03-29,SKU_023,Distributor,North,46,195593.84,0.26,0,1,5746
2023-04-06,SKU_018,Amazon,West,51,148267.2,0.2,0,1,3634
2023-03-18,SKU_015,D2C,North,46,148108.04,0.26,0,0,4351
2023-06-19,SKU_047,D2C,Central,35,141010.44999999998,0.27,0,0,5519
2023-04-02,SKU_050,Amazon,North,30,23538.9,0.23,1,0,1019
2023-02-24,SKU_010,Retail,North,34,159360.38,0.21,0,1,5933
2023-01-29,SKU_017,Amazon,North,67,284937.60000000003,0.2,0,1,5316
2023-03-09,SKU_033,Retail,North,37,44879.52,0.16,0,1,1444
2023-04-07,SKU_027,Distributor,East,46,118686.43999999999,0.29,0,1,3634
2023-03-21,SKU_005,Flipkart,Central,64,99110.4,0.13,1,0,1780
2023-06-12,SKU_011,D2C,North,44,124562.24,0.12,1,0,3217
2023-04-17,SKU_050,Distributor,West,62,154920.63999999998,0.03,1,1,2576
2023-01-30,SKU_044,Flipkart,Central,19,16758.0,0.28,1,1,1225
2023-01-19,SKU_016,D2C,North,47,127252.5,0.25,1,1,3610
2023-06-16,SKU_009,D2C,South,51,98899.2,0.04,1,0,2020
2023-06-10,SKU_043,Amazon,North,50,245905.0,0.15,0,0,5786
2023-06-24,SKU_040,Retail,West,16,62852.0,0.05,1,1,4135
2023-01-16,SKU_008,D2C,North,74,395161.48,0.02,0,0,5449
2023-06-23,SKU_028,D2C,West,32,37536.64,0.11,0,1,1318
2023-06-09,SKU_031,Distributor,Central,56,185306.24,0.24,0,1,4354
2023-03-26,SKU_031,Amazon,East,50,170897.0,0.29,0,1,4814
2023-01-20,SKU_027,Flipkart,South,70,112198.8,0.24,1,1,2109
2023-03-10,SKU_031,D2C,Central,93,351738.08999999997,0.27,0,1,5181
2023-01-23,SKU_006,Distributor,Central,24,98144.16,0.18,1,0,4987
2023-02-28,SKU_029,Distributor,West,37,79914.45,0.23,1,0,2805
2023-02-01,SKU_014,Amazon,North,53,128551.5,0.25,0,1,3234
2023-02-01,SKU_012,Amazon,North,27,64373.94,0.21,0,1,3018
2023-04-24,SKU_046,Distributor,Central,65,115537.5,0.25,0,0,2370
2023-05-27,SKU_026,Retail,East,66,337001.27999999997,0.06,0,0,5432
2023-05-23,SKU_046,Flipkart,East,61,104234.97,0.21,1,0,2163
2023-02-22,SKU_009,D2C,West,54,302227.2,0.04,0,1,5830
2023-02-28,SKU_047,Flipkart,West,77,232307.46,0.26,0,0,4077
2023-01-25,SKU_044,D2C,West,26,37494.6,0.05,0,1,1518
2023-02-20,SKU_024,Amazon,East,51,185272.8,0.24,0,1,4780
2023-02-14,SKU_040,Distributor,West,35,74012.4,0.12,1,0,2403
2023-05-11,SKU_010,Retail,North,67,129277.84,0.11,1,1,2168
2023-03-11,SKU_010,Distributor,Central,13,52765.83,0.19,0,1,5011
2023-06-26,SKU_050,Flipkart,South,49,216530.02000000002,0.18,0,0,5389
2023-06-12,SKU_006,Flipkart,East,56,199478.72,0.14,0,1,4142
2023-03-20,SKU_015,Distributor,North,31,131514.4,0.2,0,1,5303
2023-04-11,SKU_033,Flipkart,North,37,97552.34999999999,0.07,1,1,2835
2023-03-12,SKU_048,Distributor,South,50,128600.0,0.2,1,1,3215
2023-03-07,SKU_030,D2C,Central,69,361328.16000000003,0.08,0,0,5692
2023-02-15,SKU_036,Retail,East,29,61700.399999999994,0.28,0,1,2955
2023-05-09,SKU_033,D2C,East,32,142585.92,0.19,1,0,5501
2023-05-09,SKU_033,Flipkart,Central,72,308383.2,0.1,1,1,4759
2023-06-02,SKU_002,Distributor,South,44,178217.6,0.17,0,1,4880
2023-06-27,SKU_038,D2C,North,34,86228.08,0.06,1,1,2698
2023-04-22,SKU_007,D2C,North,64,298869.12,0.01,1,0,4717
2023-01-04,SKU_044,D2C,East,40,135609.6,0.16,0,1,4036
2023-06-13,SKU_027,Flipkart,West,70,306638.5,0.21,1,1,5545
2023-03-05,SKU_024,Flipkart,West,36,74925.0,0.25,1,0,2775
2023-05-13,SKU_017,Amazon,Central,46,63163.979999999996,0.01,0,0,1387
2023-04-20,SKU_034,Flipkart,East,68,290002.32,0.14,0,0,4959
2023-01-01,SKU_048,D2C,East,45,148456.80000000002,0.21,0,0,4176
2023-05-10,SKU_021,Amazon,East,65,252515.25,0.03,0,0,4005
2023-05-16,SKU_048,D2C,West,48,77760.0,0.2,0,1,2025
2023-04-09,SKU_032,Amazon,South,89,177990.21000000002,0.19,1,1,2469
2023-06-11,SKU_010,Flipkart,West,81,336069.0,0.25,0,1,5532
2023-03-23,SKU_021,Amazon,Central,23,62893.5,0.25,0,0,3646
2023-04-07,SKU_002,Amazon,Central,60,203582.4,0.17,0,1,4088
2023-01-28,SKU_020,Retail,Central,33,106652.7,0.05,0,1,3402
2023-03-19,SKU_042,Retail,North,53,86060.34,0.07,0,0,1746
2023-05-09,SKU_029,Retail,Central,51,94651.92,0.24,1,0,2442
2023-05-18,SKU_044,Distributor,South,28,123982.6,0.21,1,1,5605
2023-05-30,SKU_033,Distributor,North,71,150826.72,0.12,0,0,2414
2023-01-28,SKU_007,Flipkart,Central,54,83389.5,0.13,1,1,1775
2023-06-19,SKU_008,Flipkart,East,44,212980.24000000002,0.18,0,0,5903
2023-02-23,SKU_042,Retail,North,41,112015.28,0.29,0,1,3848
2023-02-21,SKU_022,Flipkart,East,52,104832.0,0.25,0,1,2688
2023-03-18,SKU_048,Flipkart,Central,58,75231.8,0.15,1,1,1526
2023-06-13,SKU_010,D2C,Central,47,150414.57,0.19,1,0,3951
2023-01-15,SKU_045,Retail,East,0,0.0,0.2,0,1,4971
2023-05-29,SKU_036,Amazon,Central,50,150271.5,0.29,1,0,4233
2023-05-15,SKU_044,Retail,South,21,21503.16,0.16,0,0,1219
2023-06-01,SKU_045,Distributor,East,45,100903.5,0.15,0,1,2638
2023-05-30,SKU_001,D2C,North,21,44532.18,0.01,0,1,2142
2023-01-11,SKU_041,Amazon,West,21,24843.0,0.3,0,0,1690
2023-05-20,SKU_035,Distributor,Central,74,350520.24,0.16,1,0,5639
2023-02-07,SKU_047,Retail,West,43,192399.2,0.2,0,0,5593
2023-05-24,SKU_012,D2C,Central,42,182503.44,0.02,0,1,4434
2023-04-04,SKU_032,Distributor,West,59,237277.35,0.19,0,0,4965
2023-04-14,SKU_021,Flipkart,North,42,57658.439999999995,0.17,1,1,1654
2023-06-19,SKU_013,Flipkart,West,92,480642.95999999996,0.02,0,1,5331
2023-05-24,SKU_022,Amazon,Central,44,189464.88,0.14,1,0,5007
2023-05-11,SKU_007,Flipkart,Central,57,90808.41,0.23,1,0,2069
2023-06-05,SKU_009,Retail,Central,69,206690.88,0.08,0,0,3256
2023-03-16,SKU_001,Flipkart,North,82,374916.3,0.15,1,1,5379
2023-04-13,SKU_038,Flipkart,Central,35,92514.8,0.26,1,0,3572
2023-06-09,SKU_023,D2C,South,41,107509.38,0.13,0,0,3014
2023-01-14,SKU_003,Retail,East,75,235189.5,0.09,1,0,3446
2023-03-27,SKU_037,Retail,South,66,206783.28000000003,0.19,1,0,3868
2023-01-07,SKU_043,Amazon,North,71,362466.36,0.13,1,1,5868
2023-06-07,SKU_011,Retail,South,22,49223.9,0.27,0,0,3065
2023-01-25,SKU_050,D2C,South,80,172272.0,0.26,0,1,2910
2023-06-30,SKU_027,Distributor,East,34,48419.399999999994,0.06,0,1,1515
2023-01-30,SKU_047,Retail,North,53,86852.16,0.04,1,0,1707
2023-05-06,SKU_039,Distributor,East,47,184088.19,0.17,0,1,4719
2023-04-09,SKU_048,D2C,West,32,115881.28,0.17,0,0,4363
2023-03-09,SKU_024,Amazon,Central,21,76798.26,0.01,1,1,3694
2023-02-26,SKU_040,Retail,West,15,38745.0,0.18,0,1,3150
2023-04-17,SKU_044,Flipkart,South,52,152092.19999999998,0.15,0,0,3441
2023-03-03,SKU_024,Distributor,South,19,44840.759999999995,0.29,0,1,3324
2023-01-14,SKU_028,Amazon,East,27,91341.0,0.15,1,0,3980
2023-04-02,SKU_034,D2C,West,45,112590.0,0.28,0,0,3475
2023-05-20,SKU_008,Amazon,North,0,0.0,0.17,0,0,3260
2023-03-03,SKU_045,Flipkart,Central,65,78343.20000000001,0.19,1,1,1488
2023-06-03,SKU_050,Retail,West,1,2244.84,0.22,1,1,2878
2023-06-12,SKU_013,Distributor,West,48,111159.36,0.22,0,1,2969
2023-02-07,SKU_013,Flipkart,Central,50,68124.5,0.29,0,1,1919
2023-02-05,SKU_028,Retail,East,60,213088.8,0.24,1,0,4673
2023-01-20,SKU_018,Amazon,Central,49,212130.80000000002,0.21,0,0,5480
2023-02-13,SKU_046,Retail,East,90,321019.2,0.28,1,1,4954
2023-05-13,SKU_018,Amazon,Central,54,245779.38,0.23,0,1,5911
2023-05-30,SKU_020,Distributor,South,71,153984.09,0.17,1,0,2613
2023-04-05,SKU_047,Distributor,North,35,171204.25,0.05,1,1,5149
2023-05-19,SKU_003,Retail,Central,52,135834.91999999998,0.03,0,1,2693
2023-04-20,SKU_041,Amazon,Central,80,146406.4,0.14,0,1,2128
2023-02-02,SKU_013,Distributor,South,45,61078.05,0.01,1,0,1371
2023-05-05,SKU_005,Retail,West,53,56208.09,0.13,0,1,1219
2023-05-07,SKU_035,D2C,Central,69,338938.35,0.15,1,1,5779
2023-05-20,SKU_009,D2C,Central,35,126497.0,0.15,0,0,4252
2023-03-24,SKU_003,Flipkart,South,6,10641.06,0.07,1,0,1907
2023-03-20,SKU_004,D2C,Central,55,167967.80000000002,0.09,1,1,3356
2023-01-22,SKU_005,Flipkart,West,69,127888.04999999999,0.05,1,0,1951
2023-04-20,SKU_047,Distributor,Central,22,68228.16,0.22,0,0,3976
2023-02-15,SKU_008,Distributor,North,63,191415.42,0.21,1,0,3846
2023-02-07,SKU_001,Amazon,West,63,292904.64,0.04,1,0,4843
2023-01-12,SKU_044,Retail,South,4,7251.2,0.12,1,1,2060
2023-06-15,SKU_041,Retail,North,31,64836.49999999999,0.06,1,0,2225
2023-01-14,SKU_021,Distributor,South,42,57953.28,0.02,0,0,1408
2023-03-27,SKU_035,Retail,East,46,151275.6,0.1,1,0,3654
2023-05-01,SKU_010,D2C,West,35,163639.0,0.03,0,0,4820
2023-05-17,SKU_017,Distributor,North,34,43483.62,0.11,0,1,1437
2023-01-08,SKU_017,Flipkart,East,83,304606.68,0.16,0,0,4369
2023-04-25,SKU_039,Distributor,North,47,189116.25,0.13,1,1,4625
2023-02-16,SKU_031,Amazon,East,36,88892.64,0.24,0,1,3249
2023-03-16,SKU_041,Amazon,West,49,213007.41,0.01,0,1,4391
2023-05-12,SKU_046,Distributor,South,60,57469.2,0.17,1,1,1154
2023-05-20,SKU_029,Flipkart,North,51,107053.08,0.03,0,0,2164
2023-02-23,SKU_036,Distributor,Central,45,121061.25,0.25,1,1,3587
2023-02-14,SKU_031,Amazon,North,36,124898.4,0.17,1,1,4180
2023-01-01,SKU_042,Retail,East,36,150504.48,0.21,0,0,5292
2023-05-05,SKU_015,Flipkart,West,38,191152.91999999998,0.02,0,0,5133
2023-01-23,SKU_028,Flipkart,Central,56,197121.12,0.13,0,0,4046
2023-02-01,SKU_033,Flipkart,North,30,119025.0,0.25,1,1,5290
2023-01-04,SKU_046,Distributor,North,57,139990.28999999998,0.17,0,0,2959
2023-01-09,SKU_011,D2C,South,78,105067.56,0.06,1,1,1433
2023-03-28,SKU_036,Flipkart,Central,56,164746.4,0.27,0,0,4030
2023-03-10,SKU_049,Flipkart,East,42,143240.16,0.11,0,0,3832
2023-04-03,SKU_048,D2C,South,24,36739.2,0.14,1,1,1780
2023-06-03,SKU_013,Retail,North,81,155066.4,0.2,1,0,2393
2023-06-07,SKU_029,Retail,North,26,80821.26,0.13,1,1,3573
2023-04-17,SKU_026,Amazon,West,66,119047.5,0.25,1,1,2405
2023-02-22,SKU_016,Distributor,North,62,166695.06,0.07,1,1,2891
2023-06-05,SKU_012,Distributor,South,45,41407.200000000004,0.19,0,0,1136
2023-04-16,SKU_050,Amazon,Central,44,38644.32,0.22,1,0,1126
2023-04-07,SKU_039,Retail,West,13,35353.5,0.25,1,0,3626
2023-01-29,SKU_035,Retail,East,56,90316.8,0.04,0,0,1680
2023-04-04,SKU_049,D2C,Central,62,200269.30000000002,0.23,0,1,4195
2023-06-21,SKU_040,Flipkart,West,28,51681.0,0.25,1,0,2461
2023-03-31,SKU_044,Amazon,Central,46,91745.16,0.22,0,1,2557
2023-03-22,SKU_037,Amazon,East,50,125345.0,0.14,0,1,2915
2023-02-23,SKU_042,D2C,South,61,329634.24,0.04,1,0,5629
2023-02-10,SKU_034,Flipkart,Central,50,57280.0,0.2,1,1,1432
2023-01-16,SKU_037,Retail,Central,17,42432.0,0.2,0,0,3120
2023-05-23,SKU_009,D2C,North,39,161632.38,0.02,1,1,4229
2023-06-30,SKU_027,Flipkart,East,54,109350.0,0.19,0,1,2500
2023-04-23,SKU_046,D2C,North,66,76776.48,0.26,1,1,1572
2023-03-16,SKU_005,Distributor,South,37,167838.66,0.21,0,0,5742
2023-02-21,SKU_039,Flipkart,South,93,192175.2,0.2,1,0,2583
2023-03-15,SKU_047,Distributor,South,12,24260.16,0.26,1,0,2732
2023-02-06,SKU_030,Distributor,North,38,108236.15999999999,0.04,1,0,2967
2023-02-13,SKU_033,Retail,North,48,216817.92,0.12,0,1,5133
2023-02-09,SKU_001,Flipkart,East,45,113283.00000000001,0.18,1,1,3070
2023-02-19,SKU_050,Retail,North,25,72482.5,0.21,0,1,3670
2023-02-20,SKU_021,Retail,South,58,237739.1,0.27,0,1,5615
2023-05-17,SKU_025,Amazon,West,57,178877.4,0.15,1,0,3692
2023-01-28,SKU_012,D2C,East,50,204768.0,0.04,0,1,4266
2023-05-31,SKU_015,Retail,South,56,189342.72,0.04,0,1,3522
2023-06-26,SKU_021,Amazon,North,41,50457.06,0.14,0,1,1431
2023-02-18,SKU_032,Retail,West,17,36507.84,0.04,0,0,2237
2023-04-09,SKU_014,Distributor,East,35,74541.6,0.13,1,0,2448
2023-02-15,SKU_025,Distributor,South,53,251982.14,0.11,0,0,5342
2023-04-01,SKU_037,Retail,West,53,133230.87,0.07,1,0,2703
2023-03-03,SKU_011,Amazon,East,50,214224.0,0.04,1,0,4463
2023-01-26,SKU_040,Distributor,Central,60,338688.0,0.02,1,1,5760
2023-04-19,SKU_049,Retail,Central,38,89295.06,0.27,0,0,3219
2023-01-26,SKU_038,D2C,East,50,114037.5,0.25,1,0,3041
2023-05-07,SKU_008,Flipkart,South,61,105728.25,0.25,1,0,2311
2023-05-23,SKU_011,Flipkart,South,48,159877.44,0.14,0,1,3873
2023-01-28,SKU_022,Flipkart,North,25,79888.5,0.18,1,0,3897
2023-01-25,SKU_025,D2C,East,30,120976.2,0.14,1,1,4689
2023-04-09,SKU_048,Distributor,North,66,314163.3,0.17,1,1,5735
2023-04-07,SKU_001,Distributor,Central,77,323838.9,0.1,1,1,4673
2023-04-19,SKU_019,Flipkart,West,73,59182.56,0.28,0,1,1126
2023-05-20,SKU_008,D2C,Central,54,189888.3,0.15,0,0,4137
2023-05-28,SKU_005,Retail,Central,25,24675.25,0.11,0,1,1109
2023-04-06,SKU_019,Distributor,North,49,102828.95,0.05,1,0,2209
2023-06-21,SKU_002,D2C,West,81,135110.43,0.09,0,0,1833
2023-06-22,SKU_025,Amazon,West,62,128746.09999999999,0.15,1,0,2443
2023-01-15,SKU_007,Amazon,East,45,47324.25,0.05,1,0,1107
2023-03-08,SKU_014,D2C,West,62,81344.0,0.2,0,0,1640
2023-05-06,SKU_017,Distributor,Central,24,43475.28,0.21,1,1,2293
2023-06-14,SKU_015,Amazon,West,36,74405.52,0.02,1,0,2109
2023-04-21,SKU_024,Amazon,West,28,100045.68,0.07,1,1,3842
2023-03-07,SKU_023,Amazon,South,59,72056.11,0.27,1,1,1673
2023-02-25,SKU_049,D2C,South,64,220385.28,0.04,0,1,3587
2023-06-04,SKU_048,Distributor,North,46,120817.62,0.01,0,0,2653
2023-05-06,SKU_041,Distributor,Central,32,156023.04,0.18,1,1,5946
2023-03-12,SKU_001,Retail,East,49,43439.479999999996,0.26,0,1,1198
2023-05-17,SKU_006,Flipkart,West,40,133808.4,0.01,0,1,3379
2023-05-05,SKU_043,Retail,North,34,93265.74,0.13,0,1,3153
2023-03-08,SKU_029,Amazon,North,56,137765.6,0.27,0,1,3370
2023-02-26,SKU_014,Amazon,East,34,142545.0,0.22,0,0,5375
2023-01-24,SKU_049,Retail,South,18,30582.18,0.11,0,1,1909
2023-04-21,SKU_017,Amazon,Central,23,76560.33,0.23,0,0,4323
2023-01-09,SKU_011,Retail,South,17,16545.760000000002,0.23,1,0,1264
2023-05-25,SKU_049,Distributor,Central,54,228478.32,0.27,0,0,5796
2023-05-11,SKU_018,Amazon,South,53,117956.8,0.2,1,1,2782
2023-02-03,SKU_011,Retail,South,52,247829.4,0.15,0,1,5607
2023-02-22,SKU_017,Flipkart,West,61,330221.06,0.06,0,1,5759
2023-02-08,SKU_013,Amazon,Central,73,241995.0,0.25,0,0,4420
2023-05-13,SKU_043,Retail,East,38,66278.84,0.26,1,0,2357
2023-03-23,SKU_036,Distributor,Central,58,88433.18,0.17,1,1,1837
2023-04-14,SKU_030,Retail,South,18,78503.04,0.16,0,0,5192
2023-05-24,SKU_015,Distributor,West,77,221133.99,0.13,0,0,3301
2023-06-05,SKU_043,Flipkart,East,25,29830.0,0.24,1,1,1570
2023-03-30,SKU_048,D2C,East,35,62833.4,0.26,0,1,2426
2023-06-25,SKU_033,Amazon,West,38,47313.42,0.23,1,0,1617
2023-04-10,SKU_031,Amazon,East,19,45885.57,0.21,1,1,3057
2023-06-05,SKU_024,Distributor,East,50,87702.0,0.06,0,1,1866
2023-02-21,SKU_029,Amazon,North,54,165780.0,0.0,0,1,3070
2023-05-06,SKU_035,Amazon,Central,46,128432.0,0.2,0,1,3490
2023-06-03,SKU_009,D2C,North,19,61153.399999999994,0.05,0,0,3388
2023-02-17,SKU_041,Amazon,North,89,192863.0,0.0,0,1,2167
2023-03-06,SKU_023,D2C,South,60,281718.6,0.17,1,0,5657
2023-03-02,SKU_008,Distributor,East,102,236436.0,0.24,1,0,3050
2023-05-07,SKU_035,Distributor,West,33,55657.14,0.02,0,1,1721
2023-02-18,SKU_033,Distributor,South,69,305465.76,0.08,0,1,4812
2023-01-31,SKU_024,Distributor,East,65,254377.5,0.25,1,1,5218
2023-04-20,SKU_030,Distributor,Central,44,89481.92,0.12,1,1,2311
2023-03-18,SKU_023,Distributor,Central,78,328660.80000000005,0.2,1,1,5267
2023-01-02,SKU_027,Retail,West,41,52957.24,0.02,0,1,1318
2023-04-20,SKU_002,Flipkart,West,42,89918.64,0.24,0,0,2817
2023-06-12,SKU_042,Retail,West,0,0.0,0.04,1,0,1163
2023-05-29,SKU_044,Amazon,West,58,197550.9,0.13,0,1,3915
2023-04-11,SKU_005,Distributor,West,23,25198.57,0.11,0,0,1231
2023-03-07,SKU_014,Distributor,North,38,46682.24,0.12,1,1,1396
2023-05-27,SKU_024,D2C,North,29,135998.4,0.2,0,0,5862
2023-02-27,SKU_001,Retail,West,42,197794.8,0.06,1,0,5010
2023-02-11,SKU_044,D2C,West,58,307404.64,0.03,0,0,5464
2023-02-19,SKU_006,Flipkart,South,50,159165.0,0.1,1,0,3537
2023-02-28,SKU_041,D2C,East,64,336526.07999999996,0.07,1,0,5654
2023-01-02,SKU_050,Distributor,North,75,66759.0,0.23,1,1,1156
2023-06-28,SKU_018,Amazon,Central,42,115365.59999999999,0.3,1,0,3924
2023-05-15,SKU_003,Distributor,North,40,186295.2,0.09,0,1,5118
2023-04-13,SKU_027,Flipkart,Central,69,157638.78,0.13,0,0,2626
2023-06-10,SKU_024,Retail,West,70,170060.8,0.27,1,1,3328
2023-01-13,SKU_036,Retail,West,64,126443.52,0.02,1,0,2016
2023-06-30,SKU_048,Flipkart,Central,30,93609.0,0.1,0,0,3467
2023-04-13,SKU_029,Amazon,Central,58,61502.04,0.14,0,1,1233
2023-05-28,SKU_018,Distributor,East,52,150055.88,0.27,0,0,3953
2023-06-14,SKU_043,Flipkart,North,71,197249.36000000002,0.12,0,0,3157
2023-03-07,SKU_004,Distributor,East,38,105790.48000000001,0.21,1,0,3524
2023-02-01,SKU_006,D2C,South,16,19296.0,0.28,1,1,1675
2023-05-10,SKU_005,Retail,West,63,119020.86,0.26,0,0,2553
2023-01-11,SKU_016,Amazon,Central,0,0.0,0.12,1,1,5437
2023-03-12,SKU_023,Retail,West,35,46123.35,0.07,1,0,1417
2023-04-26,SKU_044,Distributor,East,29,95626.05,0.11,0,1,3705
2023-04-03,SKU_010,D2C,North,29,26288.5,0.26,0,1,1225
2023-06-24,SKU_038,D2C,Central,35,165153.45,0.21,1,1,5973
2023-01-12,SKU_013,Flipkart,South,74,118738.92,0.06,0,1,1707
2023-02-18,SKU_007,Amazon,Central,66,222021.36,0.03,1,0,3468
2023-05-15,SKU_002,D2C,South,44,185812.0,0.18,0,1,5150
2023-05-29,SKU_048,Retail,East,72,116516.16,0.08,0,1,1759
2023-03-01,SKU_012,D2C,West,28,101376.8,0.14,0,0,4210
2023-03-23,SKU_049,Retail,Central,26,99911.5,0.05,0,0,4045
2023-04-17,SKU_014,Retail,North,67,180029.0,0.0,0,0,2687
2023-03-11,SKU_040,Distributor,West,61,125106.73,0.17,0,1,2471
2023-06-28,SKU_043,Distributor,Central,40,98860.8,0.24,1,0,3252
2023-03-15,SKU_001,Retail,North,27,108501.12000000001,0.09,0,0,4416
2023-03-03,SKU_019,Flipkart,Central,79,250663.05,0.01,1,0,3205
2023-06-04,SKU_042,Distributor,West,15,17343.6,0.03,0,1,1192
2023-05-01,SKU_036,Distributor,East,38,49502.6,0.3,0,0,1861
2023-02-02,SKU_039,D2C,North,54,247664.52,0.14,0,0,5333
2023-05-28,SKU_003,Distributor,West,86,395581.07999999996,0.07,0,0,4946
2023-06-27,SKU_001,D2C,Central,57,203187.33,0.07,1,0,3833
2023-02-05,SKU_012,D2C,North,59,140176.92,0.22,1,0,3046
2023-06-29,SKU_014,Flipkart,South,38,147896.0,0.0,0,0,3892
2023-01-28,SKU_022,Distributor,North,61,284504.0,0.12,0,1,5300
2023-03-06,SKU_039,Distributor,East,52,87406.8,0.22,0,1,2155
2023-02-04,SKU_025,Retail,West,18,45520.2,0.05,0,1,2662
2023-06-03,SKU_003,Amazon,North,65,75185.5,0.14,1,1,1345
2023-06-09,SKU_031,Amazon,Central,69,292679.37,0.07,0,0,4561
2023-01-20,SKU_010,D2C,Central,66,141134.4,0.12,0,0,2430
2023-06-11,SKU_030,Amazon,Central,50,160429.5,0.23,1,0,4167
2023-01-13,SKU_028,Flipkart,West,30,58322.4,0.24,1,1,2558
2023-05-30,SKU_021,D2C,South,3,4380.84,0.14,0,0,1698
2023-05-05,SKU_015,D2C,Central,53,68660.97,0.07,0,0,1393
2023-01-17,SKU_011,Retail,South,71,145841.1,0.18,0,0,2505
2023-05-22,SKU_046,Flipkart,North,69,321143.94,0.19,1,0,5746
2023-01-23,SKU_008,D2C,West,66,122202.96,0.18,0,0,2258
2023-05-22,SKU_030,Flipkart,South,48,114861.12,0.27,1,1,3278
2023-05-04,SKU_046,Flipkart,North,71,210610.14,0.22,1,0,3803
2023-05-03,SKU_045,Retail,Central,68,168606.0,0.13,1,1,2850
2023-03-11,SKU_044,Amazon,North,41,106508.16,0.01,1,1,2624
2023-06-27,SKU_025,Flipkart,South,63,179071.2,0.24,0,0,3740
2023-01-23,SKU_027,Flipkart,East,39,174107.31,0.21,0,1,5651
2023-01-27,SKU_004,D2C,Central,60,74476.8,0.28,1,0,1724
2023-03-20,SKU_047,Retail,South,24,29090.88,0.09,0,1,1332
2023-01-07,SKU_034,D2C,South,25,66321.5,0.02,0,0,2707
2023-04-11,SKU_020,Flipkart,Central,71,194078.5,0.29,0,0,3850
2023-05-01,SKU_013,D2C,West,68,252046.08,0.01,1,1,3744
2023-04-26,SKU_025,Retail,West,62,242365.44,0.04,1,1,4072
2023-05-06,SKU_021,Amazon,Central,51,146905.5,0.3,0,1,4115
2023-01-12,SKU_023,Flipkart,East,2,8460.76,0.18,1,0,5159
2023-06-04,SKU_029,Retail,East,48,57672.0,0.1,1,1,1335
2023-05-03,SKU_031,Retail,East,59,297335.22000000003,0.09,0,1,5538
2023-05-11,SKU_038,Retail,North,39,172831.62,0.14,0,0,5153
2023-04-07,SKU_031,Amazon,South,35,134792.0,0.17,0,1,4640
2023-03-01,SKU_008,Amazon,East,78,155950.08,0.29,1,0,2816
2023-03-17,SKU_001,Retail,Central,48,262039.68,0.03,1,1,5628
2023-02-05,SKU_007,Distributor,South,59,180168.30000000002,0.22,1,0,3915
2023-02-07,SKU_012,D2C,West,65,162805.5,0.1,1,1,2783
2023-06-21,SKU_031,Amazon,West,29,64757.29,0.11,1,1,2509
2023-06-20,SKU_040,Amazon,North,53,150366.3,0.02,0,1,2895
2023-04-21,SKU_002,Retail,North,76,320169.0,0.25,1,1,5617
2023-03-10,SKU_003,Retail,South,86,262734.3,0.07,1,0,3285
2023-02-06,SKU_040,Retail,East,50,220504.0,0.14,0,1,5128
2023-02-23,SKU_023,Distributor,West,45,90537.3,0.02,0,0,2053
2023-04-30,SKU_036,Distributor,North,55,238051.0,0.15,0,1,5092
2023-06-05,SKU_009,Flipkart,Central,54,246153.6,0.23,1,1,5920
2023-05-14,SKU_008,Distributor,Central,77,351715.20999999996,0.03,1,1,4709
2023-04-01,SKU_042,Distributor,North,30,90852.3,0.01,1,1,3059
2023-06-12,SKU_012,Distributor,South,44,185534.36,0.29,1,1,5939
2023-03-19,SKU_018,D2C,South,27,42444.0,0.25,1,0,2096
2023-06-22,SKU_014,D2C,West,29,109158.03000000001,0.19,1,1,4647
2023-04-20,SKU_010,Amazon,West,57,250771.5,0.25,1,1,5866
2023-04-13,SKU_050,Retail,Central,66,201257.1,0.13,1,1,3505
2023-03-27,SKU_031,Retail,Central,37,168192.75,0.05,1,0,4785
2023-04-11,SKU_023,Amazon,South,65,85784.4,0.28,1,0,1833
2023-02-14,SKU_031,Flipkart,South,72,76498.56,0.24,0,0,1398
2023-01-18,SKU_017,Retail,East,88,100615.68,0.28,0,1,1588
2023-06-13,SKU_042,Amazon,East,51,111677.76,0.04,0,0,2281
2023-02-02,SKU_038,D2C,North,37,34216.49,0.23,1,0,1201
2023-06-02,SKU_032,Flipkart,South,29,141919.04,0.18,1,0,5968
2023-04-25,SKU_005,D2C,East,27,54979.56,0.29,1,1,2868
2023-05-24,SKU_008,Flipkart,West,74,138195.0,0.1,0,0,2075
2023-04-30,SKU_042,D2C,West,19,97410.72,0.12,0,0,5826
2023-01-25,SKU_032,Retail,North,74,86972.2,0.27,1,1,1610
2023-02-12,SKU_028,Distributor,East,32,131022.08,0.02,1,0,4178
2023-05-22,SKU_010,Distributor,South,36,159455.52,0.16,1,1,5273
2023-03-01,SKU_023,Distributor,Central,46,193809.5,0.05,0,0,4435
2023-04-04,SKU_009,Flipkart,South,35,31911.6,0.13,0,1,1048
2023-05-13,SKU_001,Amazon,West,68,109082.87999999999,0.04,1,0,1671
2023-05-21,SKU_049,Amazon,Central,86,248794.56,0.16,1,0,3444
2023-02-05,SKU_018,Distributor,East,36,167637.6,0.1,0,1,5174
2023-01-08,SKU_022,D2C,South,41,200875.4,0.15,1,1,5764
2023-03-08,SKU_021,Amazon,East,46,66533.94,0.01,1,0,1461
2023-03-30,SKU_029,Retail,East,60,313470.0,0.1,1,0,5805
2023-05-15,SKU_023,Distributor,Central,46,119629.44,0.04,1,1,2709
2023-05-28,SKU_029,D2C,South,77,123742.08,0.04,1,1,1674
2023-03-15,SKU_039,Amazon,North,72,99475.2,0.12,0,0,1570
2023-04-28,SKU_031,Amazon,South,26,45688.5,0.29,0,0,2475
2023-01-26,SKU_002,D2C,North,60,212799.6,0.22,1,1,4547
2023-06-04,SKU_047,Amazon,East,80,90652.8,0.16,0,0,1349
2023-04-27,SKU_003,Distributor,South,40,60608.0,0.2,1,1,1894
2023-04-21,SKU_016,Distributor,Central,44,90385.68,0.27,0,1,2814
2023-01-24,SKU_009,Amazon,South,39,162861.66,0.21,0,1,5286
2023-02-18,SKU_041,Amazon,Central,39,170390.22,0.23,0,0,5674
2023-02-02,SKU_011,Flipkart,South,16,13160.0,0.3,0,1,1175
2023-06-17,SKU_039,Flipkart,North,23,40166.28,0.23,1,0,2268
2023-04-12,SKU_023,Flipkart,Central,51,165020.69999999998,0.05,0,1,3406
2023-03-19,SKU_048,Amazon,West,80,125414.40000000001,0.08,1,1,1704
2023-05-08,SKU_047,Retail,West,37,62076.009999999995,0.29,0,0,2363
2023-04-05,SKU_037,Amazon,Central,37,200768.66,0.03,0,1,5594
2023-02-01,SKU_026,Amazon,Central,84,135419.76,0.03,1,1,1662
2023-03-15,SKU_001,Flipkart,West,27,39910.32,0.28,1,0,2053
2023-05-24,SKU_013,Distributor,South,16,71485.12,0.02,0,1,4559
2023-06-02,SKU_044,D2C,East,33,33325.049999999996,0.05,1,0,1063
2023-04-20,SKU_002,D2C,South,36,71586.72,0.27,0,1,2724
2023-01-05,SKU_031,Retail,Central,15,44482.2,0.11,0,0,3332
2023-02-25,SKU_035,Amazon,East,47,140692.15,0.05,1,0,3151
2023-05-11,SKU_011,Flipkart,Central,68,127077.04000000001,0.18,1,0,2279
2023-03-21,SKU_021,Flipkart,North,24,118173.6,0.1,0,1,5471
2023-02-11,SKU_041,D2C,East,51,181345.80000000002,0.08,0,1,3865
2023-06-12,SKU_017,Amazon,Central,57,133209.0,0.25,0,1,3116
2023-02-23,SKU_009,Amazon,South,48,60352.32,0.02,0,0,1283
2023-01-09,SKU_046,D2C,North,53,187529.90000000002,0.18,0,1,4315
2023-06-19,SKU_041,Amazon,South,53,101079.48000000001,0.08,0,1,2073
2023-06-14,SKU_046,Amazon,East,33,140926.5,0.22,1,0,5475
2023-05-25,SKU_022,Distributor,North,79,346683.60000000003,0.08,1,1,4770
2023-05-20,SKU_012,Distributor,North,74,87325.92,0.12,0,1,1341
2023-01-15,SKU_032,Distributor,East,73,178222.2,0.22,1,0,3130
2023-02-02,SKU_013,Amazon,East,70,305064.2,0.02,0,1,4447
2023-01-19,SKU_047,Flipkart,East,18,29125.62,0.29,1,0,2279
2023-04-09,SKU_040,Distributor,North,68,253352.36,0.03,1,0,3841
2023-06-06,SKU_028,Retail,Central,63,59693.759999999995,0.06,0,1,1008
2023-03-30,SKU_024,Amazon,South,19,86122.44,0.19,0,0,5596
2023-06-13,SKU_003,Distributor,East,45,247962.59999999998,0.06,0,0,5862
2023-05-21,SKU_021,Flipkart,East,55,234275.8,0.17,1,0,5132
2023-06-02,SKU_020,Amazon,West,83,258213.0,0.25,0,1,4148
2023-03-29,SKU_041,Retail,Central,64,78469.12000000001,0.21,0,1,1552
2023-01-23,SKU_037,Flipkart,Central,32,78650.88,0.23,0,0,3192
2023-03-09,SKU_023,Amazon,East,83,118593.72,0.02,1,0,1458
2023-01-20,SKU_017,Amazon,Central,50,61336.00000000001,0.18,0,0,1496
2023-05-23,SKU_046,D2C,West,44,164718.4,0.3,1,1,5348
2023-05-14,SKU_050,Distributor,Central,43,40744.22,0.27,1,1,1298
2023-02-23,SKU_026,Amazon,East,17,30844.8,0.04,1,1,1890
2023-02-08,SKU_029,Distributor,East,47,83535.45,0.15,0,0,2091
2023-05-07,SKU_028,Flipkart,Central,59,175038.84000000003,0.18,1,0,3618
2023-06-23,SKU_021,Distributor,North,42,39481.26,0.09,0,0,1033
2023-06-07,SKU_012,Distributor,North,58,152164.16,0.24,1,0,3452
2023-05-29,SKU_049,D2C,North,32,106790.4,0.28,1,0,4635
2023-05-12,SKU_041,Amazon,North,47,58866.09,0.17,1,0,1509
2023-01-29,SKU_007,Flipkart,Central,56,124426.4,0.15,0,1,2614
2023-06-10,SKU_012,D2C,West,53,65660.64,0.13,1,1,1424
2023-04-20,SKU_036,D2C,Central,17,90181.59999999999,0.05,1,1,5584
2023-06-11,SKU_013,Amazon,North,41,222777.6,0.04,0,1,5660
2023-06-26,SKU_040,Retail,North,83,288843.32,0.24,1,0,4579
2023-03-18,SKU_018,Retail,South,40,49800.0,0.0,0,1,1245
2023-03-11,SKU_002,Amazon,East,50,224861.0,0.02,0,0,4589
2023-05-25,SKU_031,Amazon,North,48,86808.95999999999,0.16,1,1,2153
2023-04-28,SKU_012,Distributor,East,81,410070.6,0.15,0,0,5956
2023-06-30,SKU_034,Flipkart,South,75,119765.25,0.01,1,1,1613
2023-03-14,SKU_017,Amazon,North,66,86800.56,0.02,0,0,1342
2023-06-24,SKU_040,Distributor,Central,30,78916.8,0.18,1,0,3208
2023-06-16,SKU_007,Distributor,North,57,304623.96,0.08,0,0,5809
2023-05-06,SKU_030,D2C,North,61,215477.01,0.19,1,1,4361
2023-02-20,SKU_003,Amazon,North,36,116416.8,0.26,0,1,4370
2023-04-29,SKU_029,Amazon,West,32,56630.4,0.15,1,0,2082
2023-01-29,SKU_035,Amazon,East,84,174189.12,0.02,0,1,2116
2023-06-15,SKU_006,D2C,Central,43,61747.14,0.22,0,1,1841
2023-05-20,SKU_038,Distributor,West,82,163253.8,0.14,1,1,2315
2023-05-11,SKU_049,D2C,South,69,90131.94,0.18,1,1,1593
2023-01-13,SKU_050,Retail,East,58,159111.4,0.3,1,0,3919
2023-06-18,SKU_015,Flipkart,East,59,151200.48,0.24,0,0,3372
2023-01-15,SKU_015,Amazon,Central,21,23115.539999999997,0.06,1,1,1171
2023-06-21,SKU_007,D2C,East,54,120393.0,0.09,1,0,2450
2023-01-27,SKU_044,D2C,South,78,165531.6,0.1,1,0,2358
2023-02-09,SKU_025,Flipkart,West,63,201511.80000000002,0.1,0,0,3554
2023-06-12,SKU_046,Retail,South,53,184045.68,0.28,0,1,4823
2023-04-13,SKU_004,Retail,South,84,88452.0,0.19,1,0,1300
2023-04-22,SKU_047,Retail,North,46,156343.88,0.23,1,0,4414
2023-04-08,SKU_027,D2C,Central,37,155067.74000000002,0.18,1,0,5111
2023-01-27,SKU_012,Retail,Central,53,168128.72,0.24,1,0,4174
2023-03-08,SKU_042,Distributor,North,65,177366.80000000002,0.08,0,0,2966
2023-01-19,SKU_024,Retail,North,15,47187.0,0.16,1,1,3745
2023-01-20,SKU_040,D2C,North,55,247869.6,0.18,0,0,5496
2023-05-21,SKU_020,Distributor,South,66,183997.44,0.01,1,0,2816
2023-04-19,SKU_024,Amazon,North,44,210830.4,0.1,1,1,5324
2023-01-23,SKU_016,Retail,West,72,380777.76,0.01,0,1,5342
2023-03-04,SKU_017,Flipkart,South,62,352928.8,0.05,0,1,5992
2023-01-12,SKU_040,D2C,North,92,211562.28000000003,0.19,1,1,2839
2023-03-28,SKU_029,Amazon,Central,34,135250.98,0.03,0,1,4101
2023-01-13,SKU_039,D2C,South,66,144703.68,0.29,1,1,3088
2023-02-02,SKU_046,Distributor,Central,29,33642.9,0.1,1,1,1289
2023-05-08,SKU_008,Distributor,West,17,21943.26,0.29,0,0,1818
2023-06-30,SKU_002,Distributor,Central,9,30800.25,0.25,0,0,4563
2023-01-26,SKU_011,Retail,Central,60,159888.6,0.13,1,0,3063
2023-02-11,SKU_011,Amazon,North,53,118904.97,0.17,0,1,2703
2023-05-07,SKU_002,D2C,North,40,54188.0,0.05,0,1,1426
2023-02-18,SKU_014,Amazon,Central,14,25953.2,0.08,1,0,2015
2023-04-25,SKU_023,Retail,East,36,170941.68,0.09,0,0,5218
2023-04-21,SKU_031,Amazon,South,50,155309.0,0.23,1,1,4034
2023-02-02,SKU_042,Flipkart,North,65,155980.5,0.05,1,1,2526
2023-02-16,SKU_042,Amazon,Central,49,164428.81,0.17,0,1,4043
2023-04-14,SKU_030,Amazon,Central,55,254911.80000000002,0.22,0,1,5942
2023-05-15,SKU_045,Retail,South,42,137415.6,0.18,0,1,3990
2023-03-25,SKU_035,Flipkart,South,84,138901.56,0.29,1,0,2329
2023-04-20,SKU_014,D2C,West,29,64151.19,0.19,1,0,2731
2023-03-05,SKU_001,Flipkart,Central,36,89026.56,0.04,1,1,2576
2023-02-09,SKU_048,Retail,South,40,145424.8,0.26,0,0,4913
2023-06-10,SKU_016,Amazon,Central,60,237384.0,0.1,1,0,4396
2023-06-02,SKU_013,Amazon,North,29,50279.04,0.14,0,0,2016
2023-02-26,SKU_028,Amazon,East,52,177776.56,0.06,1,1,3637
2023-02-05,SKU_001,Distributor,North,53,125903.09000000001,0.21,0,0,3007
2023-05-16,SKU_009,Retail,South,36,123226.2,0.15,0,0,4027
2023-06-21,SKU_033,Flipkart,West,56,223969.2,0.09,1,0,4395
2023-04-09,SKU_024,Flipkart,East,29,159018.88999999998,0.03,1,0,5653
2023-05-28,SKU_048,Amazon,North,27,140116.5,0.03,1,1,5350
2023-05-02,SKU_050,Retail,East,51,166437.99000000002,0.21,0,1,4131
2023-01-14,SKU_046,Flipkart,North,16,60469.76,0.21,0,0,4784
2023-06-23,SKU_049,D2C,East,7,15470.56,0.24,0,0,2908
2023-03-23,SKU_034,Retail,West,60,216941.4,0.27,1,1,4953
2023-05-09,SKU_041,D2C,South,70,200707.5,0.25,0,0,3823
2023-02-17,SKU_033,Distributor,North,40,145236.0,0.3,1,0,5187
2023-05-03,SKU_010,Amazon,Central,36,137781.0,0.19,1,0,4725
2023-03-13,SKU_045,Retail,Central,70,211324.4,0.29,0,1,4252
2023-05-26,SKU_022,Amazon,North,27,35006.58,0.02,0,1,1323
2023-05-15,SKU_038,Amazon,West,22,21083.04,0.28,1,0,1331
2023-05-11,SKU_021,Amazon,East,64,198456.31999999998,0.17,1,0,3736
2023-06-04,SKU_021,Flipkart,West,50,157472.0,0.26,1,1,4256
2023-04-08,SKU_001,Amazon,East,71,81916.25,0.29,1,1,1625
2023-02-21,SKU_013,Retail,East,7,29799.0,0.14,0,0,4950
2023-06-12,SKU_019,Retail,West,21,21816.48,0.14,1,0,1208
2023-01-25,SKU_003,Flipkart,Central,50,129672.0,0.28,1,1,3602
2023-01-28,SKU_018,Amazon,North,58,172704.86,0.27,1,0,4079
2023-04-10,SKU_043,Amazon,South,66,267634.62,0.21,0,0,5133
2023-06-08,SKU_023,Flipkart,North,53,222987.96000000002,0.22,0,0,5394
2023-02-08,SKU_045,Flipkart,West,53,48785.44,0.12,1,1,1046
2023-04-14,SKU_034,Amazon,South,42,181080.9,0.01,1,1,4355
2023-05-09,SKU_024,Retail,East,81,162797.04,0.03,1,1,2072
2023-02-08,SKU_023,Flipkart,East,27,31734.99,0.13,1,0,1351
2023-04-21,SKU_013,Distributor,East,57,123747.0,0.0,0,0,2171
2023-04-13,SKU_044,D2C,North,30,73154.4,0.12,0,1,2771
2023-05-26,SKU_012,D2C,West,60,194352.0,0.2,0,0,4049
2023-04-14,SKU_037,Flipkart,North,29,71703.37,0.03,0,0,2549
2023-04-20,SKU_038,Distributor,West,64,167247.36,0.16,0,0,3111
2023-01-16,SKU_043,Flipkart,West,52,90901.72,0.09,1,0,1921
2023-05-19,SKU_018,Amazon,North,84,65394.0,0.25,0,0,1038
2023-04-29,SKU_004,Distributor,South,44,128959.6,0.21,1,1,3710
2023-02-27,SKU_022,Distributor,South,58,165757.62,0.07,0,1,3073
2023-01-31,SKU_029,Retail,Central,34,135857.54,0.09,1,0,4391
2023-03-20,SKU_044,Flipkart,East,44,232158.08,0.02,0,0,5384
2023-02-01,SKU_049,D2C,North,52,39762.84,0.29,1,0,1077
2023-05-08,SKU_003,Flipkart,West,19,67344.55,0.05,1,1,3731
2023-03-11,SKU_006,Retail,West,21,65121.84,0.28,1,0,4307
2023-03-26,SKU_027,Amazon,North,61,225700.0,0.26,0,0,5000
2023-03-22,SKU_029,Flipkart,West,47,269451.0,0.02,1,1,5850
2023-03-31,SKU_032,D2C,Central,38,48728.16,0.22,1,1,1644
2023-03-12,SKU_007,Distributor,West,35,79358.3,0.27,0,0,3106
2023-01-19,SKU_042,D2C,North,36,189636.48,0.12,1,0,5986
2023-06-26,SKU_035,Flipkart,East,52,168504.96,0.14,1,1,3768
2023-04-20,SKU_046,Flipkart,West,58,320350.24,0.02,0,1,5636
2023-02-27,SKU_045,Retail,South,8,34620.96,0.21,0,1,5478
2023-05-24,SKU_036,Flipkart,West,78,193596.0,0.15,0,0,2920
2023-06-27,SKU_036,Distributor,West,76,233658.19999999998,0.15,0,0,3617
2023-02-19,SKU_033,Flipkart,East,3,8236.2,0.26,1,0,3710
2023-02-27,SKU_033,Retail,South,71,292463.2,0.05,0,0,4336
2023-05-31,SKU_014,Flipkart,East,71,57197.6,0.24,0,1,1060
2023-01-13,SKU_046,Retail,East,50,256080.0,0.04,0,1,5335
2023-06-14,SKU_027,Distributor,Central,24,74448.0,0.25,1,1,4136
2023-03-17,SKU_040,Retail,South,70,70655.2,0.26,1,0,1364
2023-06-22,SKU_015,Distributor,West,45,183243.59999999998,0.06,0,0,4332
2023-05-28,SKU_004,D2C,Central,60,151833.6,0.04,0,1,2636
2023-05-06,SKU_015,Amazon,East,94,84355.59999999999,0.3,1,1,1282
2023-06-25,SKU_002,Retail,North,55,179678.4,0.17,0,0,3936
2023-05-13,SKU_029,Retail,South,31,24293.46,0.26,1,1,1059
2023-05-09,SKU_030,D2C,North,43,89865.27,0.01,1,0,2111
2023-05-22,SKU_047,D2C,East,34,163624.32,0.04,0,0,5013
2023-01-29,SKU_011,Flipkart,West,58,212662.8,0.16,0,1,4365
2023-02-25,SKU_017,Amazon,South,33,29767.98,0.26,0,0,1219
2023-03-23,SKU_039,Flipkart,South,40,129204.0,0.26,1,1,4365
2023-01-24,SKU_048,Flipkart,South,24,44107.68,0.14,0,1,2137
2023-01-07,SKU_004,Flipkart,West,47,159773.68,0.12,0,1,3863
2023-05-18,SKU_025,D2C,East,53,158869.62,0.22,1,0,3843
2023-01-03,SKU_050,Flipkart,South,0,0.0,0.11,1,1,5314
2023-03-29,SKU_004,Amazon,East,55,214280.55,0.27,0,0,5337
2023-02-07,SKU_018,D2C,South,49,64457.54,0.27,0,1,1802
2023-01-09,SKU_050,Retail,Central,34,77252.08,0.14,0,0,2642
2023-02-09,SKU_029,Distributor,Central,90,166725.0,0.05,1,0,1950
2023-05-13,SKU_050,Flipkart,West,69,81820.2,0.23,1,0,1540
2023-04-25,SKU_022,Flipkart,West,28,28365.12,0.16,1,1,1206
2023-01-16,SKU_033,D2C,South,66,198874.5,0.15,0,1,3545
2023-06-03,SKU_047,Flipkart,North,74,200911.48,0.18,1,0,3311
2023-04-16,SKU_017,D2C,Central,52,72519.2,0.24,0,0,1835
2023-04-30,SKU_048,Distributor,North,57,69255.0,0.25,1,0,1620
2023-06-28,SKU_013,Retail,East,56,253755.6,0.15,1,1,5331
2023-04-10,SKU_035,Retail,East,8,7320.0,0.25,1,0,1220
2023-04-29,SKU_024,Distributor,South,46,218269.08000000002,0.19,0,1,5858
2023-02-12,SKU_026,Flipkart,West,45,50640.75,0.29,1,0,1585
2023-01-28,SKU_010,Retail,West,78,85731.36,0.12,0,0,1249
2023-05-04,SKU_037,Amazon,South,56,189349.44,0.24,0,0,4449
2023-06-18,SKU_030,D2C,East,44,100540.43999999999,0.07,0,0,2457
2023-02-09,SKU_013,Distributor,North,48,203407.19999999998,0.27,0,0,5805
2023-03-10,SKU_044,Retail,Central,70,282252.60000000003,0.19,0,1,4978
2023-06-23,SKU_039,Amazon,Central,46,99448.31999999999,0.04,0,0,2252
2023-05-25,SKU_002,Flipkart,North,36,154707.84,0.16,0,1,5116
2023-06-19,SKU_001,Retail,South,44,46208.8,0.11,1,1,1180
2023-05-22,SKU_027,Distributor,Central,68,81499.36,0.24,0,0,1577
2023-04-20,SKU_007,Retail,East,59,89406.24,0.18,1,1,1848
2023-04-28,SKU_007,Distributor,West,50,74243.5,0.17,0,1,1789
2023-05-30,SKU_035,Retail,West,53,227875.62,0.13,1,1,4942
2023-04-26,SKU_039,D2C,Central,38,171547.2,0.01,0,0,4560
2023-03-21,SKU_044,Retail,East,46,99401.40000000001,0.1,1,0,2401
2023-06-02,SKU_039,Amazon,East,36,96696.0,0.15,0,0,3160
2023-02-28,SKU_045,Flipkart,North,44,202712.4,0.1,0,1,5119
2023-06-28,SKU_014,Flipkart,North,76,212661.68000000002,0.21,0,0,3542
2023-04-02,SKU_044,Distributor,East,28,69972.0,0.02,1,0,2550
2023-06-16,SKU_019,Retail,Central,36,163441.8,0.05,1,1,4779
2023-03-10,SKU_012,Distributor,East,24,125621.76,0.12,0,0,5948
2023-03-30,SKU_022,D2C,South,20,71026.8,0.13,0,0,4082
2023-01-04,SKU_002,Amazon,North,46,94322.08,0.29,1,0,2888
2023-04-12,SKU_028,Distributor,Central,37,144470.19999999998,0.3,0,1,5578
2023-06-05,SKU_037,Amazon,East,85,188259.69999999998,0.27,1,0,3034
2023-01-25,SKU_029,Distributor,West,44,167866.16,0.02,0,0,3893
2023-05-30,SKU_037,Distributor,North,75,235912.5,0.1,1,1,3495
2023-01-15,SKU_024,Retail,South,69,289731.0,0.0,0,1,4199
2023-01-31,SKU_031,D2C,North,45,180053.1,0.26,1,0,5407
2023-02-25,SKU_025,Amazon,West,92,126650.87999999999,0.28,0,1,1912
2023-01-06,SKU_007,Distributor,West,55,212204.3,0.02,1,1,3937
2023-04-15,SKU_044,Retail,East,80,141433.6,0.02,0,1,1804
2023-02-16,SKU_024,D2C,Central,77,319895.73000000004,0.19,0,1,5129
2023-05-31,SKU_039,Retail,East,58,167353.19999999998,0.16,0,0,3435
2023-01-10,SKU_041,Amazon,North,65,322140.0,0.16,0,0,5900
2023-04-24,SKU_015,Amazon,West,62,259804.80000000002,0.2,0,1,5238
2023-01-20,SKU_026,Retail,East,27,68760.90000000001,0.22,0,1,3265
2023-02-04,SKU_028,D2C,North,51,215214.9,0.05,0,0,4442
2023-06-19,SKU_040,D2C,North,71,131034.76,0.26,1,0,2494
2023-02-01,SKU_030,Distributor,North,80,98648.0,0.05,1,0,1298
2023-03-11,SKU_044,D2C,Central,35,110111.40000000001,0.19,1,0,3884
2023-03-22,SKU_022,Amazon,North,60,212692.2,0.11,0,0,3983
2023-01-27,SKU_010,Flipkart,Central,53,144768.44,0.08,0,1,2969
2023-02-12,SKU_002,D2C,Central,47,128599.05,0.15,0,0,3219
2023-03-07,SKU_024,Retail,West,57,172947.12,0.08,1,0,3298
2023-02-09,SKU_009,Flipkart,South,54,156686.4,0.28,1,0,4030
2023-01-28,SKU_049,Flipkart,North,60,163035.0,0.25,0,0,3623
2023-03-29,SKU_043,Amazon,North,78,212409.6,0.2,1,0,3404
2023-06-02,SKU_018,Distributor,North,65,94699.15000000001,0.09,1,0,1601
2023-05-20,SKU_045,Amazon,North,56,165849.6,0.04,0,0,3085
2023-06-01,SKU_004,D2C,Central,87,98877.24,0.18,1,1,1386
2023-06-28,SKU_031,Amazon,North,72,346072.32,0.12,1,0,5462
2023-05-24,SKU_021,Flipkart,South,48,57388.799999999996,0.3,0,1,1708
2023-05-02,SKU_040,D2C,Central,25,32197.5,0.1,0,1,1431
2023-05-12,SKU_021,Amazon,South,30,108702.0,0.01,1,1,3660
2023-04-17,SKU_019,Distributor,East,68,193747.63999999998,0.29,0,1,4013
2023-03-10,SKU_021,Flipkart,South,37,34871.39,0.21,0,1,1193
2023-03-27,SKU_033,Amazon,Central,29,55323.88,0.26,1,1,2578
2023-02-21,SKU_044,Amazon,North,34,128948.40000000001,0.1,1,1,4214
2023-04-26,SKU_033,Amazon,West,36,102348.0,0.0,1,1,2843
2023-01-03,SKU_044,Flipkart,South,67,133618.1,0.02,1,0,2035
2023-03-22,SKU_020,D2C,Central,46,55476.0,0.28,1,1,1675
2023-05-04,SKU_019,Distributor,South,22,99329.34,0.11,1,0,5073
2023-06-27,SKU_019,Distributor,Central,50,216300.0,0.25,0,0,5768
2023-01-12,SKU_020,Distributor,North,54,87944.4,0.15,0,1,1916
2023-03-31,SKU_017,Flipkart,Central,40,38710.0,0.21,1,0,1225
2023-01-07,SKU_009,D2C,North,73,213138.09999999998,0.3,0,1,4171
2023-03-25,SKU_008,Distributor,Central,41,63484.4,0.21,0,1,1960
2023-01-28,SKU_045,Retail,North,72,338436.0,0.21,1,1,5950
2023-02-06,SKU_022,D2C,West,61,264641.79,0.27,0,1,5943
2023-02-18,SKU_005,Flipkart,North,68,315441.12,0.07,0,1,4988
2023-01-30,SKU_014,Amazon,South,28,106626.23999999999,0.28,1,1,5289
2023-04-28,SKU_027,Amazon,West,51,262619.91,0.07,1,1,5537
2023-02-06,SKU_030,D2C,South,48,258094.08,0.04,0,0,5601
2023-03-06,SKU_013,Retail,North,21,27850.199999999997,0.05,0,1,1396
2023-04-01,SKU_012,D2C,South,72,275706.0,0.15,0,0,4505
2023-06-20,SKU_030,Amazon,North,33,155172.6,0.15,1,1,5532
2023-04-08,SKU_046,Amazon,Central,37,32445.300000000003,0.21,0,1,1110
2023-05-04,SKU_020,Amazon,East,29,91376.68,0.26,1,0,4258
2023-04-30,SKU_016,Retail,South,64,129414.4,0.27,0,0,2770
2023-05-08,SKU_016,Amazon,South,19,46366.65,0.13,1,1,2805
2023-06-18,SKU_047,Flipkart,Central,62,110477.18,0.03,0,1,1837
2023-06-19,SKU_048,D2C,North,70,269892.0,0.19,0,0,4760
2023-04-07,SKU_019,Distributor,West,60,136298.4,0.24,1,0,2989
2023-01-08,SKU_049,Distributor,North,64,213579.52000000002,0.23,1,1,4334
2023-03-11,SKU_015,Flipkart,South,65,123599.45000000001,0.21,1,0,2407
2023-05-25,SKU_032,Flipkart,East,31,96384.58,0.17,1,1,3746
2023-06-26,SKU_002,Retail,East,78,100926.54,0.01,0,1,1307
2023-02-20,SKU_020,Retail,West,40,48611.2,0.12,1,0,1381
2023-03-01,SKU_040,Distributor,West,48,73919.51999999999,0.29,1,0,2169
2023-06-08,SKU_014,Flipkart,East,43,183857.68,0.24,0,0,5626
2023-04-30,SKU_012,Retail,South,59,289657.55,0.09,1,1,5395
2023-06-10,SKU_007,Distributor,West,39,162135.48,0.26,1,1,5618
2023-04-03,SKU_029,Distributor,Central,51,69950.58,0.03,0,1,1414
2023-04-30,SKU_032,D2C,East,25,61788.25,0.11,0,1,2777
2023-01-14,SKU_049,Distributor,West,73,84100.38,0.09,1,0,1266
2023-04-19,SKU_038,Amazon,North,63,104973.12000000001,0.18,0,1,2032
2023-06-02,SKU_029,Amazon,North,44,129658.76000000001,0.23,1,1,3827
2023-04-14,SKU_026,Retail,South,40,228771.19999999998,0.02,0,1,5836
2023-04-01,SKU_050,Distributor,East,62,262917.2,0.09,0,1,4660
2023-03-20,SKU_040,Amazon,North,35,176226.05000000002,0.09,0,1,5533
2023-03-19,SKU_016,D2C,West,52,297142.04,0.03,1,0,5891
2023-05-25,SKU_010,Distributor,Central,73,144414.44,0.24,0,1,2603
2023-02-02,SKU_020,Distributor,Central,33,107660.51999999999,0.07,0,0,3508
2023-01-05,SKU_005,D2C,East,57,241470.24,0.12,1,0,4814
2023-02-24,SKU_014,Amazon,South,56,64456.560000000005,0.19,1,0,1421
2023-05-25,SKU_008,Amazon,North,48,246024.0,0.1,0,0,5695
2023-06-13,SKU_032,Amazon,North,39,153106.2,0.1,0,0,4362
2023-01-21,SKU_027,Amazon,South,74,198758.82,0.03,1,0,2769
2023-02-05,SKU_025,Distributor,Central,38,120026.8,0.15,1,0,3716
2023-01-08,SKU_008,Flipkart,Central,13,51277.2,0.24,0,0,5190
2023-05-27,SKU_049,Distributor,West,62,194464.24,0.24,0,0,4127
2023-04-03,SKU_026,Flipkart,Central,25,78910.5,0.07,1,0,3394
2023-01-10,SKU_005,Amazon,East,63,251669.25,0.05,0,0,4205
2023-05-04,SKU_025,D2C,East,76,92581.68000000001,0.21,0,0,1542
2023-02-09,SKU_021,D2C,South,62,307076.7,0.11,0,0,5565
2023-05-20,SKU_043,Retail,West,71,323480.97,0.07,1,1,4899
2023-03-27,SKU_021,Flipkart,Central,90,384069.6,0.28,1,0,5927
2023-01-11,SKU_024,Amazon,South,69,244629.15,0.03,0,0,3655
2023-06-18,SKU_001,D2C,East,56,150186.96,0.01,1,1,2709
2023-01-17,SKU_035,D2C,South,82,262908.4,0.08,1,1,3485
2023-02-14,SKU_009,D2C,East,85,243882.0,0.1,1,0,3188
2023-05-24,SKU_044,D2C,North,85,233750.0,0.0,0,0,2750
2023-04-15,SKU_039,Flipkart,Central,40,162832.80000000002,0.22,1,1,5219
2023-01-03,SKU_047,D2C,East,22,90740.31999999999,0.14,0,0,4796
2023-06-21,SKU_026,Retail,East,38,193216.32,0.01,1,1,5136
2023-05-01,SKU_001,D2C,Central,64,248249.6,0.21,0,0,4910
2023-02-08,SKU_045,Amazon,West,53,90795.36,0.17,1,0,2064
2023-03-06,SKU_040,D2C,Central,45,136663.2,0.26,0,1,4104
2023-01-26,SKU_047,Distributor,West,61,136982.82,0.22,0,0,2879
2023-03-25,SKU_042,Retail,East,20,48146.0,0.05,1,0,2534
2023-03-29,SKU_036,D2C,West,52,80165.28,0.13,1,1,1772
2023-05-29,SKU_041,Flipkart,West,72,151477.91999999998,0.27,0,0,2882
2023-05-08,SKU_004,Distributor,East,60,79891.2,0.27,1,0,1824
2023-03-28,SKU_027,D2C,North,63,90929.79000000001,0.21,1,1,1827
2023-02-17,SKU_032,Flipkart,South,81,351670.41000000003,0.09,0,1,4771
2023-05-18,SKU_005,Amazon,West,48,127253.28,0.23,1,1,3443
2023-01-30,SKU_016,Flipkart,East,36,174409.2,0.1,1,1,5383
2023-05-19,SKU_006,Distributor,North,73,128753.75,0.17,0,0,2125
2023-01-19,SKU_043,Distributor,South,73,174710.9,0.09,1,1,2630
2023-02-15,SKU_002,Retail,East,61,172775.79,0.01,0,0,2861
2023-04-29,SKU_016,Retail,South,46,191620.82,0.21,0,1,5273
2023-01-22,SKU_022,Distributor,North,50,125768.0,0.21,0,1,3184
2023-03-14,SKU_009,Retail,South,24,84428.88,0.21,1,1,4453
2023-02-19,SKU_050,Flipkart,Central,72,190836.0,0.25,1,0,3534
2023-03-22,SKU_005,D2C,Central,71,176829.76,0.14,1,0,2896
2023-05-22,SKU_006,Amazon,West,23,71853.84,0.28,1,0,4339
2023-01-13,SKU_031,Distributor,North,67,389035.5,0.02,0,0,5925
2023-04-27,SKU_001,Distributor,West,58,63264.08,0.26,1,1,1474
2023-03-19,SKU_034,Flipkart,South,29,37816.87,0.09,0,0,1433
2023-05-26,SKU_041,Flipkart,North,25,130487.0,0.02,0,1,5326
2023-05-30,SKU_004,Distributor,Central,57,189705.12,0.12,0,0,3782
2023-05-06,SKU_045,Distributor,Central,42,156587.34,0.09,1,1,4097
2023-04-29,SKU_019,Amazon,East,86,235820.6,0.15,0,0,3226
2023-05-15,SKU_022,Amazon,Central,69,185443.02000000002,0.21,1,0,3402
2023-05-17,SKU_032,Distributor,North,59,79343.20000000001,0.18,0,1,1640
2023-03-15,SKU_016,Distributor,South,60,138990.0,0.18,1,0,2825
2023-01-10,SKU_023,Retail,Central,76,234639.36,0.04,1,0,3216
2023-02-26,SKU_001,Retail,North,66,335640.36,0.11,1,0,5714
2023-04-22,SKU_034,Flipkart,North,59,187256.56,0.03,0,1,3272
2023-02-02,SKU_016,Amazon,East,30,107845.2,0.13,0,1,4132
2023-06-16,SKU_033,D2C,West,111,122268.72,0.02,1,0,1124
2023-01-25,SKU_026,Retail,North,27,106045.74,0.14,0,0,4567
2023-04-15,SKU_004,Distributor,North,43,67682.0,0.0,0,0,1574
2023-04-07,SKU_024,Flipkart,Central,16,15898.4,0.15,1,0,1169
2023-01-16,SKU_038,D2C,Central,60,218526.0,0.14,0,0,4235
2023-03-19,SKU_023,Retail,West,53,156286.4,0.03,0,0,3040
2023-02-25,SKU_047,Amazon,East,65,243464.0,0.2,0,1,4682
2023-05-13,SKU_006,Amazon,North,15,36189.9,0.21,1,1,3054
2023-04-10,SKU_039,Flipkart,North,72,189987.12,0.13,0,1,3033
2023-02-03,SKU_009,D2C,West,33,169295.94,0.01,0,1,5182
2023-05-07,SKU_001,Flipkart,West,47,207727.78,0.11,1,0,4966
2023-03-20,SKU_043,Distributor,Central,68,87336.48,0.23,1,0,1668
2023-06-22,SKU_018,Flipkart,North,55,68522.3,0.23,0,1,1618
2023-04-12,SKU_027,Distributor,North,56,96853.68,0.01,0,0,1747
2023-05-20,SKU_006,Retail,West,65,278122.0,0.05,0,1,4504
2023-04-13,SKU_038,Amazon,East,58,263984.1,0.05,0,1,4791
2023-03-08,SKU_049,D2C,North,43,58768.100000000006,0.21,1,1,1730
2023-06-13,SKU_010,D2C,Central,46,142042.48,0.24,0,0,4063
2023-01-17,SKU_028,Amazon,Central,54,291081.6,0.04,0,1,5615
2023-06-03,SKU_023,Retail,East,32,141900.80000000002,0.08,0,1,4820
2023-04-13,SKU_037,D2C,East,69,145410.6,0.18,0,0,2570
2023-06-26,SKU_046,Distributor,South,55,160318.94999999998,0.27,0,0,3993
2023-05-26,SKU_014,Distributor,South,51,79468.2,0.02,0,0,1590
2023-01-23,SKU_025,Distributor,North,73,341620.29,0.01,0,0,4727
2023-02-26,SKU_035,Retail,North,47,144810.76,0.08,0,0,3349
2023-06-15,SKU_043,Flipkart,West,46,207625.6,0.09,0,0,4960
2023-03-23,SKU_040,Amazon,North,40,90884.8,0.14,1,0,2642
2023-04-04,SKU_005,Distributor,West,56,109625.6,0.2,0,1,2447
2023-02-12,SKU_019,Distributor,West,56,85205.12000000001,0.09,1,0,1672
2023-02-15,SKU_050,Retail,West,36,79545.6,0.2,0,1,2762
2023-03-31,SKU_032,Distributor,East,46,59357.48,0.09,1,1,1418
2023-01-01,SKU_021,Amazon,West,36,99557.64,0.09,1,0,3039
2023-06-27,SKU_045,D2C,North,35,39643.450000000004,0.23,0,1,1471
2023-06-11,SKU_025,D2C,East,15,54063.9,0.14,1,1,4191
2023-06-09,SKU_011,Flipkart,Central,45,173136.6,0.02,0,1,3926
2023-01-17,SKU_033,Flipkart,West,15,44922.15,0.09,1,0,3291
2023-01-23,SKU_027,D2C,Central,40,179835.6,0.21,0,0,5691
2023-01-20,SKU_012,Amazon,East,37,144812.82,0.26,0,0,5289
2023-05-30,SKU_040,Distributor,Central,71,62340.840000000004,0.19,0,0,1084
2023-06-04,SKU_026,D2C,North,29,68549.04,0.28,1,0,3283
2023-04-15,SKU_042,Flipkart,South,34,74613.0,0.23,0,0,2850
2023-01-23,SKU_049,Flipkart,North,42,123113.76,0.12,1,0,3331
2023-06-23,SKU_012,Flipkart,Central,38,40114.32,0.24,1,0,1389
2023-01-13,SKU_046,Flipkart,West,77,188703.9,0.1,1,1,2723
2023-03-20,SKU_017,Flipkart,North,27,126043.02,0.18,1,0,5693
2023-03-03,SKU_033,Retail,North,42,55507.200000000004,0.2,1,0,1652
2023-04-26,SKU_044,Amazon,South,56,277401.60000000003,0.1,1,0,5504
2023-02-07,SKU_013,Flipkart,East,67,263115.03,0.21,0,0,4971
2023-06-26,SKU_048,Flipkart,North,42,134681.4,0.1,1,1,3563
2023-05-16,SKU_040,D2C,East,11,30104.469999999998,0.27,0,0,3749
2023-01-13,SKU_038,Retail,West,46,116996.40000000001,0.19,1,0,3140
2023-02-15,SKU_019,D2C,Central,77,273467.04,0.16,1,0,4228
2023-06-12,SKU_020,Amazon,East,55,166320.0,0.16,1,1,3600
2023-02-21,SKU_041,Distributor,South,54,138718.98,0.27,0,0,3519
2023-06-28,SKU_041,Retail,North,28,112366.8,0.09,0,1,4410
2023-04-13,SKU_005,D2C,West,26,81224.0,0.2,0,1,3905
2023-04-12,SKU_020,Distributor,West,50,109746.0,0.22,0,1,2814
2023-03-27,SKU_005,Flipkart,South,21,27586.44,0.11,1,1,1476
2023-03-02,SKU_033,Retail,South,65,234908.7,0.13,1,0,4154
2023-04-05,SKU_019,Amazon,North,33,127710.0,0.0,0,0,3870
2023-01-05,SKU_016,Amazon,Central,49,205995.02,0.03,1,0,4334
2023-04-14,SKU_034,Amazon,East,12,23221.8,0.03,1,0,1995
2023-05-26,SKU_031,D2C,East,42,187354.44,0.22,0,1,5719
2023-02-07,SKU_045,Amazon,Central,26,46672.08,0.16,1,1,2137
2023-02-24,SKU_041,Distributor,North,3,12516.93,0.19,1,0,5151
2023-05-06,SKU_017,Amazon,South,60,151515.0,0.25,1,0,3367
2023-05-19,SKU_033,Flipkart,West,82,195095.22,0.29,1,0,3351
2023-02-16,SKU_014,Flipkart,East,72,288864.0,0.15,1,0,4720
2023-03-26,SKU_001,Distributor,East,63,331092.08999999997,0.07,1,1,5651
2023-04-27,SKU_001,D2C,West,41,164704.79,0.27,0,1,5503
2023-06-22,SKU_020,Retail,East,66,365840.64,0.04,0,1,5774
2023-02-24,SKU_011,Distributor,East,74,197654.0,0.0,1,1,2671
2023-06-05,SKU_029,Amazon,East,52,199397.12,0.08,0,0,4168
2023-01-11,SKU_050,Amazon,South,26,155818.0,0.0,0,1,5993
2023-06-29,SKU_014,Retail,North,40,145758.0,0.15,1,1,4287
2023-04-16,SKU_001,Retail,West,84,339311.28,0.23,0,1,5246
2023-02-28,SKU_036,D2C,Central,48,218070.72,0.13,1,0,5222
2023-06-12,SKU_001,Retail,East,0,0.0,0.26,1,0,1393
2023-03-03,SKU_014,Amazon,North,20,36868.6,0.17,1,0,2221
2023-03-10,SKU_027,D2C,East,41,45123.78,0.22,1,1,1411
2023-02-05,SKU_040,Flipkart,West,70,274229.2,0.26,1,0,5294
2023-06-09,SKU_001,Flipkart,West,44,57811.159999999996,0.17,1,0,1583
2023-02-05,SKU_018,Distributor,Central,71,100365.59999999999,0.07,1,1,1520
2023-05-13,SKU_014,Flipkart,Central,39,201240.0,0.0,0,0,5160
2023-01-13,SKU_008,Distributor,East,10,47828.0,0.12,1,0,5435
2023-06-04,SKU_032,Retail,Central,40,51128.8,0.21,0,0,1618
2023-01-08,SKU_011,D2C,South,56,177354.8,0.03,0,0,3265
2023-04-28,SKU_024,Flipkart,Central,55,162333.6,0.22,1,1,3784
2023-06-21,SKU_014,Distributor,Central,24,63371.759999999995,0.29,1,1,3719
2023-03-23,SKU_010,Amazon,Central,42,184235.52000000002,0.08,0,0,4768
2023-05-27,SKU_048,Flipkart,East,103,442273.75999999995,0.06,0,0,4568
2023-05-05,SKU_006,Flipkart,West,25,27659.5,0.06,1,0,1177
2023-02-04,SKU_031,D2C,Central,63,269924.13,0.07,0,1,4607
2023-03-29,SKU_010,Retail,West,8,36393.28,0.23,1,1,5908
2023-02-08,SKU_033,Flipkart,East,67,191834.40000000002,0.2,0,1,3579
2023-02-24,SKU_012,Amazon,South,32,35997.76,0.27,0,1,1541
2023-05-09,SKU_033,Amazon,Central,58,257051.94,0.03,1,1,4569
2023-04-08,SKU_014,Distributor,East,24,61145.76,0.18,1,0,3107
2023-04-13,SKU_044,Retail,South,55,154221.09999999998,0.06,0,1,2983
2023-01-10,SKU_008,Distributor,Central,31,64435.979999999996,0.02,1,1,2121
2023-06-23,SKU_016,Distributor,South,35,97104.0,0.04,1,0,2890
2023-01-17,SKU_014,Distributor,Central,58,149988.0,0.0,0,1,2586
2023-06-06,SKU_045,Distributor,Central,41,39879.06,0.14,0,1,1131
2023-05-02,SKU_011,Flipkart,Central,57,290530.71,0.11,1,1,5727
2023-02-25,SKU_012,Distributor,North,46,233358.0,0.05,0,0,5340
2023-02-20,SKU_026,Flipkart,East,51,147953.55,0.15,0,0,3413
2023-06-11,SKU_003,Distributor,South,58,103947.6,0.13,1,0,2060
2023-04-05,SKU_020,Retail,Central,42,212843.4,0.15,1,0,5962
2023-03-29,SKU_040,Retail,North,30,134341.19999999998,0.16,0,1,5331
2023-04-26,SKU_003,Retail,East,39,43882.02,0.06,1,0,1197
2023-05-06,SKU_021,Flipkart,Central,73,75131.59999999999,0.17,1,1,1240
2023-05-11,SKU_002,Flipkart,South,52,172009.76,0.18,0,0,4034
2023-05-10,SKU_038,Amazon,North,33,55130.79,0.29,0,1,2353
2023-06-02,SKU_044,D2C,Central,58,269559.06,0.21,1,1,5883
2023-01-30,SKU_004,D2C,South,59,140716.18,0.26,1,1,3223
2023-06-20,SKU_036,D2C,South,60,157172.40000000002,0.19,0,0,3234
2023-06-14,SKU_038,Amazon,East,30,30470.999999999996,0.3,0,1,1451
2023-06-10,SKU_037,Distributor,West,36,47700.36,0.13,1,1,1523
2023-06-28,SKU_047,Flipkart,East,36,131774.04,0.19,0,0,4519
2023-04-10,SKU_029,Distributor,Central,42,74154.36,0.14,0,0,2053
2023-05-24,SKU_019,Flipkart,East,60,164032.80000000002,0.18,1,1,3334
2023-06-21,SKU_032,Amazon,West,55,81644.2,0.26,0,0,2006
2023-03-13,SKU_047,Amazon,North,57,156827.52,0.04,1,1,2866
2023-03-07,SKU_018,D2C,North,77,315884.80000000005,0.2,1,1,5128
2023-04-20,SKU_030,Amazon,South,63,262600.38,0.17,1,1,5022
2023-04-09,SKU_009,Flipkart,North,47,107484.3,0.23,1,1,2970
2023-04-10,SKU_018,D2C,North,26,91820.04,0.29,0,0,4974
2023-05-25,SKU_031,Amazon,Central,35,128363.2,0.27,1,1,5024
2023-05-05,SKU_024,Retail,West,44,146981.12,0.27,0,1,4576
2023-03-11,SKU_038,Flipkart,West,66,118790.09999999999,0.29,0,0,2535
2023-04-23,SKU_046,Flipkart,South,49,199764.18,0.29,1,0,5742
2023-03-06,SKU_046,Retail,East,36,165381.12,0.03,1,1,4736
2023-05-27,SKU_001,Retail,East,35,51899.05,0.21,0,0,1877
2023-01-14,SKU_040,Amazon,South,48,142485.12,0.13,1,0,3412
2023-04-24,SKU_005,Distributor,Central,67,80893.12,0.12,0,0,1372
2023-03-18,SKU_040,Retail,Central,81,163749.6,0.05,1,1,2128
2023-03-22,SKU_020,D2C,North,45,157934.7,0.14,1,1,4081
2023-02-06,SKU_044,D2C,North,49,48596.24,0.12,1,0,1127
2023-03-29,SKU_029,D2C,West,25,47236.75,0.11,1,0,2123
2023-04-26,SKU_044,D2C,East,88,233838.0,0.25,1,1,3543
2023-02-15,SKU_021,D2C,West,21,99450.12,0.06,0,0,5038
2023-05-19,SKU_026,D2C,North,73,306216.75,0.25,0,0,5593
2023-03-05,SKU_007,Amazon,East,42,121027.20000000001,0.2,1,1,3602
2023-04-24,SKU_027,D2C,South,38,166143.6,0.16,0,0,5205
2023-01-04,SKU_042,Distributor,North,27,41450.13,0.27,0,1,2103
2023-04-19,SKU_043,D2C,South,98,246396.5,0.11,0,0,2825
2023-01-30,SKU_049,Retail,West,54,46889.28,0.28,1,0,1206
2023-05-25,SKU_006,Amazon,South,50,160947.0,0.19,0,0,3974
2023-06-01,SKU_027,Retail,South,67,258274.94999999998,0.07,1,0,4145
2023-04-05,SKU_035,Flipkart,Central,36,88646.40000000001,0.2,0,0,3078
2023-02-17,SKU_034,D2C,East,50,58330.0,0.24,0,0,1535
2023-06-19,SKU_034,Amazon,South,51,230968.8,0.15,0,1,5328
2023-06-04,SKU_002,Distributor,West,39,133088.67,0.01,0,0,3447
2023-04-03,SKU_030,D2C,South,73,378622.52999999997,0.07,0,0,5577
2023-04-06,SKU_004,D2C,Central,45,144892.8,0.28,1,0,4472
2023-03-18,SKU_049,Amazon,East,18,45222.840000000004,0.22,0,0,3221
2023-05-31,SKU_040,D2C,South,43,75683.87,0.29,0,0,2479
2023-01-06,SKU_008,Retail,North,54,199508.4,0.09,1,0,4060
2023-03-18,SKU_011,Distributor,South,32,126926.4,0.07,1,0,4265
2023-05-21,SKU_044,Amazon,Central,33,118661.06999999999,0.03,0,1,3707
2023-01-17,SKU_018,Flipkart,West,39,173374.88999999998,0.03,0,0,4583
2023-03-30,SKU_010,Flipkart,Central,74,97745.12,0.12,1,1,1501
2023-04-28,SKU_040,Distributor,Central,40,124531.2,0.06,0,1,3312
2023-03-30,SKU_048,D2C,South,78,286240.5,0.25,0,0,4893
2023-03-27,SKU_011,Distributor,South,37,67628.6,0.24,1,1,2405
2023-03-18,SKU_048,Retail,East,56,92262.79999999999,0.17,1,0,1985
2023-06-11,SKU_037,Amazon,East,41,141480.34,0.06,1,0,3671
2023-06-28,SKU_033,Retail,West,65,256796.15,0.11,0,1,4439
2023-02-27,SKU_032,Flipkart,South,27,106984.8,0.2,1,1,4953
2023-03-24,SKU_044,Flipkart,North,64,306073.6,0.02,0,0,4880
2023-02-21,SKU_047,Amazon,Central,52,83514.59999999999,0.17,1,0,1935
2023-03-07,SKU_039,Flipkart,West,37,37483.96,0.14,0,0,1178
2023-02-11,SKU_047,Amazon,East,46,142791.36,0.13,1,0,3568
2023-02-27,SKU_028,Retail,South,80,296560.0,0.0,0,0,3707
2023-06-15,SKU_021,Amazon,South,52,265055.44,0.14,0,1,5927
2023-01-29,SKU_046,Amazon,West,35,108097.5,0.13,1,1,3550
2023-06-11,SKU_023,Distributor,West,25,100513.0,0.17,1,0,4844
2023-06-22,SKU_019,Amazon,South,60,195764.4,0.06,1,0,3471
2023-03-15,SKU_040,Distributor,South,53,168568.62,0.21,1,1,4026
2023-05-26,SKU_031,D2C,West,63,269455.41,0.07,1,0,4599
2023-03-05,SKU_010,Distributor,West,20,38045.6,0.24,1,0,2503
2023-03-14,SKU_005,D2C,West,26,94853.2,0.26,0,0,4930
2023-03-25,SKU_042,Distributor,North,72,208873.44,0.27,1,0,3974
2023-06-01,SKU_047,Flipkart,South,56,92308.16,0.02,0,0,1682
2023-01-04,SKU_022,Amazon,North,60,113060.4,0.29,0,1,2654
2023-03-04,SKU_041,Flipkart,West,30,127366.2,0.22,0,0,5443
2023-03-21,SKU_010,Amazon,North,30,121410.0,0.29,0,0,5700
2023-02-14,SKU_003,Flipkart,West,69,98962.56,0.17,1,1,1728
2023-05-09,SKU_048,D2C,East,70,410365.2,0.02,1,0,5982
2023-06-30,SKU_039,Retail,East,28,33667.2,0.28,0,1,1670
2023-03-26,SKU_016,Amazon,West,24,63094.08,0.18,0,0,3206
2023-04-10,SKU_036,Amazon,South,47,121933.98,0.29,0,0,3654
2023-06-26,SKU_046,D2C,West,34,157025.6,0.2,0,0,5773
2023-05-23,SKU_006,Amazon,East,33,102295.71,0.19,0,0,3827
2023-02-25,SKU_048,Amazon,Central,24,52926.72,0.12,0,0,2506
2023-01-13,SKU_008,Flipkart,South,40,167676.0,0.11,1,0,4710
2023-02-02,SKU_011,Distributor,East,26,104095.68000000001,0.24,1,1,5268
2023-01-12,SKU_048,D2C,East,28,86655.8,0.15,0,1,3641
2023-03-02,SKU_040,Retail,South,55,174776.25,0.05,0,0,3345
2023-01-15,SKU_008,Retail,West,48,94106.87999999999,0.28,0,0,2723
2023-04-20,SKU_025,Retail,East,59,146178.4,0.2,1,1,3097
2023-06-05,SKU_016,D2C,Central,17,64789.21,0.03,0,1,3929
2023-03-31,SKU_024,Retail,East,50,163509.5,0.23,1,1,4247
2023-04-27,SKU_009,D2C,South,91,439857.6,0.04,1,0,5035
2023-04-20,SKU_030,Flipkart,East,42,58667.700000000004,0.09,1,0,1535
2023-02-14,SKU_048,D2C,South,66,60065.280000000006,0.21,0,0,1152
2023-04-04,SKU_028,D2C,West,66,51428.520000000004,0.22,1,1,999
2023-03-08,SKU_049,Amazon,North,67,64475.44,0.08,0,0,1046
2023-06-14,SKU_025,Amazon,South,53,246632.32,0.12,0,0,5288
2023-02-22,SKU_019,Flipkart,West,61,169355.52,0.04,1,0,2892
2023-01-29,SKU_013,D2C,North,63,82978.56,0.02,0,1,1344
2023-04-04,SKU_044,Flipkart,West,62,192440.56,0.06,1,1,3302
2023-03-31,SKU_035,Distributor,North,27,82319.76000000001,0.08,1,1,3314
2023-02-11,SKU_024,Retail,South,15,14737.95,0.19,1,1,1213
2023-03-28,SKU_010,Amazon,West,18,16835.04,0.28,0,0,1299
2023-05-04,SKU_014,D2C,Central,44,212196.16,0.08,1,1,5242
2023-02-17,SKU_047,Distributor,East,61,253943.0,0.08,0,1,4525
2023-06-23,SKU_014,Distributor,West,27,23208.12,0.24,1,0,1131
2023-04-04,SKU_026,Amazon,West,68,103769.36000000002,0.18,1,0,1861
2023-04-20,SKU_010,Distributor,South,39,143754.0,0.03,0,1,3800
2023-05-30,SKU_007,Retail,Central,40,37206.4,0.23,0,1,1208
2023-02-09,SKU_017,Amazon,East,33,166701.47999999998,0.06,1,0,5374
2023-02-12,SKU_041,Distributor,Central,12,13524.0,0.0,1,0,1127
2023-05-02,SKU_034,Retail,West,54,195333.12,0.28,0,1,5024
2023-06-06,SKU_015,Retail,North,84,86567.04000000001,0.24,1,1,1356
2023-05-31,SKU_034,D2C,North,48,84131.04,0.27,1,1,2401
2023-05-13,SKU_026,Amazon,Central,12,17307.0,0.25,1,1,1923
2023-04-12,SKU_024,Retail,East,65,234097.5,0.25,1,1,4802
2023-02-01,SKU_046,D2C,West,17,28913.94,0.01,1,1,1718
2023-04-20,SKU_045,Retail,Central,25,34680.0,0.04,1,0,1445
2023-01-25,SKU_041,D2C,East,45,67841.1,0.14,0,1,1753
2023-05-30,SKU_043,Distributor,Central,52,189498.4,0.3,1,0,5206
2023-02-02,SKU_049,Amazon,North,29,48832.52,0.14,1,0,1958
2023-03-27,SKU_030,Retail,West,44,80803.8,0.01,1,1,1855
2023-03-06,SKU_015,Retail,North,64,227009.28,0.07,0,0,3814
2023-01-30,SKU_050,Distributor,North,67,116576.65000000001,0.11,0,0,1955
2023-04-19,SKU_037,Retail,West,75,241707.0,0.08,0,0,3503
2023-04-20,SKU_033,Distributor,West,88,399510.32,0.11,1,0,5101
2023-03-22,SKU_004,Amazon,West,66,112545.84,0.11,0,1,1916
2023-06-26,SKU_028,Flipkart,North,45,153640.8,0.28,1,1,4742
2023-03-23,SKU_021,Retail,West,67,217596.57,0.13,0,0,3733
2023-06-30,SKU_018,Retail,Central,59,239725.84999999998,0.05,0,0,4277
2023-03-11,SKU_047,Flipkart,Central,60,163150.80000000002,0.21,1,0,3442
2023-04-12,SKU_022,Retail,East,53,138791.1,0.13,0,0,3010
2023-02-18,SKU_044,Flipkart,West,31,74905.92,0.04,1,1,2517
2023-04-17,SKU_006,Distributor,Central,29,45953.4,0.05,1,1,1668
2023-04-02,SKU_013,Flipkart,East,48,55685.76,0.03,0,0,1196
2023-02-21,SKU_046,Amazon,West,52,279357.0,0.05,0,1,5655
2023-02-26,SKU_028,Distributor,East,36,88221.95999999999,0.27,1,0,3357
2023-02-27,SKU_005,Retail,Central,58,189447.72,0.02,1,0,3333
2023-05-20,SKU_028,Retail,East,91,337910.3,0.29,1,0,5230
2023-03-02,SKU_047,Amazon,South,15,58941.9,0.21,1,0,4974
2023-01-13,SKU_027,Retail,East,61,74317.52,0.03,0,1,1256
2023-01-11,SKU_034,Flipkart,South,48,82535.04000000001,0.08,1,0,1869
2023-02-14,SKU_026,Flipkart,South,59,123418.56,0.04,0,1,2179
2023-01-25,SKU_002,Flipkart,West,41,213235.26,0.13,1,1,5978
2023-05-29,SKU_037,Distributor,West,47,59896.799999999996,0.28,0,0,1770
2023-05-01,SKU_010,Distributor,South,52,54228.72,0.22,0,1,1337
2023-04-10,SKU_043,Flipkart,Central,43,138809.16,0.02,0,1,3294
2023-06-21,SKU_028,Distributor,South,19,32212.6,0.02,0,0,1730
2023-03-17,SKU_029,Flipkart,North,45,242435.25,0.05,0,1,5671
2023-01-12,SKU_005,Distributor,East,21,53201.61,0.01,0,0,2559
2023-05-07,SKU_026,Distributor,South,63,323788.5,0.05,0,0,5410
2023-03-19,SKU_033,Retail,North,12,47694.96,0.29,1,0,5598
2023-02-16,SKU_004,Amazon,East,70,162116.5,0.09,0,0,2545
2023-01-16,SKU_047,Distributor,North,58,83955.0,0.25,0,1,1930
2023-01-08,SKU_046,Distributor,North,58,258378.4,0.14,1,1,5180
2023-02-08,SKU_044,Amazon,West,6,33484.68,0.06,0,1,5937
2023-05-01,SKU_024,Flipkart,South,43,100503.04,0.17,1,0,2816
2023-05-10,SKU_006,Retail,Central,73,194655.96000000002,0.19,0,1,3292
2023-01-10,SKU_011,D2C,North,39,73748.22,0.09,0,0,2078
2023-06-12,SKU_020,D2C,East,28,120477.28,0.23,1,1,5588
2023-05-20,SKU_046,Retail,East,37,184599.66,0.02,1,0,5091
2023-01-30,SKU_047,Amazon,North,48,184177.44,0.21,0,1,4857
2023-04-13,SKU_015,Amazon,West,32,34922.88,0.14,0,1,1269
2023-02-28,SKU_018,Amazon,North,74,236208.0,0.05,0,0,3360
2023-03-30,SKU_015,D2C,West,48,57503.04,0.14,0,1,1393
2023-03-31,SKU_045,Flipkart,East,38,208678.13999999998,0.01,0,0,5547
2023-03-01,SKU_046,Distributor,Central,23,62449.14,0.22,1,0,3481
2023-05-10,SKU_043,Retail,Central,59,140608.8,0.28,1,0,3310
2023-05-24,SKU_013,Amazon,Central,59,312201.45,0.01,1,1,5345
2023-03-06,SKU_035,D2C,East,34,107332.56,0.26,0,1,4266
2023-04-21,SKU_028,Retail,East,5,17554.5,0.1,0,1,3901
2023-05-31,SKU_024,D2C,North,58,224854.40000000002,0.2,1,1,4846
2023-03-20,SKU_007,Retail,West,46,35405.28,0.28,0,0,1069
2023-06-01,SKU_046,Amazon,North,56,157217.76,0.19,1,0,3466
2023-01-27,SKU_037,Retail,North,89,261003.18,0.26,1,0,3963
2023-06-28,SKU_005,Amazon,East,49,186461.66,0.23,1,0,4942
2023-01-24,SKU_017,Retail,South,39,208091.52,0.04,1,1,5558
2023-02-11,SKU_039,Retail,East,27,81570.23999999999,0.04,1,0,3147
2023-02-26,SKU_041,Flipkart,North,43,126878.37999999999,0.27,0,1,4042
2023-03-29,SKU_004,Flipkart,Central,53,77910.0,0.02,0,0,1500
2023-03-22,SKU_026,D2C,West,51,128222.16,0.12,1,0,2857
2023-06-08,SKU_025,Flipkart,South,84,276312.12,0.29,1,0,4633
2023-03-02,SKU_032,Amazon,North,59,97682.76,0.16,0,0,1971
2023-04-28,SKU_022,Retail,South,47,207131.34999999998,0.05,1,1,4639
2023-06-27,SKU_014,Retail,North,35,59620.05,0.19,1,0,2103
2023-03-09,SKU_003,Distributor,North,55,198816.75,0.13,1,1,4155
2023-03-09,SKU_006,Distributor,West,31,45162.04,0.23,1,0,1892
2023-01-30,SKU_024,D2C,Central,53,186561.06,0.13,1,0,4046
2023-06-06,SKU_030,Amazon,North,59,90300.68,0.17,0,1,1844
2023-06-26,SKU_027,D2C,Central,45,119668.49999999999,0.3,1,0,3799
2023-06-07,SKU_013,Retail,Central,37,162799.26,0.22,1,1,5641
2023-04-23,SKU_025,Distributor,North,6,8252.82,0.07,1,0,1479
2023-06-20,SKU_017,Distributor,North,72,305143.2,0.15,1,0,4986
2023-02-03,SKU_036,Distributor,South,58,168971.4,0.1,0,1,3237
2023-02-18,SKU_036,D2C,South,58,181325.4,0.15,1,0,3678
2023-06-05,SKU_050,Retail,Central,18,69505.2,0.14,1,0,4490
2023-06-01,SKU_031,Retail,South,77,320079.76,0.09,1,0,4568
2023-03-18,SKU_005,Retail,Central,40,43292.0,0.21,0,1,1370
2023-02-08,SKU_016,Distributor,South,44,252679.68,0.04,1,1,5982
2023-06-16,SKU_034,Retail,South,28,102749.36,0.14,1,0,4267
2023-05-26,SKU_039,Distributor,South,14,57801.1,0.29,0,1,5815
2023-06-14,SKU_021,Flipkart,West,73,61810.56,0.28,0,0,1176
2023-01-05,SKU_021,Amazon,East,75,418530.75,0.03,0,0,5753
2023-03-12,SKU_046,Flipkart,Central,46,81040.96,0.12,0,1,2002
2023-04-03,SKU_038,Retail,South,36,80861.76,0.16,1,0,2674
2023-06-19,SKU_043,D2C,North,42,95168.64,0.03,0,1,2336
2023-06-10,SKU_033,Distributor,Central,43,113195.78,0.14,0,1,3061
2023-03-02,SKU_002,Amazon,East,26,78691.08,0.27,1,1,4146
2023-03-21,SKU_049,Flipkart,South,44,188436.59999999998,0.07,0,0,4605
2023-04-19,SKU_030,Distributor,East,53,143079.33,0.13,0,0,3103
2023-03-27,SKU_029,D2C,North,70,166445.3,0.29,0,0,3349
2023-05-14,SKU_013,Flipkart,East,50,80901.0,0.11,0,0,1818
2023-03-08,SKU_023,Flipkart,East,18,14863.5,0.25,1,1,1101
2023-02-13,SKU_040,Flipkart,West,57,188677.98,0.14,1,1,3849
2023-01-01,SKU_048,Distributor,South,44,246157.56,0.01,0,1,5651
2023-06-04,SKU_048,Flipkart,South,77,144559.80000000002,0.1,1,1,2086
2023-05-12,SKU_024,Amazon,West,78,164684.52,0.23,1,1,2742
2023-01-01,SKU_048,Amazon,East,79,212481.56,0.24,0,0,3539
2023-03-13,SKU_007,Distributor,Central,38,131145.6,0.2,0,0,4314
2023-04-27,SKU_032,Retail,Central,89,415037.26,0.18,0,0,5687
2023-03-09,SKU_025,Amazon,West,57,86971.17,0.03,1,1,1573
2023-04-08,SKU_029,Retail,West,82,194768.03999999998,0.07,1,1,2554
2023-02-24,SKU_017,Distributor,South,39,214634.16,0.08,0,0,5982
2023-02-07,SKU_005,Distributor,West,44,59839.56,0.27,0,0,1863
2023-02-05,SKU_002,D2C,West,55,42017.799999999996,0.29,0,0,1076
2023-03-06,SKU_038,Distributor,West,53,76865.37,0.13,0,1,1667
2023-03-29,SKU_049,Retail,East,75,233244.0,0.12,1,1,3534
2023-02-20,SKU_030,Flipkart,West,45,175619.69999999998,0.17,0,1,4702
2023-01-20,SKU_035,Flipkart,South,73,312633.44999999995,0.07,0,0,4605
2023-05-18,SKU_039,Retail,East,64,115903.36,0.03,0,1,1867
2023-04-13,SKU_009,Flipkart,South,45,71867.7,0.06,1,1,1699
2023-04-24,SKU_029,Distributor,North,63,198712.08000000002,0.11,1,0,3544
2023-03-14,SKU_004,Distributor,West,40,115908.8,0.21,0,0,3668
2023-03-29,SKU_044,Distributor,South,97,255994.64,0.12,0,1,2999
2023-01-21,SKU_034,D2C,West,0,0.0,0.06,1,1,5931
2023-04-15,SKU_033,Amazon,South,63,141815.52,0.12,0,1,2558
2023-05-04,SKU_035,Retail,Central,14,38100.159999999996,0.27,0,0,3728
2023-04-16,SKU_028,Flipkart,South,45,205649.09999999998,0.17,0,1,5506
2023-04-08,SKU_013,Distributor,South,48,217714.56,0.03,0,1,4676
2023-05-13,SKU_013,D2C,East,80,145281.6,0.19,1,1,2242
2023-03-14,SKU_032,D2C,North,36,82744.56000000001,0.18,0,1,2803
2023-01-09,SKU_009,D2C,South,76,160238.4,0.16,1,1,2510
2023-02-18,SKU_018,D2C,East,26,133935.36,0.04,1,1,5366
2023-06-23,SKU_014,Distributor,East,76,381903.04000000004,0.08,1,0,5462
2023-02-16,SKU_004,Retail,East,40,79448.79999999999,0.06,1,1,2113
2023-05-26,SKU_029,Amazon,North,51,188154.81,0.07,1,1,3967
2023-03-01,SKU_017,Flipkart,Central,43,41203.89,0.19,0,1,1183
2023-04-09,SKU_023,Retail,West,75,75075.0,0.09,1,1,1100
2023-06-08,SKU_032,Flipkart,Central,71,104489.28,0.04,0,0,1533
2023-01-30,SKU_044,D2C,East,58,137668.22,0.03,0,0,2447
2023-04-26,SKU_025,Retail,West,26,26030.160000000003,0.19,0,1,1236
2023-04-03,SKU_047,Flipkart,Central,35,102280.5,0.1,0,0,3247
2023-03-09,SKU_042,Amazon,South,29,50713.17,0.29,0,1,2463
2023-06-13,SKU_032,D2C,South,5,15773.400000000001,0.08,0,0,3429
2023-02-03,SKU_020,Distributor,North,75,108720.0,0.2,1,1,1812
2023-04-11,SKU_016,Retail,East,43,231170.15,0.05,1,0,5659
2023-04-08,SKU_047,Amazon,West,43,67110.95999999999,0.16,1,1,1858
2023-05-22,SKU_002,D2C,West,79,300294.01,0.11,0,0,4271
2023-06-29,SKU_017,D2C,Central,40,69994.0,0.21,1,0,2215
2023-06-21,SKU_013,Flipkart,East,33,112476.20999999999,0.27,1,0,4669
2023-06-07,SKU_020,Flipkart,West,45,140838.75,0.25,1,1,4173
2023-06-07,SKU_006,Amazon,East,27,119565.18,0.06,1,0,4711
2023-02-04,SKU_030,Distributor,South,56,256964.40000000002,0.19,1,1,5665
2023-06-19,SKU_019,Retail,West,42,111143.76000000001,0.09,1,1,2908
2023-05-29,SKU_044,D2C,Central,39,59736.689999999995,0.07,1,1,1647
2023-03-29,SKU_006,Flipkart,North,38,78682.42,0.21,1,1,2621
2023-05-18,SKU_018,Flipkart,West,47,178163.37,0.23,0,0,4923
2023-05-02,SKU_036,Amazon,Central,51,224518.31999999998,0.17,1,1,5304
2023-06-07,SKU_036,Distributor,South,39,80028.0,0.24,0,0,2700
2023-06-24,SKU_050,Amazon,Central,42,173307.96,0.03,1,0,4254
2023-04-27,SKU_013,D2C,East,48,223660.8,0.12,1,0,5295
2023-01-21,SKU_030,Distributor,South,46,127517.52,0.22,0,0,3554
2023-02-18,SKU_046,Retail,East,50,144804.0,0.12,0,1,3291
2023-05-29,SKU_037,Amazon,West,36,126123.48,0.17,1,0,4221
2023-04-13,SKU_001,Distributor,West,70,171132.5,0.23,0,0,3175
2023-06-26,SKU_048,Distributor,Central,51,279338.22,0.02,0,1,5589
2023-03-03,SKU_004,Flipkart,Central,39,83063.76000000001,0.21,0,1,2696
2023-01-27,SKU_019,Amazon,South,56,325266.48,0.01,0,0,5867
2023-05-27,SKU_016,Flipkart,West,48,200628.96,0.29,0,0,5887
2023-06-17,SKU_012,Amazon,Central,15,36864.0,0.2,1,1,3072
2023-01-03,SKU_048,Retail,North,56,248913.28,0.12,1,0,5051
2023-05-24,SKU_043,Distributor,West,29,61720.12,0.23,0,0,2764
2023-02-09,SKU_003,Distributor,Central,68,345036.76,0.03,0,1,5231
2023-01-24,SKU_022,Retail,North,45,101772.0,0.2,0,0,2827
2023-04-23,SKU_017,D2C,South,65,288958.14999999997,0.03,0,0,4583
2023-05-02,SKU_003,Flipkart,North,37,58638.71,0.27,0,0,2171
2023-03-09,SKU_001,Retail,East,51,194226.36000000002,0.24,1,0,5011
2023-05-02,SKU_045,Distributor,West,74,68571.36,0.22,1,0,1188
2023-05-04,SKU_017,D2C,North,44,135813.47999999998,0.07,1,0,3319
2023-05-12,SKU_019,Flipkart,South,38,160223.19999999998,0.17,1,1,5080
2023-05-29,SKU_002,Flipkart,Central,63,214773.3,0.27,0,1,4670
2023-06-13,SKU_037,Flipkart,West,62,90217.43999999999,0.06,0,1,1548
2023-05-11,SKU_019,D2C,South,39,58395.48,0.18,1,0,1826
2023-05-30,SKU_049,Retail,North,10,43789.200000000004,0.09,0,0,4812
2023-05-20,SKU_036,Distributor,Central,37,164102.4,0.01,1,1,4480
2023-02-08,SKU_039,Flipkart,West,63,375354.0,0.0,0,0,5958
2023-06-29,SKU_020,Distributor,Central,34,79347.84,0.22,0,1,2992
2023-03-02,SKU_031,Amazon,West,49,109093.6,0.2,1,0,2783
2023-05-31,SKU_043,Amazon,South,36,192464.63999999998,0.04,0,0,5569
2023-04-04,SKU_044,Retail,North,11,25247.2,0.2,1,1,2869
2023-05-24,SKU_008,Distributor,West,36,126813.96,0.21,1,0,4459
2023-06-20,SKU_049,Flipkart,South,63,306072.89999999997,0.05,0,1,5114
2023-02-22,SKU_018,Retail,West,2,7240.14,0.13,1,0,4161
2023-03-22,SKU_013,Flipkart,North,55,201183.4,0.24,0,0,4813
2023-01-25,SKU_001,Retail,East,26,58133.92,0.24,0,0,2942
2023-01-16,SKU_005,D2C,South,62,243094.56,0.07,0,0,4216
2023-01-16,SKU_013,Retail,Central,64,123432.32,0.11,0,0,2167
2023-04-07,SKU_012,D2C,East,46,179147.91999999998,0.02,0,0,3974
2023-04-26,SKU_035,Distributor,South,46,178304.28,0.23,0,0,5034
2023-02-28,SKU_003,D2C,South,33,177041.7,0.1,0,1,5961
2023-01-10,SKU_004,Retail,North,23,120755.51999999999,0.04,0,0,5469
2023-06-01,SKU_020,Flipkart,Central,83,118802.87999999999,0.04,1,1,1491
2023-02-22,SKU_013,Flipkart,North,32,174755.19999999998,0.03,0,1,5630
2023-05-03,SKU_037,D2C,West,81,229011.3,0.02,0,1,2885
2023-05-06,SKU_040,Retail,North,32,174675.19999999998,0.02,1,0,5570
2023-06-10,SKU_040,Flipkart,South,60,53411.4,0.19,1,0,1099
2023-05-08,SKU_007,Flipkart,South,27,150757.19999999998,0.06,1,1,5940
2023-02-03,SKU_015,Retail,West,60,281793.6,0.12,0,0,5337
2023-05-23,SKU_004,Distributor,East,43,56621.11,0.09,1,0,1447
2023-03-18,SKU_023,D2C,South,43,59869.76,0.24,1,1,1832
2023-05-06,SKU_030,Amazon,Central,62,131606.16,0.16,0,0,2527
2023-03-08,SKU_016,Distributor,West,40,121752.40000000001,0.23,1,0,3953
2023-02-25,SKU_029,D2C,South,21,63072.24,0.12,0,1,3413
2023-04-07,SKU_006,Retail,West,65,246823.2,0.19,0,0,4688
2023-03-05,SKU_044,D2C,Central,27,27974.16,0.28,1,1,1439
2023-06-21,SKU_031,D2C,South,60,258649.2,0.19,1,0,5322
2023-02-05,SKU_032,D2C,East,69,102738.23999999999,0.06,1,1,1584
2023-04-28,SKU_038,Distributor,West,42,157641.12,0.28,1,0,5213
2023-05-20,SKU_033,Amazon,East,73,258463.8,0.16,0,1,4215
2023-01-23,SKU_022,Retail,Central,59,134803.2,0.2,0,1,2856
2023-03-07,SKU_029,Retail,South,36,72994.31999999999,0.02,0,0,2069
2023-05-25,SKU_021,D2C,North,78,193127.22,0.01,0,1,2501
2023-06-06,SKU_030,Distributor,South,27,127105.47,0.21,0,1,5959
2023-04-08,SKU_015,Amazon,North,42,94752.0,0.06,0,1,2400
2023-02-07,SKU_004,D2C,West,45,169073.09999999998,0.06,0,0,3997
2023-04-24,SKU_026,Distributor,North,62,295020.18,0.09,0,1,5229
2023-01-21,SKU_029,Distributor,Central,72,299264.39999999997,0.03,0,1,4285
2023-05-30,SKU_006,Distributor,Central,71,233823.59,0.23,1,1,4277
2023-05-10,SKU_041,Retail,East,54,56675.159999999996,0.03,0,1,1082
2023-05-29,SKU_031,Flipkart,South,44,199041.91999999998,0.02,0,1,4616
2023-02-22,SKU_005,D2C,North,13,24859.38,0.13,0,1,2198
2023-04-29,SKU_034,Retail,North,23,100188.0,0.2,0,0,5445
2023-02-07,SKU_038,Flipkart,East,85,201195.0,0.1,0,0,2630
2023-04-13,SKU_025,Distributor,West,13,27212.38,0.03,0,1,2158
2023-06-26,SKU_017,D2C,Central,34,72654.94,0.03,0,1,2203
2023-04-28,SKU_017,Retail,Central,72,108461.52,0.03,0,1,1553
2023-05-22,SKU_043,Amazon,Central,54,50712.479999999996,0.16,0,1,1118
2023-05-28,SKU_013,Amazon,North,68,226046.96,0.29,0,1,4682
2023-01-09,SKU_022,Flipkart,South,60,232917.0,0.15,1,0,4567
2023-02-20,SKU_011,Distributor,West,79,145992.0,0.3,1,0,2640
2023-04-09,SKU_045,Flipkart,South,55,212600.85,0.21,0,1,4893
2023-06-17,SKU_041,Distributor,South,63,83197.8,0.29,1,1,1860
2023-02-14,SKU_041,Retail,Central,35,48127.799999999996,0.16,0,1,1637
2023-01-11,SKU_001,Flipkart,Central,61,211474.80000000002,0.19,0,0,4280
2023-01-09,SKU_006,D2C,East,42,45915.24,0.06,0,0,1163
2023-02-01,SKU_018,Flipkart,South,40,55742.799999999996,0.17,0,1,1679
2023-03-29,SKU_006,Distributor,North,67,187171.19999999998,0.04,1,0,2910
2023-02-26,SKU_037,Flipkart,West,68,236346.24000000002,0.22,0,0,4456
2023-06-25,SKU_010,Amazon,Central,83,430874.57999999996,0.07,1,0,5582
2023-05-11,SKU_013,D2C,South,82,189077.24,0.06,0,1,2453
2023-04-11,SKU_017,Retail,West,68,72134.4,0.04,1,0,1105
2023-04-19,SKU_025,Retail,South,15,72267.0,0.15,0,1,5668
2023-04-30,SKU_022,D2C,East,86,197093.08,0.26,1,0,3097
2023-03-07,SKU_011,Flipkart,South,68,267713.27999999997,0.28,1,1,5468
2023-05-12,SKU_024,Distributor,South,34,127776.42,0.07,0,1,4041
2023-05-03,SKU_036,Distributor,North,64,83005.44,0.04,0,0,1351
2023-05-02,SKU_047,D2C,East,29,149578.52000000002,0.09,0,1,5668
2023-05-13,SKU_038,D2C,West,62,195901.4,0.05,0,0,3326
2023-01-20,SKU_036,Amazon,East,23,54693.54,0.01,0,1,2402
2023-06-08,SKU_021,Flipkart,West,33,149475.48,0.02,0,0,4622
2023-04-20,SKU_017,D2C,West,64,296648.95999999996,0.06,0,1,4931
2023-03-08,SKU_027,Retail,West,71,302472.77999999997,0.26,1,0,5757
2023-05-16,SKU_026,Amazon,North,56,327578.72,0.02,0,1,5969
2023-06-09,SKU_018,Flipkart,East,44,209674.08,0.07,0,0,5124
2023-05-20,SKU_050,Distributor,Central,7,25050.06,0.19,1,0,4418
2023-02-26,SKU_012,Retail,Central,45,85575.6,0.12,1,1,2161
2023-04-30,SKU_039,Retail,West,60,325843.2,0.04,1,0,5657
2023-02-27,SKU_027,Distributor,West,43,219636.69,0.09,0,0,5613
2023-02-25,SKU_037,Amazon,South,49,218998.64,0.08,0,1,4858
2023-02-08,SKU_024,Flipkart,West,46,162878.64,0.24,1,1,4659
2023-04-19,SKU_008,Retail,South,43,76429.92,0.08,0,1,1932
2023-03-18,SKU_002,Amazon,West,51,116494.20000000001,0.19,0,1,2820
2023-02-15,SKU_043,Distributor,West,44,117631.36,0.23,0,0,3472
2023-06-30,SKU_044,Distributor,North,78,363916.8,0.04,0,0,4860
2023-04-16,SKU_012,D2C,South,5,28521.6,0.04,0,1,5942
2023-04-04,SKU_023,Distributor,West,39,177263.97,0.11,0,0,5107
2023-02-14,SKU_002,D2C,West,32,76902.40000000001,0.2,0,1,3004
2023-02-14,SKU_011,Distributor,North,54,66197.52,0.24,0,0,1613
2023-04-01,SKU_037,Flipkart,East,51,221926.5,0.1,0,0,4835
2023-03-16,SKU_006,Amazon,East,82,168763.37999999998,0.07,0,0,2213
2023-05-06,SKU_050,Flipkart,West,89,407904.80000000005,0.2,1,1,5729
2023-06-05,SKU_020,Amazon,East,34,93204.88,0.24,1,0,3607
2023-03-02,SKU_026,Retail,Central,50,44978.5,0.29,0,1,1267
2023-01-14,SKU_034,Distributor,Central,53,77676.8,0.2,0,1,1832
2023-04-04,SKU_011,Amazon,West,34,104690.76,0.26,0,0,4161
2023-02-15,SKU_012,Distributor,North,62,206549.28,0.28,0,0,4627
2023-04-09,SKU_006,Retail,East,45,181575.0,0.0,0,0,4035
2023-02-03,SKU_039,Flipkart,Central,28,49998.2,0.29,1,1,2515
2023-03-26,SKU_040,Amazon,North,44,119433.6,0.2,0,1,3393
2023-01-27,SKU_049,Retail,East,30,34902.0,0.16,0,1,1385
2023-06-07,SKU_046,Retail,West,70,305760.0,0.0,1,1,4368
2023-02-24,SKU_016,Retail,South,88,105732.0,0.25,0,1,1602
2023-04-09,SKU_044,Flipkart,East,54,257016.24000000002,0.19,1,0,5876
2023-01-11,SKU_028,Amazon,West,52,242455.19999999998,0.05,1,1,4908
2023-04-01,SKU_031,Retail,West,53,103753.86,0.21,1,0,2478
2023-06-24,SKU_034,Distributor,West,73,241885.5,0.06,1,1,3525
2023-04-05,SKU_050,Retail,North,73,196061.94,0.14,0,1,3123
2023-06-16,SKU_046,Amazon,North,47,229344.96000000002,0.08,0,1,5304
2023-03-05,SKU_015,Distributor,Central,55,88743.59999999999,0.17,0,0,1944
2023-05-21,SKU_017,Flipkart,East,63,350179.2,0.04,0,0,5790
2023-03-04,SKU_045,Distributor,East,27,64064.520000000004,0.22,1,0,3042
2023-05-18,SKU_034,Flipkart,North,74,236033.36000000002,0.08,0,0,3467
2023-01-19,SKU_044,Distributor,East,84,387276.12,0.01,1,0,4657
2023-01-12,SKU_009,D2C,North,73,96725.73,0.13,0,0,1523
2023-02-08,SKU_034,D2C,East,25,75701.5,0.14,0,1,3521
2023-04-09,SKU_035,Distributor,East,10,24939.0,0.1,0,0,2771
2023-06-03,SKU_019,Retail,South,64,56625.92,0.17,0,1,1066
2023-04-26,SKU_035,Flipkart,West,34,37363.28,0.17,0,0,1324
2023-02-11,SKU_043,Distributor,South,55,216955.19999999998,0.04,1,0,4109
2023-01-12,SKU_047,D2C,West,80,386852.0,0.15,1,0,5689
2023-03-19,SKU_050,Flipkart,Central,36,170892.0,0.06,1,0,5050
2023-03-12,SKU_023,Distributor,West,42,47128.2,0.02,0,1,1145
2023-06-18,SKU_005,Retail,West,55,249400.8,0.06,1,1,4824
2023-05-29,SKU_043,D2C,East,24,47124.0,0.15,0,0,2310
2023-01-10,SKU_001,Amazon,Central,34,56110.88,0.02,0,1,1684
2023-03-24,SKU_036,Retail,West,50,131719.5,0.01,1,1,2661
2023-06-16,SKU_014,Distributor,South,43,141689.3,0.17,0,0,3970
2023-06-03,SKU_010,D2C,North,62,85217.76000000001,0.08,0,1,1494
2023-02-01,SKU_018,D2C,South,105,386689.8,0.08,1,0,4003
2023-01-10,SKU_022,Distributor,South,51,191999.7,0.11,0,0,4230
2023-03-30,SKU_028,Retail,West,33,115550.81999999999,0.02,1,0,3573
2023-05-24,SKU_020,Retail,North,78,172961.88,0.06,0,0,2359
2023-03-31,SKU_014,Retail,North,18,57149.82,0.09,0,1,3489
2023-05-07,SKU_038,Amazon,Central,22,52050.24,0.28,0,0,3286
2023-01-04,SKU_050,Amazon,East,38,62231.46000000001,0.21,0,1,2073
2023-04-10,SKU_007,Flipkart,South,44,239198.96000000002,0.09,1,1,5974
2023-06-26,SKU_009,Amazon,South,37,118000.4,0.15,1,0,3752
2023-02-25,SKU_038,D2C,East,49,171218.25,0.25,0,1,4659
2023-06-22,SKU_031,Amazon,Central,55,186384.0,0.2,0,0,4236
2023-05-29,SKU_046,Flipkart,Central,71,245529.36,0.28,0,0,4803
2023-06-18,SKU_003,Flipkart,Central,51,215672.37,0.21,0,0,5353
2023-05-12,SKU_041,Distributor,South,38,67146.0,0.07,1,0,1900
2023-06-06,SKU_025,D2C,North,70,203490.0,0.24,1,0,3825
2023-06-24,SKU_031,Distributor,North,33,134568.72,0.22,1,0,5228
2023-04-20,SKU_003,Retail,West,17,79156.08,0.13,1,0,5352
2023-02-18,SKU_003,Distributor,North,74,155648.63999999998,0.16,0,0,2504
2023-04-29,SKU_013,D2C,West,72,259383.6,0.27,0,0,4935
2023-01-05,SKU_014,Flipkart,South,34,187367.2,0.08,1,1,5990
2023-06-09,SKU_042,D2C,South,42,194073.59999999998,0.05,1,0,4864
2023-01-26,SKU_042,Flipkart,West,31,108729.4,0.05,1,0,3692
2023-06-26,SKU_027,Distributor,West,56,80388.0,0.01,0,0,1450
2023-05-31,SKU_043,Flipkart,North,84,274915.2,0.2,0,1,4091
2023-01-18,SKU_011,D2C,West,64,289620.48,0.14,1,1,5262
2023-02-28,SKU_024,Retail,Central,70,284917.5,0.19,0,0,5025
2023-05-27,SKU_007,Retail,Central,66,102482.82,0.19,0,0,1917
2023-04-27,SKU_043,Retail,Central,49,275578.94,0.03,0,1,5798
2023-01-20,SKU_038,Distributor,North,71,89880.32,0.08,0,0,1376
2023-03-20,SKU_039,Retail,East,64,242208.0,0.25,0,0,5046
2023-05-29,SKU_031,D2C,North,78,414381.24,0.02,0,0,5421
2023-05-13,SKU_005,Distributor,Central,40,174284.80000000002,0.08,0,1,4736
2023-03-27,SKU_010,Amazon,West,15,18806.399999999998,0.04,0,1,1306
2023-06-04,SKU_032,Flipkart,West,70,119833.0,0.15,1,0,2014
2023-03-01,SKU_036,Amazon,North,56,283852.8,0.04,0,1,5280
2023-01-09,SKU_037,Retail,Central,44,125953.52,0.02,0,0,2921
2023-06-09,SKU_027,Distributor,Central,45,54144.0,0.06,1,0,1280
2023-01-20,SKU_016,D2C,North,101,296216.84,0.24,0,1,3859
2023-06-05,SKU_039,D2C,North,37,84202.37999999999,0.06,1,1,2421
2023-01-24,SKU_017,D2C,Central,32,159465.6,0.02,1,0,5085
2023-06-08,SKU_017,Retail,East,51,246363.65999999997,0.06,0,1,5139
2023-02-25,SKU_013,Amazon,Central,73,212500.81,0.03,1,1,3001
2023-01-19,SKU_041,Retail,South,95,176709.5,0.11,1,1,2090
2023-04-26,SKU_005,D2C,West,63,241363.08,0.29,0,0,5396
2023-01-16,SKU_037,Retail,Central,24,62104.32,0.28,1,0,3594
2023-02-16,SKU_044,Amazon,East,89,248219.21999999997,0.06,1,1,2967
2023-05-07,SKU_048,Retail,North,49,203423.99,0.27,1,1,5687
2023-06-16,SKU_006,Flipkart,East,33,86628.95999999999,0.28,0,0,3646
2023-04-07,SKU_039,Retail,Central,28,132428.80000000002,0.2,1,0,5912
2023-02-24,SKU_049,Distributor,North,66,283212.6,0.17,0,0,5170
2023-05-22,SKU_039,Distributor,East,54,176490.90000000002,0.19,1,0,4035
2023-04-17,SKU_008,Distributor,Central,56,151854.08000000002,0.24,0,0,3568
2023-04-16,SKU_031,D2C,Central,75,246307.50000000003,0.18,1,1,4005
2023-03-20,SKU_015,D2C,West,33,44982.96,0.12,0,0,1549
2023-01-07,SKU_014,Flipkart,South,77,66913.76999999999,0.17,1,1,1047
2023-01-07,SKU_032,Amazon,Central,39,44706.48,0.11,1,1,1288
2023-05-26,SKU_029,Flipkart,Central,93,407317.68,0.16,1,0,5214
2023-03-01,SKU_035,Distributor,Central,61,306671.39999999997,0.05,1,0,5292
2023-03-27,SKU_013,Distributor,South,31,62351.54,0.21,1,0,2546
2023-05-18,SKU_043,Flipkart,South,9,12058.92,0.14,0,1,1558
2023-05-09,SKU_015,D2C,Central,66,49991.04,0.28,0,0,1052
2023-05-19,SKU_025,Flipkart,East,42,42556.5,0.25,1,0,1351
2023-04-15,SKU_044,Retail,South,46,88693.52,0.14,1,1,2242
2023-02-07,SKU_020,Flipkart,West,65,158470.0,0.08,1,1,2650
2023-05-27,SKU_021,Amazon,South,70,203896.0,0.12,1,1,3310
2023-03-14,SKU_034,Retail,East,74,114374.40000000001,0.08,0,1,1680
2023-06-17,SKU_032,Distributor,Central,26,98558.45999999999,0.01,0,0,3829
2023-05-26,SKU_044,Amazon,South,78,224864.64,0.09,0,1,3168
2023-03-24,SKU_032,Amazon,East,38,69225.36,0.06,0,0,1938
2023-02-01,SKU_044,Flipkart,Central,4,11530.88,0.14,1,1,3352
2023-02-28,SKU_015,Flipkart,South,26,133138.72,0.12,1,0,5819
2023-03-21,SKU_036,Distributor,East,54,125737.92,0.02,0,1,2376
2023-03-31,SKU_003,Flipkart,West,30,122202.0,0.27,0,1,5580
2023-03-04,SKU_032,Amazon,South,48,220124.16,0.04,1,1,4777
2023-02-14,SKU_036,D2C,North,56,60817.68,0.01,1,1,1097
2023-01-23,SKU_016,Retail,South,46,108399.0,0.25,1,0,3142
2023-03-27,SKU_021,Flipkart,North,40,133828.8,0.16,0,1,3983
2023-02-02,SKU_040,Flipkart,East,24,67000.31999999999,0.04,1,1,2908
2023-03-10,SKU_018,Amazon,West,50,243056.0,0.12,1,1,5524
2023-02-12,SKU_003,Distributor,West,8,24224.0,0.2,0,0,3785
2023-05-08,SKU_022,Distributor,South,36,47151.72,0.19,1,0,1617
2023-02-22,SKU_026,Distributor,East,31,31099.199999999997,0.05,0,1,1056
2023-05-24,SKU_039,Amazon,North,45,147470.4,0.12,1,0,3724
2023-05-05,SKU_016,Amazon,Central,45,176418.0,0.01,1,0,3960
2023-03-18,SKU_029,Distributor,South,69,106381.44,0.12,0,0,1752
2023-02-18,SKU_050,Distributor,East,81,223399.62,0.14,0,0,3207
2023-03-08,SKU_047,Retail,North,27,69591.95999999999,0.06,0,0,2742
2023-06-26,SKU_037,Retail,East,89,348176.89999999997,0.29,1,0,5510
2023-01-09,SKU_043,D2C,Central,34,104603.04,0.28,0,1,4273
2023-01-03,SKU_035,D2C,South,53,237943.5,0.25,0,0,5986
2023-03-16,SKU_025,Retail,East,60,164524.80000000002,0.18,1,0,3344
2023-06-16,SKU_029,Distributor,West,98,276599.12,0.18,0,1,3442
2023-06-03,SKU_032,D2C,East,39,174751.2,0.2,1,1,5601
2023-03-11,SKU_008,Retail,South,14,46357.92,0.28,0,1,4599
2023-01-29,SKU_017,Distributor,Central,79,95973.15000000001,0.09,0,1,1335
2023-04-01,SKU_024,Distributor,East,33,39971.25,0.25,0,1,1615
2023-04-21,SKU_043,Distributor,North,42,124456.08,0.24,0,1,3899
2023-01-19,SKU_047,Flipkart,South,27,34645.86,0.17,1,1,1546
2023-03-26,SKU_048,Distributor,East,42,139266.96,0.24,0,0,4363
2023-05-03,SKU_002,D2C,Central,33,151501.68,0.12,0,1,5217
2023-06-18,SKU_031,Retail,South,63,249052.86000000002,0.18,0,1,4821
2023-03-03,SKU_006,D2C,West,51,154884.96,0.28,0,0,4218
2023-03-14,SKU_041,Distributor,East,36,111416.76000000001,0.09,0,1,3401
2023-05-04,SKU_048,Retail,East,69,381571.38,0.06,1,1,5883
2023-06-09,SKU_041,Amazon,East,55,134428.8,0.24,1,1,3216
2023-04-03,SKU_050,Distributor,East,13,42309.54,0.18,0,0,3969
2023-02-26,SKU_045,Retail,South,68,61763.04,0.13,0,0,1044
2023-01-30,SKU_034,Distributor,South,53,238905.45,0.19,0,0,5565
2023-06-25,SKU_023,Retail,North,77,206052.0,0.25,1,1,3568
2023-05-08,SKU_046,Amazon,East,52,161321.16,0.23,0,1,4029
2023-02-25,SKU_032,Amazon,South,34,125745.6,0.2,1,1,4623
2023-03-29,SKU_042,D2C,Central,45,134820.0,0.2,1,1,3745
2023-02-21,SKU_003,Amazon,South,66,152396.63999999998,0.28,0,1,3207
2023-02-16,SKU_019,D2C,West,34,36323.56,0.09,1,1,1174
2023-03-31,SKU_034,Flipkart,Central,41,164311.6,0.14,0,0,4660
2023-03-30,SKU_022,Flipkart,North,45,164845.8,0.16,1,0,4361
2023-04-19,SKU_033,D2C,Central,27,69174.81,0.19,0,1,3163
2023-04-04,SKU_006,D2C,East,34,73348.2,0.1,1,1,2397
2023-02-27,SKU_006,Amazon,South,53,277406.77,0.11,0,0,5881
2023-05-13,SKU_026,Retail,East,74,219868.8,0.04,1,1,3095
2023-04-14,SKU_004,Retail,North,56,158682.72,0.17,0,1,3414
2023-02-22,SKU_023,Distributor,West,49,83931.12000000001,0.22,1,0,2196
2023-04-21,SKU_043,D2C,North,33,143022.0,0.12,1,1,4925
2023-05-18,SKU_025,Retail,West,71,259354.48,0.23,0,1,4744
2023-05-30,SKU_037,Distributor,East,58,116886.23999999999,0.28,1,1,2799
2023-01-23,SKU_013,D2C,North,35,32264.050000000003,0.09,1,0,1013
2023-03-15,SKU_050,Flipkart,West,67,183376.32,0.04,0,1,2851
2023-06-20,SKU_024,Distributor,North,61,202427.28,0.12,0,1,3771
2023-01-03,SKU_017,Amazon,North,33,157417.26,0.09,0,0,5242
2023-04-26,SKU_008,Distributor,West,47,159589.91,0.17,1,1,4091
2023-04-29,SKU_027,Flipkart,East,40,128466.8,0.23,1,0,4171
2023-05-31,SKU_027,D2C,Central,102,531580.14,0.09,1,1,5727
2023-04-24,SKU_007,D2C,South,60,192628.8,0.02,0,0,3276
2023-02-24,SKU_028,Flipkart,East,53,293238.39999999997,0.05,0,0,5824
2023-06-11,SKU_047,Amazon,North,59,153384.66,0.22,1,1,3333
2023-03-20,SKU_020,Flipkart,East,77,106358.56,0.03,0,1,1424
2023-02-28,SKU_007,Flipkart,Central,48,151964.63999999998,0.13,0,1,3639
2023-03-27,SKU_008,D2C,South,38,159508.8,0.12,1,0,4770
2023-05-20,SKU_005,Distributor,South,66,264792.0,0.2,1,1,5015
2023-04-26,SKU_033,Distributor,North,46,175708.96,0.24,1,1,5026
2023-05-12,SKU_032,Amazon,North,28,51269.68,0.18,1,1,2233
2023-06-06,SKU_007,Flipkart,Central,24,36596.159999999996,0.03,0,1,1572
2023-03-25,SKU_006,Amazon,West,80,273011.2,0.23,0,0,4432
2023-02-08,SKU_001,Retail,South,52,71136.0,0.28,0,1,1900
2023-04-04,SKU_013,Distributor,Central,38,57948.86,0.27,0,0,2089
2023-04-09,SKU_013,Flipkart,East,45,127716.75,0.15,0,0,3339
2023-01-13,SKU_038,D2C,North,66,323429.04,0.03,0,1,5052
2023-06-11,SKU_029,Flipkart,East,44,212439.04,0.18,0,0,5888
2023-01-16,SKU_003,Amazon,East,21,90570.9,0.15,0,1,5074
2023-01-11,SKU_004,Amazon,East,56,161812.56,0.07,0,0,3107
2023-03-04,SKU_003,D2C,East,74,143969.96,0.11,1,1,2186
2023-01-25,SKU_044,Distributor,East,72,106488.0,0.15,0,0,1740
2023-02-17,SKU_035,Amazon,East,38,129804.95999999999,0.14,0,1,3972
2023-04-10,SKU_007,D2C,East,75,262362.75,0.29,0,0,4927
2023-01-19,SKU_035,Flipkart,South,54,182277.0,0.14,1,1,3925
2023-05-26,SKU_014,Retail,Central,74,401802.24,0.04,1,0,5656
2023-01-04,SKU_031,Distributor,East,61,339188.67,0.07,0,1,5979
2023-04-23,SKU_003,Flipkart,North,19,32601.149999999998,0.07,1,1,1845
2023-06-26,SKU_048,Distributor,South,84,316990.8,0.1,1,0,4193
2023-04-07,SKU_042,Distributor,Central,51,80833.98,0.14,0,1,1843
2023-01-10,SKU_010,Distributor,North,61,247318.40000000002,0.2,0,0,5068
2023-01-16,SKU_018,Flipkart,Central,23,40434.0,0.25,0,0,2344
2023-03-31,SKU_016,Amazon,East,60,190008.0,0.09,0,1,3480
2023-04-18,SKU_006,Amazon,Central,72,295883.28,0.23,1,1,5337
2023-06-19,SKU_008,D2C,South,88,398376.0,0.1,1,1,5030
2023-02-23,SKU_049,Amazon,West,78,162686.16,0.22,1,0,2674
2023-02-07,SKU_048,Retail,South,61,316580.85,0.05,1,0,5463
2023-05-26,SKU_002,Flipkart,North,19,16824.31,0.27,1,0,1213
2023-02-11,SKU_009,Retail,West,52,270925.2,0.1,1,0,5789
2023-04-04,SKU_037,Distributor,West,38,80845.38,0.01,1,0,2149
2023-01-25,SKU_016,Distributor,North,54,110602.8,0.02,0,1,2090
2023-06-15,SKU_001,Retail,East,25,98520.0,0.2,0,1,4926
2023-05-31,SKU_049,D2C,Central,45,215859.6,0.12,1,1,5451
2023-03-04,SKU_036,Retail,North,39,54208.44,0.22,0,0,1782
2023-05-08,SKU_043,Retail,East,39,152084.79,0.01,1,0,3939
2023-01-23,SKU_003,Retail,South,39,84874.92000000001,0.18,0,1,2654
2023-04-22,SKU_034,Retail,South,47,45056.08,0.08,1,1,1042
2023-05-17,SKU_019,Amazon,Central,55,105509.25,0.13,0,0,2205
2023-05-18,SKU_013,Retail,South,0,0.0,0.01,1,0,1671
2023-04-12,SKU_038,Retail,West,2,10165.16,0.06,1,1,5407
2023-04-15,SKU_024,Amazon,Central,43,63471.869999999995,0.29,0,1,2079
2023-06-14,SKU_006,Amazon,Central,46,91740.56,0.27,1,1,2732
2023-01-25,SKU_038,Distributor,South,53,197396.38,0.27,1,0,5102
2023-04-18,SKU_017,Amazon,North,35,27677.65,0.23,1,0,1027
2023-03-05,SKU_003,D2C,South,50,159180.0,0.16,0,1,3790
2023-06-25,SKU_028,D2C,West,52,228250.88,0.14,0,0,5104
2023-05-26,SKU_006,Flipkart,South,35,82796.7,0.11,0,0,2658
2023-04-24,SKU_003,Distributor,South,70,350574.0,0.15,1,1,5892
2023-05-29,SKU_039,Retail,South,53,194218.5,0.25,0,1,4886
2023-03-19,SKU_010,Distributor,South,60,162175.8,0.11,1,0,3037
2023-02-23,SKU_026,Retail,West,51,196546.35,0.23,0,0,5005
2023-06-08,SKU_026,Distributor,Central,92,176198.40000000002,0.2,0,0,2394
2023-02-07,SKU_027,Amazon,South,61,172755.66,0.23,1,0,3678
2023-02-06,SKU_033,Amazon,East,40,74400.0,0.07,1,1,2000
2023-06-06,SKU_013,Distributor,North,66,186407.76,0.23,1,0,3668
2023-03-14,SKU_037,D2C,West,17,81683.98,0.02,1,0,4903
2023-02-20,SKU_035,Retail,East,52,97585.28,0.26,0,1,2536
2023-01-24,SKU_049,Retail,North,56,111643.84000000001,0.08,1,0,2167
2023-06-04,SKU_045,Flipkart,West,52,82620.72,0.22,1,1,2037
2023-02-18,SKU_013,Retail,West,43,98143.2,0.28,1,1,3170
2023-04-05,SKU_003,Flipkart,South,29,75418.56,0.16,1,1,3096
2023-04-04,SKU_031,Flipkart,West,34,161948.80000000002,0.2,0,1,5954
2023-03-14,SKU_015,Retail,East,52,78295.36,0.12,1,1,1711
2023-04-01,SKU_038,Distributor,South,27,83212.92,0.16,0,0,3669
2023-05-22,SKU_034,D2C,West,85,453033.0,0.06,1,0,5670
2023-04-12,SKU_040,Distributor,South,0,0.0,0.19,1,1,3972
2023-04-23,SKU_005,Amazon,Central,43,84458.88,0.01,0,0,1984
2023-04-18,SKU_045,Retail,South,52,144589.63999999998,0.27,0,1,3809
2023-03-31,SKU_038,D2C,East,60,137925.0,0.25,1,1,3065
2023-03-22,SKU_041,D2C,South,31,133648.44,0.26,0,1,5826
2023-02-04,SKU_011,Retail,South,72,169771.68,0.22,0,0,3023
2023-03-14,SKU_033,Flipkart,West,22,77136.18,0.27,1,0,4803
2023-03-03,SKU_041,Retail,Central,38,108246.42,0.07,1,1,3063
2023-06-08,SKU_030,Distributor,West,62,247446.96000000002,0.21,1,1,5052
2023-02-21,SKU_034,Flipkart,North,70,173445.30000000002,0.19,0,1,3059
2023-02-18,SKU_001,D2C,West,21,51030.0,0.25,0,0,3240
2023-03-10,SKU_008,D2C,Central,102,438013.5,0.11,1,0,4825
2023-06-04,SKU_044,Distributor,East,32,140472.32,0.24,0,0,5776
2023-04-08,SKU_022,Distributor,South,23,109943.68000000001,0.12,0,1,5432
2023-02-09,SKU_013,Flipkart,South,60,241875.0,0.25,0,1,5375
2023-04-09,SKU_016,Retail,North,43,115436.08,0.08,1,1,2918
2023-05-21,SKU_029,Amazon,South,40,166048.0,0.2,1,1,5189
2023-06-24,SKU_013,Amazon,North,61,98728.5,0.22,0,0,2075
2023-06-16,SKU_031,Flipkart,Central,19,29870.28,0.01,1,0,1588
2023-05-11,SKU_014,Flipkart,East,15,44338.8,0.12,0,0,3359
2023-03-12,SKU_029,Retail,West,38,130336.95999999999,0.03,1,0,3536
2023-02-20,SKU_008,Flipkart,South,71,66012.96,0.22,0,0,1192
2023-01-23,SKU_013,Flipkart,East,38,52941.6,0.14,1,1,1620
2023-05-08,SKU_004,Retail,West,81,409642.11,0.13,1,0,5813
2023-05-12,SKU_024,Retail,East,74,71454.4,0.29,0,0,1360
2023-03-11,SKU_005,Flipkart,East,55,289132.8,0.04,0,0,5476
2023-02-28,SKU_002,Distributor,East,56,169021.44,0.04,1,0,3144
2023-05-25,SKU_011,D2C,South,55,158359.85,0.17,1,0,3469
2023-06-29,SKU_011,Distributor,South,53,180402.99,0.17,0,0,4101
2023-06-14,SKU_047,Distributor,North,42,76567.68,0.28,1,1,2532
2023-05-03,SKU_025,Retail,South,44,131852.6,0.27,1,1,4105
2023-06-27,SKU_026,Retail,East,28,93866.08,0.24,1,1,4411
2023-03-15,SKU_016,Retail,North,5,22344.3,0.01,0,0,4514
2023-03-24,SKU_042,Amazon,West,72,75058.56,0.17,0,0,1256
2023-03-29,SKU_036,D2C,West,53,225757.74,0.14,0,1,4953
2023-06-15,SKU_031,D2C,South,50,208272.0,0.04,0,1,4339
2023-01-22,SKU_012,D2C,South,57,196773.12,0.04,1,0,3596
2023-04-11,SKU_018,Amazon,South,33,108525.45,0.27,0,1,4505
2023-03-02,SKU_015,Retail,Central,29,99017.59999999999,0.03,0,1,3520
2023-02-13,SKU_017,Amazon,West,44,35112.0,0.3,0,1,1140
2023-04-13,SKU_011,Flipkart,North,77,256790.37999999998,0.17,0,0,4018
2023-01-11,SKU_022,Amazon,East,26,33396.479999999996,0.04,0,0,1338
2023-04-29,SKU_018,Flipkart,South,0,0.0,0.28,1,0,2923
2023-03-25,SKU_049,Distributor,East,39,147299.88,0.06,1,0,4018
2023-06-30,SKU_012,Flipkart,North,72,255628.80000000002,0.2,0,1,4438
2023-02-19,SKU_040,Flipkart,Central,15,65904.0,0.2,1,1,5492
2023-05-13,SKU_019,Distributor,East,26,53698.84,0.26,1,1,2791
2023-04-10,SKU_001,Retail,East,55,298590.60000000003,0.08,0,1,5901
2023-06-24,SKU_005,Retail,East,101,384002.0,0.0,0,0,3802
2023-04-01,SKU_042,Flipkart,West,22,26022.92,0.29,1,0,1666
2023-05-11,SKU_022,D2C,North,22,64195.560000000005,0.22,1,0,3741
2023-01-14,SKU_042,Distributor,East,56,146496.0,0.25,1,0,3488
2023-01-18,SKU_022,D2C,West,74,175187.6,0.11,0,0,2660
2023-03-20,SKU_032,Distributor,West,37,99313.92,0.28,1,0,3728
2023-05-08,SKU_044,Amazon,East,17,74905.74,0.22,0,0,5649
2023-01-08,SKU_045,Distributor,Central,58,133386.08,0.24,0,1,3026
2023-05-14,SKU_026,Flipkart,Central,62,177373.94,0.27,1,0,3919
2023-04-30,SKU_001,Retail,North,85,205264.8,0.28,0,0,3354
2023-04-13,SKU_039,Distributor,East,63,110735.1,0.19,1,0,2170
2023-01-12,SKU_040,D2C,South,66,314924.28,0.18,0,0,5819
2023-02-20,SKU_038,D2C,East,44,142593.88,0.03,1,0,3341
2023-05-07,SKU_001,Flipkart,West,98,106065.40000000001,0.21,0,1,1370
2023-03-15,SKU_023,D2C,South,42,152810.28,0.13,1,0,4182
2023-06-04,SKU_024,Amazon,West,37,72105.59999999999,0.16,1,1,2320
2023-06-26,SKU_001,D2C,North,86,237277.44,0.04,0,1,2874
2023-02-19,SKU_038,Retail,Central,20,76723.2,0.04,1,0,3996
2023-02-05,SKU_027,D2C,East,13,22828.26,0.26,1,1,2373
2023-05-25,SKU_010,Distributor,East,52,51267.840000000004,0.21,1,1,1248
2023-01-13,SKU_036,D2C,North,49,160715.1,0.13,0,0,3770
2023-03-03,SKU_041,Flipkart,Central,45,169387.19999999998,0.04,1,1,3921
2023-03-12,SKU_027,Amazon,West,69,145620.36,0.14,1,0,2454
2023-03-04,SKU_024,Distributor,South,31,81366.31999999999,0.14,1,1,3052
2023-01-02,SKU_043,Flipkart,East,51,54735.75,0.19,1,0,1325
2023-02-10,SKU_043,Amazon,East,42,192681.72,0.01,0,1,4634
2023-02-23,SKU_027,Amazon,West,32,141388.80000000002,0.2,1,1,5523
2023-05-30,SKU_038,D2C,North,48,251088.0,0.0,1,0,5231
2023-01-30,SKU_001,Flipkart,North,67,187315.91999999998,0.28,0,0,3883
2023-01-11,SKU_021,Amazon,Central,92,411424.92000000004,0.19,1,0,5521
2023-03-26,SKU_035,Distributor,South,61,127607.12000000001,0.21,0,1,2648
2023-05-11,SKU_006,Retail,South,0,0.0,0.22,0,1,5217
2023-03-12,SKU_014,Flipkart,Central,49,88548.88,0.02,1,0,1844
2023-01-18,SKU_024,Flipkart,East,50,103240.0,0.11,0,0,2320
2023-01-17,SKU_036,Distributor,North,68,181220.0,0.18,1,0,3250
2023-05-22,SKU_006,Retail,South,53,96709.09999999999,0.29,1,0,2570
2023-06-27,SKU_010,Retail,East,75,239940.0,0.14,0,1,3720
2023-05-21,SKU_002,Retail,West,57,117323.1,0.1,0,1,2287
2023-03-24,SKU_035,Distributor,West,81,304853.22,0.13,0,1,4326
2023-06-04,SKU_045,D2C,East,41,171073.32,0.13,0,0,4796
2023-01-31,SKU_037,Distributor,South,52,77929.8,0.03,1,0,1545
2023-03-02,SKU_040,Distributor,North,66,198950.40000000002,0.2,0,1,3768
2023-05-04,SKU_017,D2C,East,38,111102.12,0.26,0,0,3951
2023-05-18,SKU_025,Flipkart,North,34,82360.92,0.06,0,1,2577
2023-06-11,SKU_038,Distributor,South,37,54458.82,0.22,0,1,1887
2023-05-15,SKU_045,D2C,South,35,47853.4,0.24,1,0,1799
2023-06-17,SKU_038,Amazon,East,60,195670.8,0.26,0,0,4407
2023-04-18,SKU_026,D2C,North,13,39259.22,0.26,1,1,4081
2023-02-14,SKU_031,Distributor,East,18,42325.92,0.09,0,0,2584
2023-05-17,SKU_026,D2C,North,87,120340.14,0.03,0,0,1426
2023-03-14,SKU_031,D2C,North,35,104640.90000000001,0.22,0,1,3833
2023-02-11,SKU_020,Amazon,Central,54,222401.16,0.14,0,0,4789
2023-03-20,SKU_046,D2C,North,20,58516.799999999996,0.27,1,0,4008
2023-03-17,SKU_006,Amazon,Central,51,122165.4,0.3,0,0,3422
2023-01-15,SKU_035,Distributor,East,35,130684.4,0.12,0,0,4243
2023-05-23,SKU_029,Amazon,East,18,39225.6,0.2,1,1,2724
2023-04-03,SKU_021,Distributor,East,76,260380.56,0.13,1,0,3938
2023-06-18,SKU_031,Amazon,North,73,243918.55,0.15,1,0,3931
2023-03-19,SKU_023,Retail,South,47,85671.59999999999,0.02,0,0,1860
2023-01-30,SKU_036,Amazon,Central,69,120977.01000000001,0.23,0,1,2277
2023-06-28,SKU_002,Distributor,South,88,363686.4,0.2,1,1,5166
2023-02-08,SKU_004,Distributor,West,65,317889.0,0.1,1,1,5434
2023-05-29,SKU_029,Retail,North,59,280490.72,0.14,0,0,5528
2023-04-21,SKU_012,D2C,West,53,124868.0,0.24,1,1,3100
2023-04-02,SKU_002,Retail,South,62,121421.42,0.21,1,1,2479
2023-02-09,SKU_006,Flipkart,East,42,73414.32,0.11,1,1,1964
2023-05-14,SKU_008,Retail,South,44,91787.52,0.18,0,1,2544
2023-06-04,SKU_017,D2C,East,59,85342.91,0.21,1,1,1831
2023-04-23,SKU_046,D2C,East,40,35385.6,0.24,1,0,1164
2023-02-11,SKU_033,Retail,West,42,211128.12,0.13,0,0,5778
2023-01-26,SKU_036,D2C,Central,50,201243.0,0.26,1,1,5439
2023-05-29,SKU_049,Distributor,Central,73,125852.0,0.0,1,1,1724
2023-05-27,SKU_047,Distributor,East,27,45133.2,0.3,1,1,2388
2023-02-02,SKU_037,Flipkart,North,65,83740.8,0.04,1,0,1342
2023-02-08,SKU_017,Flipkart,South,65,303108.0,0.2,1,0,5829
2023-02-01,SKU_031,Amazon,Central,65,121214.6,0.08,1,0,2027
2023-03-14,SKU_028,D2C,West,33,79744.5,0.1,1,1,2685
2023-04-18,SKU_002,Retail,East,16,19476.0,0.25,0,1,1623
2023-04-10,SKU_043,D2C,South,61,223131.9,0.11,1,0,4110
2023-02-19,SKU_024,Distributor,North,53,168301.5,0.25,1,0,4234
2023-05-02,SKU_036,Flipkart,South,70,327815.6,0.06,1,1,4982
2023-06-04,SKU_017,Retail,West,35,128930.2,0.24,1,0,4847
2023-05-09,SKU_014,Retail,Central,65,181810.2,0.22,1,0,3586
2023-03-15,SKU_038,D2C,Central,71,64805.96,0.24,0,1,1201
2023-05-26,SKU_043,D2C,South,48,164844.0,0.05,1,1,3615
2023-05-07,SKU_008,D2C,East,58,193913.72,0.23,1,0,4342
2023-02-12,SKU_008,Distributor,East,57,49077.0,0.25,0,1,1148
2023-04-21,SKU_037,Flipkart,West,33,127818.24,0.11,0,0,4352
2023-04-09,SKU_042,Retail,East,60,283920.0,0.2,1,1,5915
2023-03-17,SKU_006,Flipkart,North,82,301810.02,0.21,0,0,4659
2023-06-28,SKU_050,Distributor,South,50,229636.5,0.13,1,0,5279
2023-06-15,SKU_041,D2C,West,20,84148.40000000001,0.18,0,1,5131
2023-05-01,SKU_040,Flipkart,Central,36,62723.16,0.19,1,1,2151
2023-06-06,SKU_011,Distributor,Central,14,65157.119999999995,0.04,0,0,4848
2023-06-23,SKU_032,Distributor,North,75,272418.75,0.25,1,0,4843
2023-04-01,SKU_004,Retail,Central,65,270679.5,0.1,1,0,4627
2023-02-11,SKU_049,Flipkart,South,39,60325.98,0.21,1,0,1958
2023-05-24,SKU_026,D2C,Central,21,51273.600000000006,0.2,1,1,3052
2023-05-11,SKU_013,Flipkart,North,33,89438.58,0.19,0,0,3346
2023-04-21,SKU_041,D2C,North,37,125128.08,0.12,1,0,3843
2023-02-24,SKU_024,Retail,Central,52,272981.27999999997,0.03,1,0,5412
2023-05-18,SKU_009,D2C,North,51,160670.40000000002,0.2,0,1,3938
2023-05-07,SKU_038,Amazon,West,76,114706.8,0.1,0,0,1677
2023-04-09,SKU_020,Flipkart,North,36,70983.0,0.25,1,1,2629
2023-02-18,SKU_031,Amazon,Central,19,65913.28,0.26,1,0,4688
2023-04-11,SKU_035,Distributor,East,26,68271.84,0.28,0,1,3647
2023-03-30,SKU_045,Amazon,East,49,56456.82,0.26,0,0,1557
2023-03-04,SKU_016,Retail,Central,35,120304.79999999999,0.07,0,0,3696
2023-02-28,SKU_029,Amazon,North,44,38941.76,0.26,1,1,1196
2023-02-22,SKU_013,Distributor,West,40,198990.0,0.01,1,0,5025
2023-01-17,SKU_047,Flipkart,Central,69,160259.4,0.21,0,1,2940
2023-03-01,SKU_005,D2C,West,38,66351.8,0.05,1,1,1838
2023-01-13,SKU_004,Distributor,Central,42,191315.04,0.03,1,0,4696
2023-04-07,SKU_022,Amazon,East,64,177408.0,0.1,0,0,3080
2023-01-30,SKU_016,Distributor,Central,38,151139.68,0.17,1,0,4792
2023-05-29,SKU_034,Amazon,Central,58,180873.0,0.19,0,0,3850
2023-04-07,SKU_022,Amazon,North,56,226464.0,0.25,0,1,5392
2023-05-23,SKU_034,Flipkart,North,52,254592.0,0.1,0,1,5440
2023-05-23,SKU_021,Amazon,Central,27,86323.31999999999,0.17,0,1,3852
2023-04-22,SKU_035,Retail,North,74,72794.54000000001,0.09,0,0,1081
2023-06-14,SKU_048,Amazon,North,94,240038.4,0.04,1,0,2660
2023-05-10,SKU_007,Flipkart,North,50,135036.0,0.28,0,1,3751
2023-01-02,SKU_010,D2C,South,29,89167.45999999999,0.06,0,0,3271
2023-02-15,SKU_003,Amazon,North,50,224906.5,0.09,1,1,4943
2023-05-04,SKU_026,Amazon,Central,69,241221.24,0.17,1,0,4212
2023-01-22,SKU_023,D2C,Central,37,139948.80000000002,0.2,0,1,4728
2023-01-06,SKU_013,Retail,North,47,60598.98,0.13,0,0,1482
2023-04-24,SKU_026,Distributor,North,56,227821.44,0.08,0,0,4422
2023-03-15,SKU_028,Flipkart,South,74,187532.28,0.22,1,1,3249
2023-03-02,SKU_046,Flipkart,North,65,85675.2,0.04,1,1,1373
2023-04-03,SKU_011,D2C,North,66,93046.79999999999,0.3,0,1,2014
2023-05-23,SKU_036,Retail,East,41,155406.4,0.08,1,0,4120
2023-04-11,SKU_018,Retail,North,58,191778.16,0.02,0,1,3374
2023-05-08,SKU_004,Amazon,West,35,58396.799999999996,0.04,1,0,1738
2023-04-10,SKU_018,D2C,East,66,83067.59999999999,0.3,0,1,1798
2023-04-12,SKU_016,D2C,Central,73,168136.52,0.29,0,1,3244
2023-04-01,SKU_003,D2C,North,61,147656.6,0.24,1,0,3185
2023-01-17,SKU_037,D2C,Central,42,68720.40000000001,0.1,1,0,1818
2023-05-04,SKU_040,Retail,East,45,177657.30000000002,0.19,1,0,4874
2023-05-12,SKU_015,D2C,North,86,151053.84,0.16,1,1,2091
2023-02-09,SKU_043,Distributor,Central,42,56636.99999999999,0.07,0,1,1450
2023-03-19,SKU_024,Flipkart,East,70,183631.0,0.26,1,1,3545
2023-02-16,SKU_033,Flipkart,South,56,146805.12,0.12,1,0,2979
2023-02-28,SKU_030,Amazon,Central,43,113487.75,0.25,1,0,3519
2023-02-06,SKU_046,Distributor,South,23,53710.520000000004,0.21,1,1,2956
2023-05-16,SKU_027,Amazon,West,54,45411.84,0.28,0,1,1168
2023-06-08,SKU_003,Distributor,West,51,52432.079999999994,0.29,1,1,1448
2023-06-18,SKU_043,D2C,East,86,343303.39999999997,0.05,1,0,4202
2023-04-17,SKU_027,Retail,North,32,35278.4,0.15,0,0,1297
2023-04-29,SKU_044,Retail,West,95,218469.6,0.28,1,1,3194
2023-05-12,SKU_003,D2C,East,57,83311.20000000001,0.2,0,0,1827
2023-01-07,SKU_047,D2C,Central,57,170237.34,0.22,0,1,3829
2023-03-17,SKU_020,Flipkart,Central,38,60334.88,0.11,1,1,1784
2023-01-15,SKU_049,Flipkart,Central,56,247345.84000000003,0.21,1,1,5591
2023-01-25,SKU_023,Flipkart,North,59,235811.2,0.2,1,1,4996
2023-06-11,SKU_004,D2C,East,68,103731.28,0.11,1,0,1714
2023-06-22,SKU_020,Distributor,West,30,58212.0,0.1,1,0,2156
2023-06-27,SKU_019,Retail,West,78,303413.76,0.04,0,0,4052
2023-02-28,SKU_047,Amazon,East,57,89907.23999999999,0.06,0,0,1678
2023-03-24,SKU_040,Amazon,East,62,217905.82,0.11,1,1,3949
2023-03-14,SKU_035,D2C,East,45,187608.15000000002,0.19,0,0,5147
2023-02-01,SKU_009,Amazon,Central,31,84827.47,0.09,1,0,3007
2023-01-15,SKU_012,Flipkart,East,51,245174.85,0.19,0,0,5935
2023-03-04,SKU_027,Retail,North,53,199982.78,0.26,0,1,5099
2023-04-22,SKU_037,Distributor,East,22,100914.66,0.19,0,1,5663
2023-05-31,SKU_039,Flipkart,West,65,233110.8,0.28,1,1,4981
2023-05-10,SKU_047,Amazon,East,69,63871.92,0.16,0,1,1102
2023-05-26,SKU_014,Amazon,Central,35,148793.75,0.05,0,1,4475
2023-06-13,SKU_005,Retail,West,29,96660.48,0.07,0,0,3584
2023-05-28,SKU_037,Flipkart,West,43,217404.99,0.01,0,0,5107
2023-01-11,SKU_010,D2C,North,50,238924.0,0.08,1,1,5194
2023-05-03,SKU_008,Amazon,West,44,219605.75999999998,0.04,1,0,5199
2023-06-25,SKU_050,D2C,North,48,209712.0,0.0,1,0,4369
2023-01-14,SKU_010,Amazon,West,54,154949.75999999998,0.04,0,1,2989
2023-01-06,SKU_016,Retail,North,22,104608.68,0.03,1,0,4902
2023-05-20,SKU_004,Flipkart,North,24,89485.44,0.24,1,1,4906
2023-05-26,SKU_043,Retail,West,0,0.0,0.11,0,1,5352
2023-06-12,SKU_036,Flipkart,East,68,202340.8,0.14,0,0,3460
2023-02-15,SKU_021,Distributor,South,50,74412.0,0.28,0,0,2067
2023-05-19,SKU_018,Amazon,South,70,255994.2,0.01,1,1,3694
2023-03-04,SKU_039,Retail,South,27,94573.71,0.23,0,1,4549
2023-05-18,SKU_042,Retail,East,50,151987.0,0.18,1,1,3707
2023-04-02,SKU_034,Amazon,North,54,194967.0,0.13,1,0,4150
2023-06-13,SKU_046,Retail,South,38,135304.69999999998,0.15,1,1,4189
2023-03-13,SKU_038,D2C,West,18,30033.0,0.06,0,0,1775
2023-02-12,SKU_048,Distributor,West,84,237104.28,0.21,1,0,3573
2023-05-12,SKU_031,Amazon,West,77,265354.32,0.17,0,0,4152
2023-02-12,SKU_047,Retail,West,42,64785.84,0.02,0,0,1574
2023-04-11,SKU_044,Distributor,Central,60,74355.6,0.14,0,1,1441
2023-03-31,SKU_020,Distributor,North,40,100783.2,0.02,0,0,2571
2023-04-18,SKU_004,Retail,North,30,94975.2,0.28,1,0,4397
2023-06-13,SKU_035,Retail,North,86,238921.76,0.18,0,1,3388
2023-03-18,SKU_013,D2C,East,16,42352.64,0.12,1,1,3008
2023-04-01,SKU_049,D2C,West,44,79461.8,0.05,1,0,1901
2023-04-23,SKU_018,D2C,East,51,159918.15,0.15,1,1,3689
2023-06-29,SKU_050,Amazon,East,83,238459.0,0.0,0,0,2873
2023-04-28,SKU_002,Amazon,South,67,361195.66,0.02,1,1,5501
2023-06-29,SKU_042,Amazon,East,16,21683.2,0.2,0,0,1694
2023-02-11,SKU_018,Distributor,West,49,73623.97,0.03,0,0,1549
2023-03-18,SKU_012,Flipkart,North,50,168340.0,0.24,1,1,4430
2023-03-28,SKU_042,Distributor,East,45,101246.40000000001,0.11,0,1,2528
2023-02-17,SKU_003,Flipkart,East,62,307673.75999999995,0.07,0,1,5336
2023-02-23,SKU_021,Retail,East,21,55679.4,0.1,0,1,2946
2023-06-26,SKU_025,Amazon,North,41,113345.73000000001,0.19,1,1,3413
2023-05-07,SKU_032,Flipkart,Central,59,351817.0,0.0,1,0,5963
2023-04-10,SKU_050,Flipkart,South,63,197353.80000000002,0.08,0,0,3405
2023-03-11,SKU_033,Distributor,North,52,287404.0,0.0,0,1,5527
2023-04-28,SKU_043,D2C,South,44,56264.99999999999,0.07,1,1,1375
2023-04-11,SKU_019,Distributor,Central,47,75529.0,0.0,0,0,1607
2023-01-16,SKU_032,Distributor,North,64,230459.52,0.13,0,1,4139
2023-05-18,SKU_041,Retail,Central,50,173950.0,0.02,0,1,3550
2023-03-04,SKU_033,Distributor,North,29,106070.4,0.04,0,0,3810
2023-03-17,SKU_004,Retail,West,25,103128.75,0.11,0,0,4635
2023-02-04,SKU_039,Distributor,East,20,31683.600000000002,0.22,1,1,2031
2023-03-14,SKU_012,D2C,South,79,332828.58,0.02,0,1,4299
2023-06-23,SKU_023,Retail,North,66,124930.73999999999,0.27,1,1,2593
2023-01-14,SKU_048,D2C,East,47,126189.36,0.28,0,0,3729
2023-04-18,SKU_045,Retail,West,40,228803.6,0.03,0,1,5897
2023-05-14,SKU_022,D2C,East,38,133029.26,0.09,0,1,3847
2023-04-14,SKU_032,D2C,West,71,184549.59000000003,0.19,0,1,3209
2023-01-02,SKU_028,D2C,West,88,129379.36,0.27,0,1,2014
2023-02-01,SKU_043,Distributor,Central,37,75977.28,0.08,0,0,2232
2023-04-30,SKU_041,D2C,Central,72,225262.08,0.04,0,1,3259
2023-03-31,SKU_014,Amazon,West,50,88647.0,0.22,1,0,2273
2023-02-22,SKU_046,Amazon,South,45,68782.5,0.25,0,1,2038
2023-01-18,SKU_012,Amazon,North,80,214678.4,0.27,1,1,3676
2023-04-19,SKU_024,Amazon,North,49,156316.86,0.26,1,1,4311
2023-02-15,SKU_014,Flipkart,West,55,49837.15,0.21,0,0,1147
2023-02-04,SKU_042,Distributor,Central,54,234472.31999999998,0.04,0,0,4523
2023-02-12,SKU_048,Amazon,West,17,19260.149999999998,0.17,0,1,1365
2023-01-18,SKU_033,Flipkart,West,55,105567.0,0.3,1,1,2742
2023-06-16,SKU_006,Amazon,North,38,50548.74,0.13,1,1,1529
2023-04-11,SKU_035,D2C,South,21,78403.5,0.25,1,1,4978
2023-06-01,SKU_046,Distributor,South,39,193770.72,0.12,0,1,5646
2023-03-25,SKU_009,Flipkart,East,39,173971.2,0.18,1,1,5440
2023-05-31,SKU_005,Retail,West,70,345676.8,0.04,1,0,5144
2023-06-07,SKU_030,Distributor,East,28,131696.6,0.05,0,1,4951
2023-06-01,SKU_049,D2C,South,34,172056.66,0.03,1,1,5217
2023-01-10,SKU_010,D2C,East,54,198918.72,0.12,0,1,4186
2023-01-08,SKU_020,D2C,Central,23,47724.08,0.26,0,0,2804
2023-03-06,SKU_041,Distributor,West,36,62791.200000000004,0.24,0,1,2295
2023-04-04,SKU_034,Distributor,East,16,59799.03999999999,0.06,1,0,3976
2023-03-07,SKU_047,D2C,South,68,291847.84,0.18,0,0,5234
2023-02-08,SKU_013,Retail,North,43,131618.27,0.27,0,1,4193
2023-05-11,SKU_025,D2C,Central,49,212070.04,0.09,1,0,4756
2023-04-12,SKU_015,Retail,West,68,125188.0,0.0,1,1,1841
2023-04-28,SKU_035,Amazon,East,35,38969.0,0.24,0,0,1465
2023-03-07,SKU_007,D2C,North,43,110212.44,0.22,1,1,3286
2023-02-03,SKU_038,D2C,East,28,109602.35999999999,0.07,1,0,4209
2023-03-16,SKU_026,Retail,North,28,139232.80000000002,0.08,1,0,5405
2023-02-02,SKU_016,Distributor,West,31,72211.4,0.24,1,0,3065
2023-02-28,SKU_014,Amazon,North,40,179424.0,0.11,1,1,5040
2023-06-15,SKU_048,Retail,North,42,203673.96,0.13,0,1,5574
2023-05-30,SKU_020,Retail,Central,55,64310.4,0.13,1,1,1344
2023-01-14,SKU_002,Retail,West,32,163384.32,0.12,1,1,5802
2023-01-05,SKU_042,Retail,West,56,77749.28,0.06,0,1,1477
2023-06-26,SKU_046,Distributor,North,59,111056.87999999999,0.07,1,0,2024
2023-06-20,SKU_003,D2C,North,40,114925.59999999999,0.03,1,0,2962
2023-05-05,SKU_023,Amazon,Central,33,165173.58,0.07,1,1,5382
2023-03-28,SKU_037,Flipkart,East,51,57012.899999999994,0.3,1,0,1597
2023-03-21,SKU_001,Amazon,West,45,115619.40000000001,0.22,0,1,3294
2023-05-16,SKU_007,Flipkart,South,54,72705.59999999999,0.28,0,0,1870
2023-06-30,SKU_033,Retail,South,81,234331.38,0.21,0,1,3662
2023-02-06,SKU_030,D2C,East,51,114354.24,0.09,1,1,2464
2023-03-16,SKU_041,Retail,Central,37,44879.52,0.16,0,1,1444
2023-03-15,SKU_039,D2C,South,32,27060.480000000003,0.19,1,1,1044
2023-04-02,SKU_047,Distributor,South,32,146684.16,0.16,1,0,5457
2023-01-25,SKU_022,D2C,West,20,73264.8,0.11,0,1,4116
2023-03-11,SKU_005,D2C,West,68,348772.0,0.08,0,1,5575
2023-01-04,SKU_015,Flipkart,North,5,16050.0,0.0,1,0,3210
2023-02-25,SKU_044,Amazon,North,59,290449.92,0.04,1,1,5128
2023-03-09,SKU_049,Amazon,Central,32,53821.44,0.27,0,0,2304
2023-06-15,SKU_035,Retail,North,39,60807.24,0.29,1,1,2196
2023-05-28,SKU_037,Distributor,North,32,159868.80000000002,0.1,0,1,5551
2023-05-06,SKU_014,Retail,West,78,172397.94,0.29,1,0,3113
2023-06-23,SKU_012,D2C,East,50,172210.0,0.15,1,0,4052
2023-02-21,SKU_017,Retail,East,65,329921.8,0.14,0,1,5902
2023-04-05,SKU_031,Distributor,North,76,364917.8,0.17,0,1,5785
2023-02-15,SKU_032,Amazon,Central,53,212284.08,0.28,0,0,5563
2023-02-21,SKU_019,D2C,South,26,67618.98,0.01,0,0,2627
2023-05-02,SKU_032,D2C,Central,45,87851.25,0.25,1,1,2603
2023-05-22,SKU_008,D2C,East,35,101735.2,0.26,1,1,3928
2023-04-10,SKU_039,Retail,East,39,42400.799999999996,0.28,1,1,1510
2023-02-14,SKU_012,Flipkart,North,48,126282.23999999999,0.28,1,1,3654
2023-06-26,SKU_043,Retail,West,47,217337.4,0.16,0,0,5505
2023-02-01,SKU_016,Distributor,North,58,285856.48,0.09,1,1,5416
2023-01-10,SKU_027,Retail,Central,61,74449.89,0.29,1,0,1719
2023-03-25,SKU_020,Retail,North,47,48602.700000000004,0.1,1,0,1149
2023-02-07,SKU_004,Amazon,East,58,131027.79999999999,0.05,0,1,2378
2023-02-08,SKU_023,D2C,East,39,72394.92,0.07,1,0,1996
2023-02-02,SKU_042,Flipkart,North,76,148318.56,0.22,0,0,2502
2023-04-05,SKU_007,Retail,North,38,74799.2,0.24,1,1,2590
2023-02-06,SKU_037,Amazon,West,73,69764.64,0.12,1,0,1086
2023-01-30,SKU_022,Amazon,South,20,64932.0,0.16,0,1,3865
2023-04-09,SKU_008,Retail,South,42,165174.24,0.12,0,1,4469
2023-03-16,SKU_003,Distributor,West,43,82435.3,0.05,1,0,2018
2023-06-11,SKU_032,D2C,Central,55,258742.0,0.05,0,0,4952
2023-06-17,SKU_021,Distributor,West,67,171034.91999999998,0.16,1,0,3039
2023-03-25,SKU_028,Amazon,North,25,30313.25,0.27,1,0,1661
2023-01-01,SKU_018,Flipkart,West,27,91237.32,0.08,0,0,3673
2023-06-13,SKU_041,D2C,Central,21,45158.4,0.04,1,1,2240
2023-05-31,SKU_010,Flipkart,Central,76,75878.4,0.04,1,1,1040
2023-04-09,SKU_032,Retail,West,55,157426.5,0.13,1,0,3290
2023-03-27,SKU_001,Flipkart,Central,28,92982.12,0.13,0,0,3817
2023-03-15,SKU_038,D2C,Central,41,69823.0,0.0,1,0,1703
2023-03-04,SKU_009,Retail,North,73,172144.95,0.21,0,1,2985
2023-05-29,SKU_013,Distributor,North,44,169539.91999999998,0.26,0,0,5207
2023-02-17,SKU_024,Distributor,North,43,188660.78,0.26,0,0,5929
2023-04-02,SKU_043,Distributor,North,34,58596.96,0.14,0,0,2004
2023-01-18,SKU_008,Amazon,North,29,110649.79,0.17,0,0,4597
2023-01-14,SKU_047,Distributor,South,73,181019.56,0.06,0,0,2638
2023-01-01,SKU_035,Amazon,Central,83,375511.92,0.16,0,0,5386
2023-03-13,SKU_001,Amazon,North,30,161082.0,0.05,0,1,5652
2023-05-22,SKU_042,Distributor,South,78,223696.19999999998,0.15,1,1,3374
2023-03-06,SKU_007,Flipkart,Central,40,184418.4,0.14,1,1,5361
2023-05-31,SKU_031,D2C,North,60,236520.0,0.25,0,1,5256
2023-03-08,SKU_036,Flipkart,Central,78,302320.19999999995,0.3,0,0,5537
2023-03-04,SKU_013,Flipkart,East,47,138018.79,0.09,0,1,3227
2023-05-18,SKU_017,Flipkart,North,43,41734.08,0.28,1,1,1348
2023-06-30,SKU_033,Amazon,East,66,107941.68,0.01,1,0,1652
2023-01-17,SKU_006,Flipkart,West,27,103754.51999999999,0.07,0,1,4132
2023-05-03,SKU_002,Distributor,West,72,173016.0,0.11,1,1,2700
2023-04-03,SKU_050,Distributor,North,52,174969.6,0.04,1,0,3505
2023-04-19,SKU_050,Flipkart,East,38,89386.26,0.11,0,0,2643
2023-02-25,SKU_002,Flipkart,Central,37,75994.3,0.06,0,1,2185
2023-03-09,SKU_027,Flipkart,East,22,27614.4,0.2,0,1,1569
2023-03-06,SKU_016,Amazon,East,39,154623.30000000002,0.18,1,1,4835
2023-03-25,SKU_015,Retail,East,44,143064.24,0.06,0,0,3459
2023-03-27,SKU_009,D2C,East,28,111333.04000000001,0.18,1,0,4849
2023-01-25,SKU_026,Flipkart,East,49,168873.6,0.2,0,1,4308
2023-01-05,SKU_048,D2C,South,59,61385.96,0.26,0,1,1406
2023-04-28,SKU_039,Amazon,North,45,197259.3,0.02,1,0,4473
2023-06-30,SKU_010,Amazon,Central,63,212154.38999999998,0.07,0,1,3621
2023-01-13,SKU_034,Distributor,East,33,73501.56,0.08,1,0,2421
2023-03-22,SKU_048,D2C,East,70,152829.6,0.12,1,1,2481
2023-06-28,SKU_021,Flipkart,South,52,174720.0,0.0,1,0,3360
2023-06-04,SKU_027,Flipkart,East,80,333356.8,0.02,0,0,4252
2023-02-27,SKU_049,Retail,Central,98,289531.2,0.2,1,1,3693
2023-03-12,SKU_011,Amazon,North,40,161708.4,0.07,0,1,4347
2023-01-19,SKU_040,Flipkart,Central,41,110501.15,0.05,0,0,2837
2023-01-09,SKU_028,Flipkart,South,45,69766.2,0.02,0,0,1582
2023-05-14,SKU_035,D2C,South,61,258249.59999999998,0.04,1,1,4410
2023-05-12,SKU_017,Distributor,East,76,157548.0,0.0,0,1,2073
2023-06-01,SKU_042,Amazon,South,36,88560.0,0.25,0,0,3280
2023-06-09,SKU_009,D2C,East,57,113236.2,0.23,1,0,2580
2023-05-24,SKU_017,Amazon,East,47,70511.75,0.15,0,1,1765
2023-01-27,SKU_045,Amazon,North,62,224535.48,0.22,0,1,4643
2023-06-01,SKU_047,Flipkart,North,80,82519.2,0.27,0,1,1413
2023-05-29,SKU_006,D2C,South,45,174182.4,0.16,1,1,4608
2023-05-26,SKU_034,D2C,Central,16,41091.84,0.13,0,1,2952
2023-04-10,SKU_005,D2C,West,64,140025.6,0.1,0,0,2431
2023-05-04,SKU_029,Distributor,West,33,40392.0,0.15,1,1,1440
2023-01-28,SKU_047,Amazon,North,47,177146.76,0.02,1,0,3846
2023-06-14,SKU_024,Distributor,East,65,255031.4,0.06,0,0,4174
2023-03-13,SKU_024,Amazon,Central,55,185724.0,0.2,1,0,4221
2023-03-29,SKU_049,Amazon,South,47,197317.28,0.24,1,0,5524
2023-03-21,SKU_038,Flipkart,West,38,140904.0,0.2,0,1,4635
2023-03-16,SKU_012,Amazon,East,0,0.0,0.14,1,0,5114
2023-01-27,SKU_005,Amazon,North,63,225666.0,0.28,1,0,4975
2023-05-18,SKU_004,Retail,East,44,235710.19999999998,0.05,0,0,5639
2023-04-12,SKU_011,Amazon,West,80,281321.6,0.24,1,1,4627
2023-06-30,SKU_019,D2C,South,57,285535.8,0.1,0,0,5566
2023-06-25,SKU_047,Flipkart,North,39,161179.19999999998,0.16,1,1,4920
2023-01-04,SKU_023,Amazon,Central,71,80315.20000000001,0.2,0,1,1414
2023-03-30,SKU_024,D2C,South,73,66926.40000000001,0.2,0,1,1146
2023-01-21,SKU_010,Flipkart,North,45,75411.0,0.05,1,1,1764
2023-02-04,SKU_038,Distributor,East,73,266098.14,0.01,0,1,3682
2023-02-08,SKU_030,Distributor,East,38,83110.56,0.22,0,1,2804
2023-04-03,SKU_014,D2C,South,53,158639.59999999998,0.3,1,0,4276
2023-01-25,SKU_022,Flipkart,South,61,280722.0,0.22,0,1,5900
2023-03-27,SKU_015,Flipkart,West,65,65929.5,0.1,1,1,1127
2023-02-21,SKU_009,Distributor,Central,62,330031.58,0.11,1,1,5981
2023-06-16,SKU_005,Amazon,South,43,37184.25,0.25,1,1,1153
2023-04-17,SKU_026,D2C,West,71,94434.26,0.27,0,1,1822
2023-04-03,SKU_047,Amazon,North,47,112160.8,0.2,1,0,2983
2023-01-10,SKU_032,Retail,North,38,123336.59999999999,0.07,1,1,3490
2023-01-02,SKU_006,Amazon,South,38,149549.75999999998,0.28,1,0,5466
2023-04-25,SKU_026,Amazon,West,88,97192.48,0.02,1,1,1127
2023-02-26,SKU_002,D2C,South,35,126341.25,0.25,0,1,4813
2023-01-11,SKU_029,Flipkart,North,75,400338.0,0.08,1,1,5802
2023-04-07,SKU_005,Distributor,Central,27,109107.0,0.25,1,0,5388
2023-04-04,SKU_006,Amazon,Central,59,209195.12,0.08,1,1,3854
2023-02-20,SKU_027,Amazon,North,55,271657.64999999997,0.07,1,0,5311
2023-02-24,SKU_020,D2C,East,82,126919.59999999999,0.29,0,0,2180
2023-04-16,SKU_028,Retail,East,36,35834.4,0.21,1,1,1260
2023-05-22,SKU_023,Amazon,East,31,109062.03,0.23,1,0,4569
2023-01-18,SKU_033,Flipkart,Central,47,57429.77,0.29,1,1,1721
2023-02-13,SKU_034,Amazon,West,83,160783.44999999998,0.15,0,0,2279
2023-05-24,SKU_007,D2C,West,32,158662.08000000002,0.11,1,1,5571
2023-01-17,SKU_004,Flipkart,East,0,0.0,0.11,0,0,5416
2023-03-22,SKU_014,Flipkart,South,51,76873.83,0.29,0,1,2123
2023-05-21,SKU_046,D2C,Central,68,217519.75999999998,0.06,0,0,3403
2023-04-12,SKU_028,Amazon,North,29,37894.01,0.23,0,0,1697
2023-01-26,SKU_027,Distributor,West,66,187440.0,0.2,0,1,3550
2023-03-13,SKU_004,Amazon,North,29,50416.5,0.05,1,1,1830
2023-06-03,SKU_010,Flipkart,Central,47,93874.04000000001,0.08,0,0,2171
2023-01-26,SKU_033,Retail,South,65,61157.2,0.24,1,1,1238
2023-01-03,SKU_046,Distributor,Central,26,74589.84,0.22,1,0,3678
2023-06-09,SKU_003,Flipkart,West,53,62940.15,0.13,0,1,1365
2023-06-17,SKU_009,Flipkart,South,74,161750.68,0.09,0,1,2402
2023-04-23,SKU_021,D2C,North,59,69689.62,0.09,0,1,1298
2023-06-07,SKU_012,Flipkart,Central,35,96191.55,0.13,0,0,3159
2023-01-27,SKU_001,D2C,South,80,422979.2,0.08,1,0,5747
2023-05-29,SKU_039,Distributor,South,63,270233.46,0.18,1,1,5231
2023-04-23,SKU_005,D2C,North,12,27795.0,0.15,0,0,2725
2023-05-05,SKU_025,Distributor,East,67,68122.25,0.17,1,0,1225
2023-05-18,SKU_018,Amazon,South,38,86495.6,0.24,0,1,2995
2023-01-19,SKU_041,Distributor,Central,53,87286.23,0.13,1,1,1893
2023-06-14,SKU_023,Retail,East,70,319272.8,0.12,0,1,5183
2023-06-14,SKU_003,Distributor,East,39,110347.38,0.01,1,0,2858
2023-06-09,SKU_026,Flipkart,West,17,30424.05,0.03,0,0,1845
2023-01-03,SKU_001,D2C,Central,80,293363.2,0.14,1,0,4264
2023-02-05,SKU_017,Distributor,Central,73,280084.94,0.18,1,0,4679
2023-06-14,SKU_011,Flipkart,East,48,217611.36000000002,0.19,1,1,5597
2023-05-21,SKU_036,Amazon,South,67,236697.6,0.08,0,1,3840
2023-05-16,SKU_028,D2C,West,42,60858.0,0.25,0,0,1932
2023-04-14,SKU_034,Distributor,East,51,65788.47,0.01,1,0,1303
2023-03-11,SKU_034,Distributor,North,47,209829.62,0.23,1,0,5798
2023-03-13,SKU_028,Amazon,East,43,90457.37999999999,0.07,0,0,2262
2023-01-27,SKU_029,Amazon,South,57,73701.0,0.25,0,1,1724
2023-01-09,SKU_003,Retail,South,25,69296.25,0.15,1,1,3261
2023-06-25,SKU_026,Amazon,West,44,151448.44,0.17,0,1,4147
2023-03-02,SKU_026,Distributor,East,56,133537.03999999998,0.17,0,0,2873
2023-03-12,SKU_042,D2C,North,86,276579.44,0.18,0,1,3922
2023-05-13,SKU_030,Retail,East,26,130865.28,0.04,0,1,5243
2023-02-11,SKU_028,Distributor,South,60,188822.4,0.11,1,0,3536
2023-05-29,SKU_041,Distributor,North,62,322771.38,0.03,0,1,5367
2023-03-05,SKU_039,Distributor,West,12,48460.8,0.2,0,0,5048
2023-05-24,SKU_043,Amazon,North,58,110432.0,0.2,1,1,2380
2023-06-27,SKU_022,Amazon,West,67,335750.4,0.1,1,1,5568
2023-02-03,SKU_012,D2C,West,61,289811.61,0.01,1,1,4799
2023-06-01,SKU_018,Flipkart,North,48,247861.44,0.11,1,1,5802
2023-04-23,SKU_047,D2C,Central,56,262596.88,0.09,1,0,5153
2023-03-02,SKU_026,Flipkart,Central,53,269862.75,0.07,0,0,5475
2023-03-04,SKU_022,Amazon,South,16,14015.04,0.22,0,0,1123
2023-05-08,SKU_042,Amazon,North,53,73664.70000000001,0.18,0,0,1695
2023-02-03,SKU_043,Flipkart,Central,42,118505.51999999999,0.16,1,0,3359
2023-05-12,SKU_027,Flipkart,West,35,91319.2,0.08,0,1,2836
2023-05-18,SKU_028,D2C,Central,99,146563.56,0.27,0,0,2028
2023-01-27,SKU_026,Flipkart,East,75,272142.0,0.22,1,1,4652
2023-01-01,SKU_012,Amazon,North,26,43116.84,0.17,1,0,1998
2023-05-13,SKU_046,Flipkart,West,56,177246.16,0.03,1,1,3263
2023-05-19,SKU_041,Flipkart,East,79,246423.91,0.27,1,0,4273
2023-05-25,SKU_042,Flipkart,South,20,72879.0,0.15,0,1,4287
2023-05-13,SKU_016,Distributor,East,51,44593.380000000005,0.22,0,1,1121
2023-01-22,SKU_011,D2C,West,52,65538.72,0.19,1,0,1556
2023-01-15,SKU_005,Amazon,North,24,100483.2,0.28,1,0,5815
2023-01-12,SKU_014,D2C,East,57,229639.32,0.24,1,1,5301
2023-04-23,SKU_044,D2C,West,72,164829.6,0.22,1,0,2935
2023-05-22,SKU_050,Retail,Central,80,175759.2,0.21,0,0,2781
2023-06-18,SKU_006,Amazon,East,45,77630.4,0.28,1,1,2396
2023-02-10,SKU_027,Distributor,South,100,94518.0,0.11,0,1,1062
2023-06-21,SKU_020,Distributor,West,8,29735.600000000002,0.21,0,1,4705
2023-05-12,SKU_048,Retail,Central,57,129132.35999999999,0.07,0,1,2436
2023-04-30,SKU_011,Retail,Central,21,72002.06999999999,0.13,0,0,3941
2023-03-02,SKU_043,Flipkart,East,51,244738.80000000002,0.1,1,0,5332
2023-06-02,SKU_033,Flipkart,South,39,107567.45999999999,0.01,1,1,2786
2023-05-24,SKU_020,Flipkart,Central,60,241597.80000000002,0.21,1,0,5097
2023-02-08,SKU_018,D2C,West,47,252750.96,0.01,1,0,5432
2023-01-27,SKU_028,D2C,South,33,138346.88999999998,0.17,0,0,5051
2023-03-08,SKU_044,Flipkart,East,34,190389.12,0.04,0,0,5833
2023-03-18,SKU_047,Flipkart,West,88,357260.63999999996,0.29,1,1,5718
2023-02-22,SKU_020,D2C,South,58,194624.22,0.13,1,1,3857
2023-05-03,SKU_030,Amazon,North,15,84659.25,0.05,1,1,5941
2023-04-04,SKU_001,Amazon,East,61,172634.88,0.12,1,0,3216
2023-04-28,SKU_043,Retail,West,46,63252.3,0.11,1,0,1545
2023-06-04,SKU_019,Flipkart,Central,50,272350.5,0.07,1,0,5857
2023-01-21,SKU_012,Retail,North,66,133156.98,0.13,1,0,2319
2023-01-27,SKU_008,Distributor,North,73,179616.5,0.26,0,0,3325
2023-03-10,SKU_023,Retail,South,32,107877.12000000001,0.22,0,1,4322
2023-06-15,SKU_001,Distributor,North,49,117976.32,0.12,1,1,2736
2023-06-07,SKU_034,Amazon,South,39,164520.72,0.16,0,0,5022
2023-05-23,SKU_022,Retail,South,61,198029.18000000002,0.18,0,1,3959
2023-01-29,SKU_002,Amazon,Central,45,162072.45,0.21,1,0,4559
2023-03-13,SKU_013,D2C,South,50,69403.5,0.03,1,1,1431
2023-02-24,SKU_034,D2C,North,44,219673.96,0.03,0,1,5147
2023-04-03,SKU_035,Amazon,East,47,88375.98,0.23,0,1,2442
2023-03-23,SKU_047,Amazon,South,84,96472.31999999999,0.03,1,1,1184
2023-05-26,SKU_021,Retail,South,97,384449.8,0.24,0,0,5215
2023-02-08,SKU_005,Retail,North,57,161696.46,0.27,1,1,3886
2023-06-07,SKU_011,Flipkart,North,48,239823.36,0.16,1,0,5948
2023-01-19,SKU_048,Flipkart,West,18,55766.159999999996,0.27,1,1,4244
2023-02-20,SKU_025,Amazon,Central,34,69595.62,0.07,1,1,2201
2023-05-27,SKU_021,Amazon,East,47,123403.20000000001,0.2,0,1,3282
2023-03-15,SKU_006,Amazon,Central,35,165123.0,0.1,0,1,5242
2023-05-27,SKU_044,D2C,South,37,58580.25,0.25,1,1,2111
2023-03-11,SKU_003,Retail,North,81,336523.41000000003,0.21,1,1,5259
2023-03-31,SKU_020,Flipkart,South,50,180530.0,0.3,0,0,5158
2023-01-06,SKU_032,D2C,North,52,193160.24000000002,0.09,1,1,4082
2023-05-04,SKU_001,Retail,North,36,84680.64,0.12,0,1,2673
2023-01-18,SKU_041,Distributor,West,73,211869.36,0.28,0,0,4031
2023-01-23,SKU_047,D2C,South,45,161991.0,0.18,0,1,4390
2023-06-15,SKU_019,Retail,North,39,141944.4,0.28,0,0,5055
2023-03-27,SKU_039,Flipkart,West,18,73884.24,0.11,0,1,4612
2023-04-23,SKU_007,Amazon,South,48,73117.44,0.12,1,1,1731
2023-03-23,SKU_006,Distributor,North,38,180165.6,0.1,0,1,5268
2023-03-07,SKU_024,Distributor,Central,83,288196.75,0.05,1,0,3655
2023-04-07,SKU_038,D2C,North,86,112197.31999999999,0.26,0,0,1763
2023-06-23,SKU_031,Retail,East,25,57017.0,0.08,1,1,2479
2023-04-06,SKU_018,Distributor,South,27,115373.7,0.05,1,0,4498
2023-03-31,SKU_012,Amazon,South,44,108628.52,0.09,1,1,2713
2023-01-07,SKU_033,Retail,West,33,135883.44,0.16,1,0,4902
2023-02-27,SKU_030,Distributor,East,54,52307.64,0.26,0,1,1309
2023-01-31,SKU_031,Amazon,Central,43,60019.399999999994,0.3,0,1,1994
2023-06-18,SKU_025,Flipkart,West,55,181777.19999999998,0.06,0,0,3516
2023-03-01,SKU_010,Flipkart,South,70,280231.0,0.3,0,1,5719
2023-02-17,SKU_042,Retail,Central,28,91396.48000000001,0.08,1,1,3548
2023-04-11,SKU_007,Distributor,South,69,96565.5,0.1,1,1,1555
2023-06-03,SKU_031,Amazon,North,35,103493.95000000001,0.21,1,0,3743
2023-02-08,SKU_005,Retail,South,92,294188.4,0.1,1,1,3553
2023-03-06,SKU_021,Amazon,East,82,72816.0,0.2,0,1,1110
2023-01-17,SKU_024,Retail,North,47,119109.74999999999,0.07,0,0,2725
2023-06-24,SKU_013,Amazon,North,30,76128.0,0.2,1,0,3172
2023-01-13,SKU_044,Flipkart,South,26,103934.48,0.26,1,1,5402
2023-05-18,SKU_037,D2C,East,67,131466.06,0.01,0,0,1982
2023-01-21,SKU_015,Amazon,Central,49,39382.28,0.29,1,0,1132
2023-05-08,SKU_005,D2C,West,68,114407.28,0.22,1,1,2157
2023-04-21,SKU_017,D2C,Central,94,248673.24000000002,0.19,0,1,3266
2023-02-06,SKU_029,D2C,West,34,159107.08000000002,0.11,0,1,5258
2023-05-01,SKU_010,Amazon,Central,25,60440.0,0.2,0,1,3022
2023-02-19,SKU_043,Amazon,South,53,187679.36000000002,0.12,0,1,4024
2023-03-05,SKU_001,Flipkart,South,72,263589.12,0.13,1,0,4208
2023-04-24,SKU_026,D2C,East,31,51569.43,0.29,0,1,2343
2023-05-31,SKU_025,Retail,East,50,160550.0,0.24,1,0,4225
2023-02-13,SKU_012,D2C,West,77,358978.62,0.14,0,1,5421
2023-06-01,SKU_034,Flipkart,North,17,65978.36,0.17,0,1,4676
2023-04-16,SKU_040,Amazon,South,54,117015.29999999999,0.05,0,0,2281
2023-05-02,SKU_005,D2C,East,39,79255.02,0.14,1,0,2363
2023-01-31,SKU_042,Amazon,East,52,220729.6,0.2,1,1,5306
2023-04-26,SKU_035,Retail,Central,64,108454.4,0.26,0,1,2290
2023-03-15,SKU_010,D2C,South,54,154999.44,0.27,0,1,3932
2023-06-11,SKU_026,D2C,West,29,48271.08,0.22,0,0,2134
2023-05-05,SKU_025,Retail,North,39,82620.72,0.16,1,0,2522
2023-01-26,SKU_007,Amazon,East,78,193752.0,0.08,1,1,2700
2023-06-25,SKU_045,D2C,North,56,70392.0,0.25,1,0,1676
2023-06-27,SKU_014,Amazon,West,66,329574.95999999996,0.03,0,1,5148
2023-05-15,SKU_030,Retail,West,55,78952.5,0.1,0,1,1595
2023-06-08,SKU_031,Amazon,South,66,85961.7,0.05,1,1,1371
2023-06-22,SKU_003,Retail,South,42,216731.76,0.08,0,0,5609
2023-04-11,SKU_028,Retail,South,34,33839.52,0.12,0,1,1131
2023-01-22,SKU_005,Amazon,West,65,160777.5,0.03,1,0,2550
2023-05-12,SKU_015,Flipkart,East,72,194529.6,0.21,0,0,3420
2023-05-09,SKU_017,Amazon,West,31,84419.82,0.19,1,1,3362
2023-06-24,SKU_031,Retail,West,38,154760.32,0.11,0,1,4576
2023-05-06,SKU_038,Distributor,East,46,202363.2,0.22,0,1,5640
2023-04-22,SKU_016,Amazon,East,82,363465.0,0.1,1,0,4925
2023-04-15,SKU_007,Flipkart,South,61,82289.0,0.24,1,1,1775
2023-03-15,SKU_015,Distributor,Central,23,36022.14,0.01,0,0,1582
2023-02-06,SKU_026,Amazon,North,48,233539.2,0.1,0,0,5406
2023-01-04,SKU_007,D2C,West,45,191462.4,0.04,1,1,4432
2023-03-02,SKU_045,D2C,East,26,91958.09999999999,0.15,0,1,4161
2023-05-28,SKU_021,Flipkart,North,47,50100.12,0.19,0,1,1316
2023-04-03,SKU_020,Distributor,Central,44,234539.8,0.05,0,0,5611
2023-02-13,SKU_045,D2C,South,42,66961.44,0.09,1,1,1752
2023-04-21,SKU_049,D2C,South,41,135343.46,0.27,0,1,4522
2023-03-16,SKU_004,D2C,South,79,76100.7,0.22,0,0,1235
2023-04-10,SKU_023,Distributor,North,42,85900.5,0.19,1,0,2525
2023-05-03,SKU_023,Flipkart,North,50,67006.5,0.07,0,0,1441
2023-04-21,SKU_041,D2C,North,48,116496.0,0.25,0,0,3236
2023-06-24,SKU_003,Retail,East,39,177926.58000000002,0.22,1,1,5849
2023-01-21,SKU_009,Flipkart,North,51,237162.75,0.05,0,1,4895
2023-04-22,SKU_016,Retail,Central,51,161109.0,0.19,1,0,3900
2023-06-01,SKU_009,Distributor,Central,51,291427.77,0.03,1,1,5891
2023-04-17,SKU_038,Retail,East,32,141577.92,0.01,1,1,4469
2023-04-13,SKU_039,Amazon,Central,45,210201.75,0.05,0,1,4917
2023-06-04,SKU_005,D2C,Central,65,215259.2,0.21,1,0,4192
2023-01-23,SKU_025,Retail,East,46,181895.03999999998,0.28,0,0,5492
2023-01-09,SKU_030,Retail,Central,53,269008.92,0.08,1,0,5517
2023-03-20,SKU_032,D2C,East,53,100131.84,0.04,0,1,1968
2023-05-19,SKU_029,Retail,South,58,183922.06,0.11,0,1,3563
2023-05-26,SKU_031,Retail,North,61,256597.11000000002,0.23,1,1,5463
2023-01-15,SKU_022,Distributor,West,46,65860.5,0.17,1,0,1725
2023-05-10,SKU_025,D2C,East,31,134130.49,0.17,0,0,5213
2023-04-08,SKU_014,D2C,West,25,92106.0,0.28,1,1,5117
2023-02-18,SKU_028,D2C,South,70,212797.19999999998,0.16,1,0,3619
2023-03-13,SKU_032,Retail,North,65,232371.1,0.26,0,1,4831
2023-01-22,SKU_008,D2C,South,62,239091.84,0.04,0,0,4017
2023-05-21,SKU_029,Flipkart,East,66,86532.59999999999,0.3,1,1,1873
2023-03-20,SKU_048,D2C,West,46,180375.66,0.19,0,0,4841
2023-04-13,SKU_034,Retail,West,37,100260.75,0.25,0,0,3613
2023-04-03,SKU_018,Flipkart,West,30,28750.8,0.24,1,0,1261
2023-02-23,SKU_046,Amazon,East,28,118924.68,0.07,0,1,4567
2023-01-09,SKU_043,D2C,North,74,334351.24,0.03,0,1,4658
2023-04-22,SKU_025,Distributor,West,40,96759.2,0.21,0,0,3062
2023-05-07,SKU_031,D2C,West,71,176571.32,0.21,0,0,3148
2023-06-11,SKU_031,Flipkart,East,46,153240.72,0.08,0,1,3621
2023-06-29,SKU_020,Flipkart,South,36,145488.96,0.28,0,0,5613
2023-03-01,SKU_003,Amazon,East,28,54325.6,0.11,0,1,2180
2023-02-28,SKU_008,Flipkart,West,38,113268.88,0.14,0,1,3466
2023-04-29,SKU_023,Flipkart,South,78,180048.96,0.28,0,0,3206
2023-02-19,SKU_046,Distributor,South,28,72885.95999999999,0.07,0,1,2799
2023-06-21,SKU_049,Retail,Central,92,191102.4,0.28,0,0,2885
2023-03-22,SKU_010,Flipkart,South,33,134234.43,0.21,1,1,5149
2023-01-23,SKU_007,Amazon,West,64,228359.04,0.09,0,1,3921
2023-01-22,SKU_050,Distributor,North,47,89514.79,0.27,0,0,2609
2023-03-05,SKU_043,Retail,Central,43,157909.76,0.24,0,1,4832
2023-05-13,SKU_050,Distributor,North,24,86729.76000000001,0.22,1,0,4633
2023-02-24,SKU_044,Amazon,South,48,108384.0,0.0,0,0,2258
2023-05-10,SKU_019,D2C,East,26,113941.36,0.11,0,1,4924
2023-02-24,SKU_006,D2C,North,16,76612.48,0.02,1,1,4886
2023-03-14,SKU_022,Amazon,West,52,244886.19999999998,0.03,0,1,4855
2023-04-03,SKU_039,Amazon,South,37,121188.32,0.12,1,1,3722
2023-04-21,SKU_009,Amazon,Central,83,312781.35,0.03,1,1,3885
2023-02-10,SKU_027,Flipkart,Central,70,264096.0,0.28,0,1,5240
2023-05-28,SKU_033,Distributor,South,83,168344.75,0.05,1,0,2135
2023-05-01,SKU_014,Flipkart,East,36,55449.36,0.14,1,0,1791
2023-04-05,SKU_040,Retail,East,52,112586.76000000001,0.19,0,0,2673
2023-01-13,SKU_016,Retail,East,0,0.0,0.12,0,0,1595
2023-02-18,SKU_006,Flipkart,Central,44,171006.88,0.27,1,0,5324
2023-05-23,SKU_020,Distributor,West,51,84125.52,0.13,1,1,1896
2023-03-19,SKU_032,Amazon,West,53,108901.22,0.29,0,0,2894
2023-03-11,SKU_003,Retail,East,49,127646.47,0.11,0,0,2927
2023-01-25,SKU_044,Amazon,Central,51,168604.97999999998,0.06,1,0,3517
2023-06-22,SKU_022,D2C,Central,0,0.0,0.12,1,1,1475
2023-03-17,SKU_037,Distributor,North,55,183991.5,0.19,1,0,4130
2023-01-31,SKU_012,Distributor,North,59,161332.55,0.15,1,0,3217
2023-06-04,SKU_022,Distributor,Central,76,348726.0,0.05,1,1,4830
2023-03-23,SKU_043,Distributor,North,57,158224.59,0.19,1,0,3427
2023-01-17,SKU_034,Amazon,South,47,56920.29,0.21,1,0,1533
2023-03-14,SKU_013,Retail,North,72,254046.24,0.07,0,1,3794
2023-01-30,SKU_009,Flipkart,West,2,7795.320000000001,0.22,0,1,4997
2023-06-09,SKU_006,Flipkart,East,39,82730.7,0.1,0,1,2357
2023-01-31,SKU_001,D2C,East,34,37118.479999999996,0.02,0,1,1114
2023-06-28,SKU_047,Retail,North,49,147215.59999999998,0.3,1,0,4292
2023-01-25,SKU_001,Distributor,West,6,17972.16,0.03,1,0,3088
2023-06-10,SKU_004,Retail,South,76,182400.0,0.04,0,0,2500
2023-03-01,SKU_023,D2C,North,45,107827.2,0.28,1,0,3328
2023-01-10,SKU_029,Retail,South,56,191668.4,0.23,1,1,4445
2023-02-15,SKU_038,Retail,South,54,270578.88,0.12,1,1,5694
2023-03-04,SKU_028,Amazon,Central,75,79370.25,0.03,0,0,1091
2023-05-13,SKU_037,Distributor,East,12,30637.92,0.29,0,1,3596
2023-01-29,SKU_004,Distributor,West,52,155469.6,0.1,1,1,3322
2023-03-17,SKU_050,Retail,West,72,308839.68,0.17,1,0,5168
2023-06-14,SKU_044,D2C,West,48,38304.0,0.25,1,1,1064
2023-01-29,SKU_050,Flipkart,West,30,59659.2,0.28,0,0,2762
2023-01-29,SKU_033,Retail,North,37,92807.1,0.1,0,1,2787
2023-05-07,SKU_037,Flipkart,East,42,146354.04,0.19,0,1,4302
2023-03-30,SKU_044,D2C,South,35,159768.0,0.1,0,0,5072
2023-02-20,SKU_040,Amazon,West,46,97320.36,0.26,0,0,2859
2023-01-06,SKU_010,D2C,North,80,198720.0,0.25,1,0,3312
2023-05-28,SKU_045,Flipkart,North,38,180454.40000000002,0.2,1,1,5936
2023-05-13,SKU_046,D2C,West,40,177260.40000000002,0.19,1,1,5471
2023-06-23,SKU_034,Retail,Central,59,131643.75,0.25,1,0,2975
2023-05-19,SKU_037,Retail,West,46,155352.12,0.23,1,0,4386
2023-06-03,SKU_042,D2C,South,23,56494.9,0.23,1,0,3190
2023-02-22,SKU_012,Flipkart,West,48,172929.6,0.1,0,1,4003
2023-02-17,SKU_037,D2C,West,48,201830.4,0.04,1,0,4380
2023-01-29,SKU_023,D2C,Central,69,241444.80000000002,0.1,0,1,3888
2023-05-12,SKU_041,Flipkart,Central,30,152931.0,0.05,1,1,5366
2023-04-12,SKU_015,Retail,East,69,317413.80000000005,0.18,1,1,5610
2023-03-31,SKU_004,Amazon,South,48,57888.0,0.1,0,0,1340
2023-02-17,SKU_045,Flipkart,Central,27,51468.479999999996,0.26,0,0,2576
2023-06-10,SKU_042,Flipkart,North,23,39625.32,0.02,1,0,1758
2023-01-08,SKU_008,Flipkart,Central,88,424258.56,0.04,1,1,5022
2023-02-08,SKU_050,D2C,North,46,196729.58,0.03,1,0,4409
2023-04-30,SKU_023,D2C,Central,68,401472.0,0.0,0,1,5904
2023-06-30,SKU_032,Amazon,South,15,30228.6,0.17,0,0,2428
2023-06-06,SKU_011,Amazon,South,102,92791.44,0.16,0,1,1083
2023-02-07,SKU_033,Distributor,West,67,172988.64,0.12,0,0,2934
2023-04-01,SKU_047,Distributor,South,44,92004.0,0.25,1,1,2788
2023-03-11,SKU_024,Flipkart,East,43,137132.16,0.04,1,1,3322
2023-05-14,SKU_005,Retail,South,64,240241.28,0.29,1,0,5287
2023-01-21,SKU_039,D2C,Central,63,277682.57999999996,0.06,0,0,4689
2023-01-06,SKU_039,Amazon,West,53,155883.6,0.05,0,0,3096
2023-05-31,SKU_031,Distributor,North,50,247153.0,0.11,1,1,5554
2023-04-04,SKU_017,D2C,West,61,179937.8,0.14,0,0,3430
2023-01-24,SKU_019,Flipkart,North,15,59150.700000000004,0.18,1,1,4809
2023-05-05,SKU_027,Retail,South,42,60686.22,0.21,0,0,1829
2023-05-17,SKU_026,Retail,Central,17,34451.01,0.11,1,1,2277
2023-06-30,SKU_009,Distributor,West,62,180031.88,0.02,1,1,2963
2023-03-05,SKU_017,Flipkart,West,36,136604.16,0.23,1,0,4928
2023-01-19,SKU_029,D2C,East,18,49180.32,0.02,0,0,2788
2023-01-28,SKU_025,Amazon,Central,34,108269.6,0.24,1,0,4190
2023-05-26,SKU_017,Retail,Central,52,196567.28,0.09,0,0,4154
2023-03-24,SKU_050,Amazon,East,45,102087.0,0.24,1,1,2985
2023-04-06,SKU_050,Flipkart,Central,26,58504.68,0.19,0,1,2778
2023-02-07,SKU_009,D2C,North,15,39474.0,0.28,0,1,3655
2023-05-19,SKU_019,Amazon,East,51,235437.93,0.11,0,1,5187
2023-02-07,SKU_045,Flipkart,Central,38,182713.88,0.14,0,1,5591
2023-01-26,SKU_046,Flipkart,East,44,69192.64,0.12,0,1,1787
2023-04-18,SKU_009,Retail,North,46,55913.46,0.07,1,0,1307
2023-04-09,SKU_009,Flipkart,North,58,112329.18000000001,0.19,0,1,2391
2023-01-05,SKU_049,D2C,South,66,77939.4,0.02,1,1,1205
2023-03-27,SKU_047,Distributor,Central,52,60798.4,0.21,1,1,1480
2023-05-09,SKU_022,Flipkart,Central,43,148360.32,0.28,0,0,4792
2023-05-04,SKU_019,Distributor,Central,50,45838.0,0.14,1,1,1066
2023-02-26,SKU_029,Distributor,East,43,174916.69,0.17,0,0,4901
2023-02-18,SKU_017,Distributor,East,17,79168.32,0.12,1,1,5292
2023-01-11,SKU_004,Amazon,East,71,294155.84,0.12,1,0,4708
2023-03-24,SKU_011,Flipkart,South,68,222082.56,0.28,0,1,4536
2023-06-01,SKU_016,Amazon,West,89,163363.06,0.02,0,1,1873
2023-02-04,SKU_025,D2C,North,95,194227.5,0.06,0,1,2175
2023-06-15,SKU_010,Retail,North,26,104984.88,0.08,1,1,4389
2023-03-22,SKU_012,Distributor,North,43,181234.68,0.07,1,1,4532
2023-02-11,SKU_046,Flipkart,South,100,210518.0,0.23,1,1,2734
2023-06-12,SKU_018,Retail,North,49,79713.2,0.17,1,1,1960
2023-03-18,SKU_034,Retail,West,54,210070.25999999998,0.07,0,0,4183
2023-04-19,SKU_012,Retail,South,19,106119.94,0.03,0,1,5758
2023-02-26,SKU_023,Flipkart,Central,53,147403.6,0.15,0,0,3272
2023-01-01,SKU_021,D2C,East,88,366766.4,0.09,1,0,4580
2023-06-24,SKU_047,Amazon,East,75,75689.25,0.09,1,0,1109
2023-06-13,SKU_042,Amazon,South,37,194511.59,0.09,0,0,5777
2023-05-28,SKU_046,Distributor,Central,42,48757.799999999996,0.05,1,1,1222
2023-04-06,SKU_020,Distributor,South,27,56748.6,0.07,0,1,2260
2023-01-14,SKU_050,D2C,North,32,88435.2,0.02,0,0,2820
2023-05-25,SKU_032,Retail,Central,11,10044.54,0.11,1,0,1026
2023-04-22,SKU_045,Distributor,East,48,164505.6,0.2,0,1,4284
2023-03-28,SKU_014,Flipkart,North,80,324864.0,0.06,0,0,4320
2023-01-15,SKU_048,Amazon,West,57,239206.77000000002,0.19,0,1,5181
2023-02-01,SKU_032,Amazon,South,77,386416.8,0.15,0,1,5904
2023-02-24,SKU_038,D2C,East,71,143016.72,0.12,1,0,2289
2023-02-12,SKU_047,Amazon,North,39,161339.49,0.27,1,1,5667
2023-02-03,SKU_026,Amazon,West,34,30707.100000000002,0.19,0,1,1115
2023-06-12,SKU_048,Retail,Central,35,147140.0,0.2,1,0,5255
2023-03-31,SKU_007,Retail,East,15,21721.5,0.1,0,0,1609
2023-05-01,SKU_018,D2C,North,50,68502.0,0.02,0,0,1398
2023-01-12,SKU_043,Amazon,West,0,0.0,0.05,0,1,4461
2023-05-06,SKU_036,Flipkart,East,61,232190.4,0.22,0,1,4880
2023-04-13,SKU_019,Distributor,North,51,178178.69999999998,0.02,0,0,3565
2023-01-12,SKU_032,Flipkart,Central,59,60123.36,0.12,0,1,1158
2023-04-16,SKU_032,Distributor,West,71,139455.36,0.07,0,1,2112
2023-02-09,SKU_040,Retail,West,53,216088.95,0.23,1,0,5295
2023-02-13,SKU_016,Distributor,North,82,211335.32,0.18,1,0,3143
2023-05-25,SKU_030,Amazon,East,62,98700.28,0.17,1,0,1918
2023-03-07,SKU_039,D2C,West,34,117779.06,0.29,1,1,4879
2023-03-26,SKU_029,Retail,South,45,153931.05000000002,0.09,0,0,3759
2023-01-05,SKU_027,D2C,West,4,12577.68,0.19,0,1,3882
2023-06-04,SKU_006,Retail,Central,31,93322.70999999999,0.07,1,1,3237
2023-01-04,SKU_017,D2C,Central,42,125382.6,0.1,0,0,3317
2023-01-10,SKU_007,Flipkart,West,60,100464.0,0.08,0,1,1820
2023-02-19,SKU_044,Amazon,West,34,38863.36,0.24,0,0,1504
2023-04-04,SKU_011,Amazon,South,25,106218.0,0.28,1,0,5901
2023-01-24,SKU_024,Flipkart,West,12,64087.200000000004,0.08,1,1,5805
2023-03-16,SKU_006,Flipkart,East,38,46341.76,0.26,0,0,1648
2023-03-10,SKU_009,Retail,West,89,102919.59999999999,0.02,0,0,1180
2023-04-28,SKU_022,Amazon,West,55,85637.75,0.05,0,0,1639
2023-02-18,SKU_048,D2C,Central,68,216706.48,0.21,1,0,4034
2023-06-12,SKU_024,Distributor,Central,31,107568.45,0.01,0,1,3505
2023-01-13,SKU_047,Distributor,North,18,55849.5,0.25,1,0,4137
2023-05-29,SKU_044,Flipkart,South,25,30924.0,0.28,1,1,1718
2023-01-08,SKU_037,Retail,West,48,145363.68,0.01,1,0,3059
2023-05-27,SKU_022,Amazon,South,10,14701.500000000002,0.19,1,1,1815
2023-03-11,SKU_019,Distributor,Central,29,154007.98,0.02,0,1,5419
2023-06-02,SKU_001,Flipkart,East,38,163358.58000000002,0.23,1,0,5583
2023-03-27,SKU_036,Amazon,Central,23,29234.84,0.14,0,1,1478
2023-05-03,SKU_034,Flipkart,West,7,9895.199999999999,0.05,1,0,1488
2023-05-31,SKU_014,Amazon,East,55,145762.65,0.01,1,0,2677
2023-06-16,SKU_045,Distributor,North,50,103546.0,0.08,0,1,2251
2023-03-21,SKU_031,Retail,South,65,122530.20000000001,0.08,1,0,2049
2023-01-25,SKU_020,Flipkart,South,27,53460.0,0.1,0,0,2200
2023-03-07,SKU_017,Amazon,West,65,113881.95000000001,0.19,1,1,2163
2023-02-22,SKU_022,Distributor,South,80,372880.0,0.21,0,1,5900
2023-04-03,SKU_048,Retail,North,55,142890.0,0.25,1,1,3464
2023-03-26,SKU_014,Distributor,Central,37,97252.65,0.01,1,1,2655
2023-02-20,SKU_022,Retail,West,52,196518.91999999998,0.27,1,0,5177
2023-05-01,SKU_010,Distributor,Central,36,73612.8,0.1,1,0,2272
2023-02-14,SKU_044,Flipkart,East,33,121983.84,0.28,1,0,5134
2023-05-08,SKU_042,D2C,West,63,276277.68,0.18,1,0,5348
2023-02-22,SKU_006,D2C,South,47,126619.87999999999,0.06,1,0,2866
2023-01-22,SKU_027,D2C,South,74,310723.77999999997,0.17,1,1,5059
2023-02-09,SKU_029,Flipkart,South,41,60961.67,0.23,1,0,1931
2023-01-02,SKU_028,D2C,West,43,231502.11,0.07,0,0,5789
2023-05-25,SKU_018,Distributor,West,38,87684.24,0.18,0,1,2814
2023-06-20,SKU_013,Amazon,South,27,110662.2,0.01,1,0,4140
2023-01-19,SKU_048,Flipkart,South,66,114387.9,0.15,1,0,2039
2023-05-23,SKU_017,Amazon,East,93,373860.0,0.0,1,0,4020
2023-01-22,SKU_033,Distributor,Central,42,80720.64,0.16,1,1,2288
2023-03-12,SKU_009,D2C,East,36,67160.87999999999,0.07,1,0,2006
2023-05-02,SKU_002,Distributor,East,35,39312.0,0.1,1,1,1248
2023-03-29,SKU_025,Distributor,North,36,126515.51999999999,0.28,0,0,4881
2023-02-06,SKU_002,Flipkart,Central,82,181607.03999999998,0.04,0,0,2307
2023-02-20,SKU_005,Retail,North,35,64998.5,0.02,0,1,1895
2023-04-11,SKU_042,Distributor,South,38,85757.64,0.13,0,0,2594
2023-05-17,SKU_048,Retail,West,25,52297.5,0.05,1,0,2202
2023-06-14,SKU_045,Amazon,Central,55,241852.59999999998,0.06,1,0,4678
2023-03-10,SKU_039,Retail,North,48,199837.44,0.24,0,1,5478
2023-04-25,SKU_007,Retail,Central,27,52277.4,0.16,0,0,2305
2023-03-01,SKU_021,Retail,East,32,124008.0,0.25,1,0,5167
2023-04-21,SKU_017,Flipkart,Central,80,267097.60000000003,0.23,1,1,4336
2023-02-27,SKU_047,Flipkart,West,50,41697.0,0.18,0,0,1017
2023-01-24,SKU_005,Retail,West,52,98128.16,0.24,1,1,2483
2023-02-10,SKU_018,Retail,West,52,250448.63999999998,0.13,0,1,5536
2023-05-13,SKU_027,D2C,Central,77,291281.76,0.26,1,1,5112
2023-03-28,SKU_027,Distributor,South,29,68261.94,0.19,1,0,2906
2023-06-21,SKU_029,D2C,East,42,91163.51999999999,0.04,0,0,2261
2023-03-04,SKU_028,Amazon,East,46,76771.24,0.02,1,0,1703
2023-01-25,SKU_008,Retail,South,15,59580.0,0.0,0,0,3972
2023-03-20,SKU_012,Flipkart,West,31,127491.84,0.16,0,0,4896
2023-05-09,SKU_017,Distributor,South,70,177049.6,0.24,1,0,3328
2023-03-08,SKU_041,Distributor,West,65,166701.6,0.22,1,1,3288
2023-04-11,SKU_025,Amazon,South,68,138305.88,0.07,0,1,2187
2023-06-11,SKU_023,Distributor,Central,38,155546.16,0.23,0,1,5316
2023-06-28,SKU_037,Retail,North,40,49756.799999999996,0.29,1,0,1752
2023-01-07,SKU_015,Amazon,West,14,22680.0,0.28,1,0,2250
2023-05-01,SKU_040,D2C,East,68,353804.0,0.0,0,0,5203
2023-03-02,SKU_010,D2C,West,71,317284.8,0.24,0,1,5880
2023-02-04,SKU_037,Distributor,West,71,70977.28,0.12,1,1,1136
2023-05-01,SKU_007,Distributor,South,82,243067.68,0.28,0,1,4117
2023-06-12,SKU_025,Amazon,West,58,62624.340000000004,0.19,0,0,1333
2023-01-14,SKU_003,Flipkart,South,81,418223.25,0.05,1,1,5435
2023-05-19,SKU_046,Retail,East,45,127935.45,0.07,0,0,3057
2023-05-30,SKU_021,D2C,East,14,38052.0,0.25,0,0,3624
2023-02-20,SKU_039,Amazon,Central,67,102099.95999999999,0.17,0,0,1836
2023-06-30,SKU_046,Flipkart,Central,13,62356.45,0.03,0,1,4945
2023-05-15,SKU_050,Amazon,East,53,61306.16,0.24,0,1,1522
2023-01-11,SKU_041,Amazon,West,69,320731.32,0.09,1,0,5108
2023-06-14,SKU_034,D2C,South,56,78321.6,0.1,1,0,1554
2023-01-12,SKU_035,Flipkart,Central,95,555527.7,0.02,0,1,5967
2023-02-19,SKU_041,Amazon,Central,10,22748.399999999998,0.29,1,1,3204
2023-06-19,SKU_010,D2C,Central,48,211634.88,0.11,0,0,4954
2023-02-19,SKU_033,Amazon,East,50,239517.00000000003,0.19,1,0,5914
2023-05-26,SKU_035,D2C,North,23,59839.560000000005,0.19,1,1,3212
2023-03-29,SKU_014,Retail,South,26,56808.700000000004,0.11,0,0,2455
2023-04-22,SKU_014,D2C,North,33,33034.32,0.03,1,0,1032
2023-04-08,SKU_043,D2C,North,28,98796.88,0.18,1,1,4303
2023-05-28,SKU_012,D2C,North,47,55657.87,0.21,1,1,1499
2023-03-15,SKU_045,Amazon,West,37,174856.08,0.16,1,1,5626
2023-04-01,SKU_004,Amazon,Central,56,62146.56,0.04,1,0,1156
2023-03-19,SKU_027,Retail,East,62,328662.0,0.05,1,1,5580
2023-05-06,SKU_010,Distributor,South,61,148711.29,0.09,1,0,2679
2023-04-11,SKU_034,Distributor,South,41,138190.5,0.25,0,0,4494
2023-04-05,SKU_028,Flipkart,South,55,150356.25,0.19,0,0,3375
2023-03-30,SKU_003,D2C,Central,70,276266.9,0.09,1,1,4337
2023-01-13,SKU_046,D2C,West,58,171810.5,0.15,1,0,3485
2023-02-23,SKU_011,Retail,North,87,468026.94,0.03,1,1,5546
2023-04-13,SKU_041,D2C,South,69,217946.16,0.18,0,1,3852
2023-04-02,SKU_032,D2C,South,84,286813.8,0.15,1,1,4017
2023-03-05,SKU_048,Distributor,West,0,0.0,0.15,1,0,1856
2023-06-01,SKU_025,Retail,West,51,89560.08,0.28,0,0,2439
2023-04-18,SKU_029,Amazon,East,43,84677.32,0.09,0,1,2164
2023-02-12,SKU_008,Retail,East,47,75801.59999999999,0.3,1,0,2304
2023-05-05,SKU_010,D2C,West,33,130645.68,0.29,1,0,5576
2023-06-16,SKU_021,Flipkart,South,57,223744.95,0.01,1,1,3965
2023-04-24,SKU_027,D2C,South,13,18417.75,0.25,1,1,1889
2023-06-10,SKU_015,Retail,Central,58,123702.40000000001,0.2,0,0,2666
2023-01-13,SKU_002,Amazon,Central,34,24480.0,0.28,1,0,1000
2023-02-24,SKU_050,D2C,East,39,116625.6,0.2,0,0,3738
2023-04-04,SKU_018,Amazon,North,58,207714.24,0.28,0,0,4974
2023-04-24,SKU_026,Retail,South,51,117369.36,0.14,0,0,2676
2023-03-19,SKU_030,D2C,Central,71,255631.95,0.19,0,0,4445
2023-01-21,SKU_001,D2C,Central,30,121899.9,0.03,0,0,4189
2023-01-05,SKU_010,Amazon,South,48,123120.0,0.1,0,0,2850
2023-02-01,SKU_042,Retail,West,67,143887.19,0.11,1,0,2413
2023-02-11,SKU_049,D2C,East,57,186656.76,0.13,0,1,3764
2023-03-25,SKU_023,Amazon,North,58,75915.62,0.27,1,0,1793
2023-04-02,SKU_015,Amazon,West,72,300540.24,0.09,1,1,4587
2023-05-09,SKU_016,Flipkart,Central,41,128751.48,0.01,0,1,3172
2023-04-13,SKU_011,Flipkart,North,37,132270.93,0.01,1,1,3611
2023-03-18,SKU_049,Retail,West,61,181184.64,0.22,1,1,3808
2023-06-06,SKU_011,Retail,West,47,100234.55,0.15,1,1,2509
2023-03-04,SKU_041,D2C,West,72,87597.36,0.11,0,1,1367
2023-05-11,SKU_039,Flipkart,South,57,147291.41999999998,0.06,1,1,2749
2023-01-22,SKU_035,Amazon,Central,37,82164.42,0.22,0,0,2847
2023-06-01,SKU_046,Retail,West,56,65807.28,0.01,1,0,1187
2023-06-03,SKU_035,Flipkart,South,31,135080.33000000002,0.23,0,0,5659
2023-05-28,SKU_041,Flipkart,West,68,179642.4,0.26,0,1,3570
2023-03-05,SKU_021,Retail,West,22,65294.240000000005,0.08,1,0,3226
2023-06-20,SKU_002,D2C,South,74,101745.56,0.02,0,0,1403
2023-02-02,SKU_036,Flipkart,Central,56,89423.04,0.16,0,0,1901
2023-02-20,SKU_016,Flipkart,Central,46,156915.2,0.2,1,0,4264
2023-05-30,SKU_033,Retail,Central,65,276413.80000000005,0.18,1,1,5186
2023-02-24,SKU_007,D2C,South,60,83764.8,0.28,1,0,1939
2023-02-04,SKU_042,Distributor,Central,76,264776.4,0.21,0,0,4410
2023-01-10,SKU_047,Retail,West,76,228930.24,0.12,1,0,3423
2023-04-15,SKU_036,Retail,Central,57,257067.72,0.02,1,1,4602
2023-06-04,SKU_006,Flipkart,West,32,88252.48000000001,0.21,1,1,3491
2023-06-12,SKU_043,Amazon,Central,39,124079.67,0.07,1,0,3421
2023-03-21,SKU_018,Amazon,North,48,89115.84,0.03,0,1,1914
2023-05-24,SKU_017,Distributor,South,71,282109.98,0.06,1,0,4227
2023-01-01,SKU_031,Amazon,South,40,107419.20000000001,0.08,0,0,2919
2023-04-03,SKU_005,Amazon,West,42,177184.13999999998,0.27,0,0,5779
2023-02-26,SKU_018,Flipkart,Central,86,126471.59999999999,0.05,1,1,1548
2023-04-12,SKU_029,D2C,West,47,130178.25,0.25,0,1,3693
2023-03-24,SKU_012,Retail,Central,37,143990.31,0.27,1,0,5331
2023-05-25,SKU_039,Distributor,North,65,152421.75,0.19,0,0,2895
2023-05-08,SKU_039,D2C,West,48,121867.2,0.07,0,0,2730
2023-05-04,SKU_002,Retail,North,22,53757.0,0.1,1,0,2715
2023-05-04,SKU_041,D2C,Central,70,63494.200000000004,0.23,1,0,1178
2023-06-01,SKU_048,Retail,West,35,175067.19999999998,0.02,1,1,5104
2023-01-05,SKU_003,Retail,East,50,62795.0,0.05,1,1,1322
2023-05-30,SKU_034,Amazon,East,48,189075.84,0.29,0,0,5548
2023-05-28,SKU_007,Amazon,South,54,126282.23999999999,0.16,0,1,2784
2023-03-13,SKU_041,Retail,Central,6,23007.6,0.16,0,0,4565
2023-03-28,SKU_041,Distributor,West,43,126249.72,0.14,0,0,3414
2023-01-30,SKU_021,D2C,South,72,103293.36,0.13,0,0,1649
2023-03-23,SKU_009,Retail,Central,75,282704.25,0.29,1,0,5309
2023-05-30,SKU_004,Flipkart,South,30,96552.9,0.29,0,1,4533
2023-03-18,SKU_039,D2C,North,68,312320.6,0.03,1,0,4735
2023-06-07,SKU_047,Amazon,South,34,184723.69999999998,0.05,0,1,5719
2023-06-12,SKU_004,Flipkart,West,42,142228.8,0.17,0,1,4080
2023-05-20,SKU_033,Amazon,South,43,139765.05,0.07,0,1,3495
2023-04-19,SKU_018,Amazon,West,52,67884.95999999999,0.14,1,1,1518
2023-06-07,SKU_030,Distributor,South,70,203679.0,0.1,0,1,3233
2023-03-11,SKU_005,Amazon,West,55,86446.8,0.26,1,1,2124
2023-02-10,SKU_034,Flipkart,East,47,78995.25,0.17,1,1,2025
2023-01-07,SKU_030,D2C,South,69,367097.94,0.01,0,1,5374
2023-06-27,SKU_004,Amazon,South,33,131769.0,0.25,1,1,5324
2023-05-31,SKU_022,Distributor,East,48,95846.40000000001,0.2,0,0,2496
2023-06-02,SKU_018,Retail,Central,69,343984.32,0.04,0,0,5193
2023-06-07,SKU_010,D2C,West,60,272361.6,0.16,1,0,5404
2023-02-07,SKU_004,D2C,North,40,81855.2,0.06,1,1,2177
2023-03-27,SKU_003,Distributor,South,19,48283.75,0.05,1,0,2675
2023-06-13,SKU_004,D2C,South,56,93331.84,0.17,1,0,2008
2023-04-26,SKU_045,D2C,Central,18,44058.600000000006,0.18,0,1,2985
2023-04-23,SKU_034,Flipkart,South,45,182674.80000000002,0.23,0,1,5272
2023-06-29,SKU_042,D2C,East,73,128026.67,0.17,0,1,2113
2023-05-09,SKU_035,Retail,East,61,248323.07,0.21,0,0,5153
2023-06-25,SKU_033,Amazon,Central,9,7509.599999999999,0.3,0,1,1192
2023-05-29,SKU_022,D2C,East,54,175176.0,0.0,1,1,3244
2023-06-01,SKU_019,Amazon,Central,43,86881.5,0.25,1,0,2694
2023-01-13,SKU_035,D2C,East,24,47081.52,0.29,0,0,2763
2023-01-23,SKU_030,D2C,South,56,221984.0,0.2,0,1,4955
2023-03-09,SKU_007,Flipkart,North,40,112448.4,0.17,0,0,3387
2023-01-16,SKU_022,Flipkart,South,40,36466.4,0.21,0,1,1154
2023-03-23,SKU_012,Retail,West,52,51370.8,0.11,1,0,1110
2023-04-11,SKU_043,Flipkart,East,37,65880.72,0.28,1,1,2473
2023-02-17,SKU_026,Retail,East,51,88710.93000000001,0.23,0,0,2259
2023-03-18,SKU_021,D2C,West,38,101455.44,0.24,0,0,3513
2023-02-21,SKU_032,Distributor,South,39,44324.280000000006,0.18,1,0,1386
2023-04-21,SKU_018,Distributor,East,69,331440.12,0.01,1,0,4852
2023-02-24,SKU_005,D2C,East,71,120053.9,0.26,0,1,2285
2023-02-07,SKU_046,Distributor,West,15,78206.25,0.03,1,0,5375
2023-03-07,SKU_028,Amazon,North,64,259356.16000000003,0.18,1,0,4942
2023-04-08,SKU_015,D2C,East,77,405599.04,0.04,1,1,5487
2023-04-30,SKU_039,Retail,North,81,284282.46,0.23,0,1,4558
2023-04-11,SKU_044,Distributor,South,60,206442.0,0.1,1,1,3823
2023-01-29,SKU_038,Distributor,Central,28,154333.19999999998,0.05,0,0,5802
2023-05-04,SKU_020,Distributor,East,62,107893.01999999999,0.29,0,0,2451
2023-06-28,SKU_024,Flipkart,East,32,44118.4,0.15,0,0,1622
2023-04-18,SKU_017,Distributor,West,43,85158.06,0.22,1,1,2539
2023-06-05,SKU_015,Retail,South,57,265608.60000000003,0.08,1,1,5065
2023-06-26,SKU_006,D2C,South,33,132889.68,0.16,0,0,4794
2023-05-13,SKU_025,Retail,Central,27,94505.4,0.14,0,0,4070
2023-06-20,SKU_022,Flipkart,Central,59,61001.28,0.28,0,1,1436
2023-03-12,SKU_032,Amazon,West,87,141750.84,0.08,0,0,1771
2023-03-31,SKU_020,D2C,Central,74,177943.36000000002,0.24,0,1,3164
2023-02-13,SKU_045,Distributor,North,64,133013.75999999998,0.06,0,1,2211
2023-06-04,SKU_007,Retail,North,69,179747.07,0.11,1,1,2927
2023-01-18,SKU_034,D2C,West,62,333192.95999999996,0.04,1,0,5598
2023-05-31,SKU_006,Flipkart,South,58,130715.76,0.16,0,0,2683
2023-03-11,SKU_028,Amazon,South,67,292544.11,0.21,1,1,5527
2023-03-21,SKU_037,Amazon,West,22,93305.52,0.19,0,0,5236
2023-04-24,SKU_036,Amazon,South,53,253689.80000000002,0.09,1,0,5260
2023-04-12,SKU_036,Flipkart,West,48,143032.32,0.04,0,1,3104
2023-06-28,SKU_027,Amazon,South,51,138471.12,0.28,0,1,3771
2023-02-02,SKU_002,Distributor,East,40,203033.6,0.12,0,1,5768
2023-06-30,SKU_024,Amazon,South,60,238275.6,0.18,0,0,4843
2023-04-30,SKU_048,Flipkart,North,33,144924.78,0.09,1,1,4826
2023-01-04,SKU_050,Retail,East,39,105470.04,0.03,1,0,2788
2023-01-07,SKU_017,Distributor,West,36,116573.04,0.13,1,1,3722
2023-01-24,SKU_022,D2C,West,67,176819.69999999998,0.05,0,0,2778
2023-01-21,SKU_001,Retail,South,49,113043.0,0.0,1,0,2307
2023-04-30,SKU_038,Distributor,West,40,59986.0,0.11,0,1,1685
2023-06-12,SKU_050,Flipkart,West,42,203775.6,0.15,1,0,5708
2023-03-12,SKU_014,Flipkart,East,50,227385.0,0.1,1,0,5053
2023-05-08,SKU_005,D2C,North,82,225532.80000000002,0.1,1,1,3056
2023-02-27,SKU_014,Amazon,South,25,107091.0,0.27,0,1,5868
2023-03-26,SKU_044,Flipkart,Central,63,193464.18,0.22,1,0,3937
2023-01-29,SKU_008,Distributor,West,59,261531.66,0.22,0,0,5683
2023-03-05,SKU_012,D2C,South,32,136031.68,0.21,1,0,5381
2023-04-04,SKU_025,Flipkart,West,79,325258.8,0.27,1,1,5640
2023-06-08,SKU_020,Distributor,South,60,191046.0,0.15,0,1,3746
2023-04-30,SKU_046,Retail,Central,39,186415.32,0.14,1,0,5558
2023-02-16,SKU_001,Distributor,West,12,36593.64,0.07,0,1,3279
2023-03-03,SKU_007,Amazon,North,54,118523.52,0.24,1,1,2888
2023-04-28,SKU_030,D2C,North,49,185616.9,0.1,0,0,4209
2023-04-21,SKU_021,Flipkart,Central,29,98397.0,0.1,0,0,3770
2023-02-24,SKU_031,Amazon,East,29,45614.1,0.02,1,1,1605
2023-03-24,SKU_016,Amazon,Central,67,291441.96,0.14,0,0,5058
2023-03-15,SKU_037,Retail,North,10,18752.0,0.2,0,1,2344
2023-03-19,SKU_012,D2C,East,56,198516.08,0.17,1,1,4271
2023-01-21,SKU_047,Retail,Central,46,168191.64,0.19,0,1,4514
2023-01-24,SKU_046,Flipkart,East,59,200190.54,0.03,1,1,3498
2023-04-11,SKU_013,Distributor,West,44,209837.75999999998,0.07,1,0,5128
2023-06-11,SKU_047,Flipkart,Central,55,194975.0,0.0,1,1,3545
2023-03-22,SKU_019,D2C,South,35,158989.6,0.12,1,0,5162
2023-03-08,SKU_026,Retail,East,49,235219.6,0.12,0,1,5455
2023-04-11,SKU_025,Amazon,West,59,257860.68,0.23,1,0,5676
2023-03-08,SKU_014,Retail,Central,53,81749.85,0.09,1,0,1695
2023-06-11,SKU_037,Retail,Central,57,90381.48,0.02,1,1,1618
2023-04-01,SKU_026,Distributor,Central,31,95045.38,0.18,1,1,3739
2023-05-26,SKU_039,D2C,West,38,193084.08000000002,0.08,1,1,5523
2023-03-14,SKU_035,Flipkart,South,38,137967.36,0.07,0,1,3904
2023-05-20,SKU_037,Flipkart,East,44,47454.0,0.25,0,1,1438
2023-03-04,SKU_012,Amazon,North,77,311200.12,0.08,0,1,4393
2023-01-12,SKU_011,Distributor,East,42,185575.74000000002,0.21,0,0,5593
2023-01-17,SKU_040,Distributor,North,27,38087.28,0.23,1,1,1832
2023-01-08,SKU_019,Amazon,North,60,168113.4,0.09,1,1,3079
2023-01-16,SKU_005,D2C,South,76,282927.48,0.13,1,1,4279
2023-03-16,SKU_019,Amazon,East,24,103908.48000000001,0.08,0,0,4706
2023-01-06,SKU_023,Distributor,West,89,393166.4,0.12,1,0,5020
2023-05-09,SKU_031,Retail,North,58,292320.0,0.04,1,0,5250
2023-05-04,SKU_002,Distributor,Central,70,207068.4,0.17,0,0,3564
2023-03-04,SKU_033,Distributor,Central,79,127368.54000000001,0.22,1,0,2067
2023-01-21,SKU_012,Retail,South,69,197352.41999999998,0.17,1,0,3446
2023-06-25,SKU_011,Distributor,Central,47,150726.18,0.14,1,0,3729
2023-01-13,SKU_002,Amazon,West,74,231379.5,0.25,0,1,4169
2023-06-06,SKU_009,D2C,South,55,161851.25,0.21,1,0,3725
2023-05-30,SKU_026,D2C,West,71,83555.64,0.16,0,0,1401
2023-06-13,SKU_008,Retail,North,73,218649.6,0.1,0,0,3328
2023-06-05,SKU_022,D2C,South,28,128414.16,0.19,0,0,5662
2023-03-16,SKU_006,Distributor,North,65,240125.6,0.12,1,1,4198
2023-05-16,SKU_036,D2C,South,46,176163.44,0.24,1,0,5039
2023-02-01,SKU_012,Flipkart,West,52,180194.56,0.02,1,0,3536
2023-04-08,SKU_012,Amazon,North,52,114438.48,0.14,1,0,2559
2023-04-11,SKU_048,D2C,Central,51,202400.63999999998,0.28,0,0,5512
2023-01-14,SKU_012,D2C,South,80,78678.40000000001,0.08,0,0,1069
2023-05-29,SKU_011,Flipkart,West,22,98999.12,0.24,0,0,5921
2023-02-17,SKU_015,Distributor,Central,15,62997.0,0.17,0,0,5060
2023-04-03,SKU_017,Amazon,South,11,37857.6,0.04,0,1,3585
2023-02-06,SKU_048,Distributor,Central,71,135120.81,0.27,1,0,2607
2023-05-02,SKU_028,Amazon,South,34,166444.96,0.12,0,1,5563
2023-04-27,SKU_006,Retail,Central,52,93186.08,0.29,0,0,2524
2023-04-06,SKU_027,Retail,South,47,173351.03999999998,0.04,1,0,3842
2023-01-28,SKU_050,Retail,East,32,81580.16,0.18,0,1,3109
2023-05-24,SKU_022,Flipkart,Central,67,100295.65000000001,0.09,0,0,1645
2023-01-06,SKU_048,D2C,South,47,175748.03999999998,0.06,1,1,3978
2023-01-03,SKU_029,Flipkart,North,45,174037.5,0.15,0,0,4550
2023-06-10,SKU_028,Distributor,Central,54,106853.04,0.26,0,1,2674
2023-03-06,SKU_040,Retail,West,64,120832.0,0.2,1,1,2360
2023-05-23,SKU_038,Retail,South,30,101209.79999999999,0.06,1,1,3589
2023-06-24,SKU_002,D2C,East,67,117146.15,0.15,1,0,2057
2023-03-12,SKU_036,Amazon,Central,78,214585.80000000002,0.18,0,1,3355
2023-02-05,SKU_027,Amazon,West,21,79977.23999999999,0.29,0,0,5364
2023-01-18,SKU_045,Flipkart,East,55,249602.1,0.14,1,0,5277
2023-01-31,SKU_050,Retail,East,43,155635.92,0.01,0,1,3656
2023-04-21,SKU_017,Flipkart,North,63,185802.12,0.16,1,0,3511
2023-06-21,SKU_041,D2C,North,25,28068.5,0.27,1,1,1538
2023-04-09,SKU_013,Flipkart,North,82,160224.72,0.24,0,0,2571
2023-04-23,SKU_004,Flipkart,North,17,41418.46,0.14,0,1,2833
2023-06-18,SKU_021,D2C,Central,45,163662.3,0.14,0,1,4229
2023-06-08,SKU_050,Amazon,West,58,266517.54,0.07,1,0,4941
2023-01-02,SKU_005,Retail,East,36,167757.48,0.19,0,0,5753
2023-04-06,SKU_036,D2C,Central,33,76850.40000000001,0.18,1,0,2840
2023-01-12,SKU_012,D2C,East,54,190271.16,0.18,0,1,4297
2023-02-20,SKU_002,Flipkart,North,51,121783.92,0.24,1,1,3142
2023-06-03,SKU_037,Distributor,West,50,104724.0,0.28,0,1,2909
2023-01-07,SKU_003,Retail,South,67,166930.5,0.25,1,0,3322
2023-06-03,SKU_034,Distributor,West,42,60906.299999999996,0.03,0,1,1495
2023-02-11,SKU_040,Amazon,East,56,143116.4,0.21,1,1,3235
2023-02-25,SKU_022,Flipkart,North,39,225277.65,0.03,0,0,5955
2023-04-24,SKU_017,Amazon,East,33,121274.99999999999,0.3,1,0,5250
2023-02-19,SKU_012,Flipkart,North,44,46272.6,0.05,0,0,1107
2023-05-31,SKU_029,Amazon,West,40,71042.4,0.01,1,1,1794
2023-01-13,SKU_017,Distributor,Central,41,84923.3,0.23,1,0,2690
2023-02-19,SKU_043,Flipkart,South,73,182698.56,0.12,0,1,2844
2023-05-09,SKU_015,D2C,South,44,117248.56,0.26,1,0,3601
2023-05-26,SKU_004,Distributor,South,36,166759.19999999998,0.05,1,1,4876
2023-05-13,SKU_021,D2C,South,50,53655.0,0.27,0,1,1470
2023-02-11,SKU_050,Flipkart,South,52,137142.72,0.12,1,1,2997
2023-04-24,SKU_036,Amazon,East,26,122590.0,0.0,0,1,4715
2023-04-23,SKU_030,Amazon,West,44,88105.6,0.2,1,1,2503
2023-04-01,SKU_016,D2C,South,43,158206.88999999998,0.13,0,1,4229
2023-04-02,SKU_023,Flipkart,Central,46,174645.9,0.01,0,0,3835
2023-03-18,SKU_020,Amazon,West,64,237129.6,0.15,0,1,4359
2023-01-09,SKU_044,Amazon,North,52,123059.04,0.26,0,0,3198
2023-02-18,SKU_004,Flipkart,Central,74,299860.58,0.11,1,0,4553
2023-03-28,SKU_028,D2C,Central,49,174806.52,0.16,1,1,4247
2023-02-10,SKU_043,Distributor,North,85,102595.0,0.29,0,0,1700
2023-05-01,SKU_035,Distributor,West,40,211644.0,0.1,0,0,5879
2023-06-05,SKU_026,Distributor,Central,34,51587.52,0.13,0,0,1744
2023-05-04,SKU_005,D2C,West,60,270230.4,0.12,0,0,5118
2023-04-02,SKU_038,Retail,East,77,167093.85,0.15,1,0,2553
2023-05-11,SKU_005,Distributor,West,22,20962.480000000003,0.18,1,1,1162
2023-01-16,SKU_017,Distributor,East,46,112339.36,0.02,1,1,2492
2023-03-18,SKU_019,Flipkart,North,37,180918.9,0.1,1,1,5433
2023-01-25,SKU_036,Distributor,North,52,177372.0,0.25,0,0,4548
2023-05-22,SKU_048,Flipkart,South,50,68773.5,0.13,1,0,1581
2023-01-27,SKU_012,Distributor,East,76,123674.04000000001,0.19,1,0,2009
2023-04-20,SKU_037,Distributor,North,47,171689.12,0.21,1,1,4624
2023-05-12,SKU_017,Amazon,West,77,191642.22,0.01,0,1,2514
2023-02-04,SKU_002,D2C,North,43,157138.34,0.27,1,0,5006
2023-03-11,SKU_028,Retail,West,68,291883.2,0.27,1,0,5880
2023-04-03,SKU_037,Amazon,South,54,158117.4,0.06,0,0,3115
2023-04-13,SKU_035,Amazon,North,84,189756.0,0.1,1,0,2510
2023-02-10,SKU_017,Flipkart,East,20,41678.4,0.24,0,0,2742
2023-01-31,SKU_025,D2C,South,26,112840.0,0.2,0,0,5425
2023-05-15,SKU_041,Amazon,East,86,161274.08,0.12,0,1,2131
2023-03-29,SKU_031,Flipkart,Central,35,139453.30000000002,0.18,0,0,4859
2023-05-11,SKU_028,Amazon,North,36,114099.84,0.07,0,0,3408
2023-04-26,SKU_008,Retail,East,32,97715.2,0.12,1,0,3470
2023-06-14,SKU_020,Flipkart,North,72,69660.0,0.1,0,1,1075
2023-02-21,SKU_007,Amazon,West,24,35904.96,0.22,0,1,1918
2023-06-06,SKU_046,D2C,North,50,113085.0,0.1,0,1,2513
2023-01-22,SKU_037,Flipkart,South,44,102017.52,0.01,1,1,2342
2023-01-27,SKU_026,D2C,West,70,206553.19999999998,0.29,0,0,4156
2023-01-23,SKU_033,Flipkart,East,38,84173.8,0.15,0,0,2606
2023-03-17,SKU_021,Amazon,West,58,276033.60000000003,0.1,0,0,5288
2023-06-10,SKU_039,Flipkart,West,26,35915.880000000005,0.22,0,0,1771
2023-05-12,SKU_015,D2C,West,95,428446.2,0.09,0,0,4956
2023-03-19,SKU_028,D2C,East,45,178969.5,0.1,0,0,4419
2023-03-23,SKU_020,D2C,West,50,112896.5,0.11,1,1,2537
2023-05-07,SKU_047,D2C,Central,83,168357.2,0.12,0,0,2305
2023-06-30,SKU_014,Amazon,South,38,112777.92,0.28,0,1,4122
2023-01-29,SKU_003,Amazon,Central,83,209384.1,0.1,0,0,2803
2023-01-06,SKU_026,Flipkart,North,41,122602.3,0.15,1,0,3518
2023-06-20,SKU_019,Amazon,East,63,174350.61,0.13,0,0,3181
2023-06-03,SKU_027,Amazon,West,38,193345.13999999998,0.07,1,0,5471
2023-05-06,SKU_024,Flipkart,North,22,21046.3,0.05,1,0,1007
2023-03-19,SKU_006,Distributor,South,58,154585.08000000002,0.22,0,0,3417
2023-02-12,SKU_026,Flipkart,South,62,62302.560000000005,0.21,0,1,1272
2023-05-29,SKU_041,D2C,South,23,76667.28,0.24,1,0,4386
2023-03-28,SKU_023,Amazon,East,43,218631.78,0.06,1,1,5409
2023-05-17,SKU_045,Amazon,North,74,242202.0,0.25,1,0,4364
2023-01-06,SKU_022,Distributor,North,62,313590.42,0.01,1,1,5109
2023-06-24,SKU_033,Distributor,North,42,54324.479999999996,0.06,1,1,1376
2023-04-30,SKU_005,D2C,Central,38,52966.68,0.22,0,0,1787
2023-01-04,SKU_046,Flipkart,South,88,113101.12000000001,0.08,0,0,1397
2023-02-21,SKU_007,Flipkart,West,21,38016.72,0.24,1,0,2382
2023-02-04,SKU_012,D2C,Central,48,51744.0,0.23,0,1,1400
2023-06-20,SKU_046,Distributor,West,20,27936.8,0.06,1,0,1486
2023-03-01,SKU_048,Retail,South,76,309441.60000000003,0.22,1,0,5220
2023-05-01,SKU_013,Retail,South,49,70339.5,0.25,1,1,1914
2023-04-17,SKU_034,Amazon,South,53,69132.14,0.23,0,0,1694
2023-06-16,SKU_042,Distributor,North,105,437757.6,0.29,0,0,5872
2023-04-23,SKU_032,Distributor,West,38,72618.0,0.09,1,1,2100
2023-03-08,SKU_028,Flipkart,North,84,187488.0,0.25,0,1,2976
2023-05-09,SKU_008,Distributor,West,42,95256.0,0.0,1,0,2268
2023-03-09,SKU_029,D2C,North,45,39522.15,0.29,1,1,1237
2023-05-01,SKU_008,Distributor,West,102,362854.8,0.02,0,1,3630
2023-01-07,SKU_049,D2C,South,46,108866.36,0.27,0,0,3242
2023-04-01,SKU_045,Retail,Central,22,29309.280000000002,0.22,0,1,1708
2023-02-12,SKU_014,Flipkart,North,55,68448.05,0.03,1,0,1283
2023-02-06,SKU_008,Flipkart,West,46,140731.02000000002,0.19,1,1,3777
2023-01-05,SKU_024,Retail,South,57,80442.96,0.08,1,0,1534
2023-06-13,SKU_020,Amazon,East,47,203279.7,0.22,1,0,5545
2023-01-04,SKU_011,Flipkart,West,94,466235.3,0.05,0,0,5221
2023-04-18,SKU_031,D2C,Central,61,152182.80000000002,0.19,0,1,3080
2023-03-31,SKU_023,Amazon,South,28,90853.84,0.14,0,1,3773
2023-02-28,SKU_037,Flipkart,South,52,179982.4,0.15,1,1,4072
2023-04-25,SKU_009,D2C,North,34,75872.01999999999,0.29,0,1,3143
2023-04-28,SKU_048,Flipkart,Central,45,148374.90000000002,0.18,0,0,4021
2023-01-15,SKU_046,Amazon,Central,31,36560.16,0.19,0,0,1456
2023-03-07,SKU_005,Retail,Central,92,326625.76,0.08,1,0,3859
2023-03-22,SKU_038,D2C,North,36,68532.48,0.04,0,1,1983
2023-06-26,SKU_015,Distributor,North,63,140541.66,0.29,1,1,3142
2023-01-09,SKU_016,D2C,South,43,49432.8,0.2,0,0,1437
2023-06-14,SKU_002,Distributor,South,26,108432.73999999999,0.27,0,1,5713
2023-05-31,SKU_008,Distributor,West,53,50571.53999999999,0.07,0,0,1026
2023-05-09,SKU_031,Amazon,East,58,254713.38,0.21,0,0,5559
2023-01-17,SKU_002,Retail,South,61,73977.75,0.23,1,0,1575
2023-06-21,SKU_017,Amazon,South,0,0.0,0.22,0,0,2789
2023-01-25,SKU_009,Amazon,South,25,20322.0,0.28,1,1,1129
2023-03-09,SKU_026,Distributor,West,69,277177.14,0.14,1,1,4671
2023-05-03,SKU_027,Retail,North,31,49371.84,0.28,0,0,2212
2023-03-21,SKU_019,Amazon,East,54,235758.6,0.01,0,0,4410
2023-04-20,SKU_012,Distributor,Central,24,49613.759999999995,0.16,0,0,2461
2023-05-06,SKU_008,Amazon,East,64,219975.03999999998,0.29,1,1,4841
2023-05-10,SKU_004,Amazon,South,68,105386.4,0.16,0,1,1845
2023-04-07,SKU_003,Retail,North,64,153619.19999999998,0.3,1,1,3429
2023-03-12,SKU_003,Distributor,South,70,120010.8,0.22,0,0,2198
2023-04-14,SKU_005,Distributor,North,81,242261.27999999997,0.07,0,0,3216
2023-05-31,SKU_003,Retail,South,26,76377.59999999999,0.28,1,0,4080
2023-05-05,SKU_006,Retail,North,34,122938.56,0.28,0,0,5022
2023-04-20,SKU_046,Flipkart,South,67,104911.28,0.08,0,0,1702
2023-03-17,SKU_041,Amazon,West,72,410358.96,0.01,0,1,5757
2023-03-21,SKU_002,Distributor,East,36,151492.32,0.02,1,1,4294
2023-01-23,SKU_012,Flipkart,Central,35,70896.0,0.2,0,0,2532
2023-06-16,SKU_015,Distributor,East,36,88182.0,0.29,0,1,3450
2023-06-22,SKU_039,Flipkart,North,17,60994.64,0.14,1,0,4172
2023-06-15,SKU_015,Amazon,South,24,128934.0,0.05,1,0,5655
2023-02-24,SKU_045,Distributor,North,25,73981.25,0.05,0,1,3115
2023-06-09,SKU_010,D2C,Central,44,174448.12,0.23,0,1,5149
2023-06-10,SKU_022,D2C,South,55,136149.2,0.12,0,1,2813
2023-06-24,SKU_043,Distributor,West,58,170047.88,0.06,0,0,3119
2023-05-14,SKU_029,Amazon,South,39,103295.40000000001,0.18,0,0,3230
2023-06-09,SKU_011,Distributor,West,40,180108.0,0.1,1,0,5003
2023-04-27,SKU_002,D2C,East,52,132246.4,0.2,1,0,3179
2023-06-09,SKU_047,Distributor,Central,20,71143.20000000001,0.18,1,0,4338
2023-01-30,SKU_044,Distributor,North,69,353052.3,0.05,1,1,5386
2023-06-21,SKU_007,Distributor,East,75,65641.5,0.13,0,0,1006
2023-06-05,SKU_017,Flipkart,West,37,70596.0,0.25,1,1,2544
2023-04-25,SKU_007,Amazon,Central,42,66977.81999999999,0.13,0,0,1833
2023-05-23,SKU_002,D2C,Central,74,112269.84,0.06,1,0,1614
2023-04-17,SKU_014,Distributor,West,47,176050.72,0.18,1,0,4568
2023-04-12,SKU_007,Distributor,Central,61,238209.27,0.07,1,1,4199
2023-01-10,SKU_033,Distributor,Central,48,125311.68000000001,0.22,1,0,3347
2023-04-15,SKU_035,Amazon,East,81,383292.0,0.09,1,1,5200
2023-05-13,SKU_027,Flipkart,East,59,239249.13,0.21,1,0,5133
2023-05-07,SKU_026,Flipkart,Central,60,177996.0,0.09,0,1,3260
2023-05-15,SKU_018,D2C,South,61,57920.719999999994,0.17,1,0,1144
2023-01-27,SKU_010,Amazon,Central,38,84939.12,0.16,1,1,2661
2023-04-23,SKU_002,Amazon,East,40,90368.0,0.2,1,0,2824
2023-05-26,SKU_001,Flipkart,East,65,93697.5,0.25,0,0,1922
2023-01-18,SKU_042,Retail,East,52,100563.84,0.28,1,0,2686
2023-05-14,SKU_034,Distributor,West,26,47349.899999999994,0.05,1,0,1917
2023-02-06,SKU_025,D2C,Central,87,105861.6,0.1,1,1,1352
2023-03-07,SKU_033,Flipkart,South,69,192599.00999999998,0.17,1,1,3363
2023-05-18,SKU_033,D2C,South,50,227505.0,0.13,0,0,5230
2023-06-06,SKU_038,Distributor,Central,44,132488.84,0.29,1,1,4241
2023-06-19,SKU_003,D2C,Central,53,135547.5,0.25,0,1,3410
2023-05-02,SKU_004,Flipkart,South,60,139497.6,0.12,1,1,2642
2023-03-30,SKU_022,Amazon,West,9,14045.85,0.09,0,1,1715
2023-03-17,SKU_032,Distributor,West,92,250842.6,0.27,0,1,3735
2023-01-26,SKU_038,Distributor,North,34,97180.5,0.25,1,0,3811
2023-01-29,SKU_040,D2C,Central,49,172410.42,0.22,1,1,4511
2023-06-03,SKU_038,Amazon,Central,50,66402.0,0.16,0,1,1581
2023-03-19,SKU_038,Retail,Central,89,390396.72,0.02,1,1,4476
2023-05-12,SKU_008,Amazon,South,48,232705.44,0.17,0,0,5841
2023-06-25,SKU_038,Retail,Central,81,317742.75,0.29,1,1,5525
2023-05-31,SKU_018,Flipkart,East,58,183034.08000000002,0.19,0,0,3896
2023-04-15,SKU_009,Retail,North,30,93307.5,0.13,1,0,3575
2023-05-26,SKU_042,Amazon,East,52,106875.6,0.22,0,0,2635
2023-03-04,SKU_026,Amazon,South,47,254711.33,0.03,0,1,5587
2023-03-08,SKU_037,D2C,Central,28,139450.08,0.02,0,1,5082
2023-05-03,SKU_001,Retail,South,57,164324.16,0.22,1,1,3696
2023-02-02,SKU_048,Retail,South,50,109766.0,0.29,1,1,3092
2023-05-14,SKU_012,Amazon,Central,61,249289.91999999998,0.01,1,0,4128
2023-05-26,SKU_038,Flipkart,Central,53,210719.52,0.28,1,1,5522
2023-05-28,SKU_038,Amazon,West,36,61250.399999999994,0.06,1,1,1810
2023-06-27,SKU_045,Flipkart,South,65,70131.09999999999,0.27,0,1,1478
2023-06-14,SKU_006,D2C,North,37,136198.85,0.17,1,0,4435
2023-02-23,SKU_027,Retail,South,0,0.0,0.28,0,1,5187
2023-03-24,SKU_019,D2C,Central,52,142567.36,0.14,1,1,3188
2023-01-19,SKU_026,Retail,North,38,43219.68,0.16,1,0,1354
2023-03-18,SKU_040,Amazon,Central,57,212724.0,0.0,1,1,3732
2023-03-17,SKU_023,Amazon,East,89,314058.75,0.25,1,1,4705
2023-05-19,SKU_044,Amazon,Central,90,382903.2,0.24,0,1,5598
2023-03-01,SKU_012,Distributor,West,46,125523.88,0.14,0,1,3173
2023-06-30,SKU_034,Distributor,East,33,150128.88,0.18,0,1,5548
2023-02-13,SKU_009,D2C,South,61,269350.38,0.22,0,1,5661
2023-04-05,SKU_002,Distributor,West,42,187958.40000000002,0.2,0,0,5594
2023-03-20,SKU_028,Amazon,Central,57,208038.6,0.16,1,1,4345
2023-05-27,SKU_006,Amazon,East,36,197516.88,0.01,0,1,5542
2023-04-24,SKU_012,Flipkart,South,55,98242.65000000001,0.11,0,0,2007
2023-01-09,SKU_015,Retail,South,33,146880.36,0.13,1,0,5116
2023-06-18,SKU_029,Amazon,West,73,94206.5,0.11,1,0,1450
2023-04-10,SKU_027,Flipkart,West,38,156037.5,0.27,1,1,5625
2023-01-02,SKU_040,Retail,Central,63,169734.6,0.24,1,1,3545
2023-04-23,SKU_037,D2C,West,24,114004.8,0.09,1,1,5220
2023-06-04,SKU_024,Amazon,North,65,365498.25,0.05,0,0,5919
2023-02-19,SKU_023,Flipkart,West,30,121960.2,0.17,0,1,4898
2023-01-30,SKU_034,Distributor,South,55,153353.2,0.09,1,1,3064
2023-01-06,SKU_027,Flipkart,South,70,179034.8,0.14,1,1,2974
2023-05-05,SKU_042,D2C,South,46,223030.08000000002,0.09,0,0,5328
2023-04-12,SKU_029,Retail,South,29,110817.12,0.24,1,1,5028
2023-01-03,SKU_010,Flipkart,Central,59,91339.08,0.16,0,0,1843
2023-02-11,SKU_046,D2C,Central,33,121225.49999999999,0.07,0,1,3950
2023-06-30,SKU_001,Flipkart,South,41,152348.62,0.06,0,1,3953
2023-02-15,SKU_030,Distributor,North,55,236451.59999999998,0.28,0,1,5971
2023-02-09,SKU_023,Flipkart,North,77,289274.37,0.03,0,0,3873
2023-04-03,SKU_044,D2C,West,50,209990.0,0.08,1,0,4565
2023-05-09,SKU_004,D2C,North,50,150973.0,0.14,0,1,3511
2023-03-14,SKU_029,Flipkart,North,64,114336.0,0.1,1,0,1985
2023-06-20,SKU_006,Flipkart,North,51,269616.6,0.01,0,0,5340
2023-04-02,SKU_019,Distributor,North,62,164750.74,0.23,1,0,3451
2023-02-05,SKU_007,Flipkart,South,71,319906.83,0.13,0,0,5179
2023-01-18,SKU_028,Flipkart,North,43,57782.97,0.21,1,1,1701
2023-01-20,SKU_027,Distributor,North,0,0.0,0.2,1,1,4186
2023-01-06,SKU_033,D2C,North,33,62389.8,0.08,0,0,2055
2023-05-03,SKU_005,Flipkart,West,74,252388.84,0.26,0,0,4609
2023-06-11,SKU_002,Distributor,Central,49,110999.7,0.1,0,0,2517
2023-04-13,SKU_008,Retail,Central,43,111440.52,0.08,1,1,2817
2023-04-30,SKU_046,Flipkart,West,73,179041.26,0.18,0,0,2991
2023-04-24,SKU_024,Amazon,West,47,194402.34,0.01,0,0,4178
2023-03-05,SKU_013,Distributor,West,8,9040.32,0.27,1,0,1548
2023-04-20,SKU_011,Amazon,South,19,63408.51,0.01,1,0,3371
2023-05-28,SKU_012,Flipkart,East,58,129067.4,0.3,0,1,3179
2023-02-04,SKU_032,D2C,South,48,60447.36,0.24,0,1,1657
2023-03-28,SKU_027,Flipkart,Central,79,158477.16,0.27,1,1,2748
2023-06-15,SKU_017,Retail,West,35,136348.8,0.04,0,1,4058
2023-04-16,SKU_021,Retail,West,43,151112.32,0.24,1,0,4624
2023-03-15,SKU_016,D2C,Central,32,130656.0,0.25,0,0,5444
2023-03-06,SKU_019,Flipkart,Central,39,147420.0,0.16,0,0,4500
2023-05-02,SKU_045,Amazon,West,12,12800.519999999999,0.07,1,1,1147
2023-01-07,SKU_048,Flipkart,South,42,118440.0,0.06,1,1,3000
2023-06-29,SKU_021,Retail,Central,48,172003.19999999998,0.05,0,0,3772
2023-06-13,SKU_028,Retail,Central,47,180434.87999999998,0.07,0,0,4128
2023-04-24,SKU_041,Retail,East,92,249336.56,0.03,1,1,2794
2023-04-09,SKU_048,Amazon,East,86,210142.72,0.08,0,1,2656
2023-04-29,SKU_044,Flipkart,Central,34,40230.840000000004,0.22,1,0,1517
2023-02-20,SKU_024,Amazon,South,9,24537.6,0.29,0,1,3840
2023-03-21,SKU_027,D2C,South,48,189465.12,0.13,0,0,4537
2023-02-20,SKU_037,Flipkart,West,57,155028.6,0.1,1,1,3022
2023-02-08,SKU_029,Amazon,South,32,122691.84,0.11,1,1,4308
2023-04-23,SKU_036,Flipkart,West,33,37652.009999999995,0.29,0,0,1607
2023-03-30,SKU_035,Flipkart,Central,81,128731.68,0.14,1,1,1848
2023-03-10,SKU_004,Flipkart,North,44,231004.84,0.11,1,0,5899
2023-06-02,SKU_019,Retail,South,63,184246.02,0.11,0,0,3286
2023-03-25,SKU_048,D2C,East,31,82678.24,0.21,1,0,3376
2023-04-03,SKU_025,Amazon,Central,48,158696.16,0.27,0,0,4529
2023-05-13,SKU_003,Distributor,Central,43,105608.0,0.2,0,0,3070
2023-05-20,SKU_041,Retail,North,36,167927.76,0.09,1,1,5126
2023-02-14,SKU_028,Amazon,East,73,201029.59,0.03,0,1,2839
2023-01-23,SKU_032,Amazon,South,22,95413.56000000001,0.18,0,1,5289
2023-01-25,SKU_025,Distributor,West,56,189973.28,0.29,1,0,4778
2023-02-21,SKU_046,D2C,North,42,190320.48,0.21,0,1,5736
2023-04-16,SKU_043,Retail,South,58,261748.19999999998,0.02,1,0,4605
2023-03-13,SKU_013,Retail,West,43,79412.4,0.28,0,1,2565
2023-03-10,SKU_023,D2C,West,67,91245.95999999999,0.03,0,0,1404
2023-02-07,SKU_015,Retail,South,31,118020.72,0.13,1,0,4376
2023-03-28,SKU_007,D2C,East,73,189601.44,0.16,0,0,3092
2023-05-14,SKU_021,Flipkart,West,49,155872.91999999998,0.16,1,1,3787
2023-01-20,SKU_010,D2C,South,23,42653.96,0.29,1,1,2612
2023-04-10,SKU_028,Distributor,East,63,324387.0,0.05,0,0,5420
2023-04-26,SKU_044,D2C,South,46,45190.4,0.2,1,1,1228
2023-06-24,SKU_031,Flipkart,West,15,69242.25,0.23,1,0,5995
2023-01-17,SKU_015,Flipkart,North,56,301237.44,0.08,1,1,5847
2023-03-10,SKU_032,Flipkart,West,70,274982.4,0.12,0,1,4464
2023-02-17,SKU_049,Retail,Central,75,156849.0,0.03,1,0,2156
2023-04-01,SKU_040,Distributor,South,42,150854.34,0.09,0,1,3947
2023-02-14,SKU_034,D2C,South,52,52617.76,0.18,1,1,1234
2023-05-25,SKU_020,Retail,North,51,249098.28,0.08,1,1,5309
2023-04-21,SKU_020,Distributor,East,79,234118.08,0.28,0,0,4116
2023-03-21,SKU_023,Flipkart,Central,33,73281.78,0.27,1,1,3042
2023-05-27,SKU_021,Distributor,South,40,116006.4,0.04,1,1,3021
2023-05-30,SKU_025,D2C,West,33,56576.520000000004,0.09,0,0,1884
2023-03-16,SKU_027,Retail,East,21,88318.65,0.05,1,0,4427
2023-02-23,SKU_004,Flipkart,Central,54,119640.24,0.26,0,0,2994
2023-05-06,SKU_016,D2C,North,82,301812.48,0.29,0,0,5184
2023-03-02,SKU_032,Distributor,South,46,137302.63999999998,0.29,1,1,4204
2023-03-13,SKU_003,Retail,East,32,181493.75999999998,0.04,0,0,5908
2023-03-24,SKU_037,Distributor,South,53,191072.42,0.23,0,0,4682
2023-01-11,SKU_050,Flipkart,South,61,58550.850000000006,0.21,0,0,1215
2023-02-11,SKU_006,Amazon,East,46,111709.16,0.21,1,1,3074
2023-02-13,SKU_010,Flipkart,Central,78,94326.95999999999,0.02,0,0,1234
2023-04-24,SKU_033,Amazon,North,33,130265.52,0.24,0,0,5194
2023-03-08,SKU_044,Retail,South,44,193826.59999999998,0.05,1,0,4637
2023-03-22,SKU_049,Distributor,Central,55,232105.5,0.1,0,0,4689
2023-05-26,SKU_002,Distributor,South,57,78894.27,0.09,0,0,1521
2023-02-13,SKU_031,Retail,South,50,91680.0,0.2,1,1,2292
2023-01-09,SKU_008,D2C,North,24,58588.799999999996,0.15,0,0,2872
2023-01-24,SKU_031,Distributor,East,96,311808.0,0.2,1,1,4060
2023-03-11,SKU_037,D2C,South,45,166609.8,0.02,0,0,3778
2023-05-31,SKU_032,Amazon,Central,52,253693.44,0.16,0,0,5808
2023-02-11,SKU_005,Retail,Central,62,167124.72,0.16,0,1,3209
2023-01-09,SKU_011,D2C,North,37,122495.15999999999,0.06,1,1,3522
2023-03-13,SKU_020,Flipkart,West,51,200172.96,0.26,1,1,5304
2023-04-13,SKU_038,Flipkart,Central,36,130744.08,0.14,0,0,4223
2023-02-15,SKU_003,Retail,East,58,201725.16,0.09,0,0,3822
2023-06-23,SKU_036,Amazon,East,44,101330.24,0.12,0,0,2617
2023-02-28,SKU_043,D2C,North,55,253037.94999999998,0.17,0,0,5543
2023-06-01,SKU_010,D2C,West,29,148793.49,0.07,1,0,5517
2023-04-19,SKU_014,Distributor,North,33,87698.16,0.28,0,1,3691
2023-05-09,SKU_006,Amazon,Central,22,90302.3,0.15,1,0,4829
2023-01-23,SKU_017,Distributor,West,35,131906.25,0.25,1,0,5025
2023-01-24,SKU_015,Distributor,East,0,0.0,0.14,1,0,3302
2023-05-12,SKU_015,Retail,West,43,109206.24,0.12,1,1,2886
2023-04-26,SKU_012,Distributor,South,39,137659.86000000002,0.11,1,1,3966
2023-02-18,SKU_033,Distributor,North,53,82044.0,0.2,0,1,1935
2023-02-07,SKU_014,Amazon,East,50,172360.0,0.2,1,1,4309
2023-05-27,SKU_044,Amazon,South,75,286911.0,0.29,1,1,5388
2023-06-23,SKU_020,Amazon,South,101,454715.12999999995,0.07,0,0,4841
2023-01-31,SKU_009,Flipkart,West,72,144184.32,0.04,0,1,2086
2023-01-23,SKU_032,D2C,East,40,167322.0,0.21,0,1,5295
2023-05-30,SKU_002,Flipkart,North,40,53505.2,0.03,0,0,1379
2023-03-22,SKU_001,Retail,West,67,120298.5,0.05,0,0,1890
2023-03-15,SKU_025,Retail,Central,16,73770.4,0.17,0,1,5555
2023-02-12,SKU_018,D2C,West,43,56381.6,0.12,1,0,1490
2023-01-17,SKU_038,Flipkart,West,45,160099.19999999998,0.04,0,0,3706
2023-05-11,SKU_044,Distributor,East,61,149463.41999999998,0.03,0,0,2526
2023-02-19,SKU_046,D2C,East,62,86411.88,0.11,0,0,1566
2023-01-10,SKU_030,Retail,East,35,58604.0,0.08,1,1,1820
2023-06-28,SKU_017,Amazon,West,41,211313.59,0.11,0,0,5791
2023-02-03,SKU_038,Flipkart,Central,58,107716.44,0.22,0,0,2381
2023-03-31,SKU_029,Amazon,Central,34,161500.0,0.05,0,1,5000
2023-04-29,SKU_045,D2C,West,74,66955.2,0.13,0,1,1040
2023-04-16,SKU_043,Amazon,Central,62,55834.1,0.17,0,1,1085
2023-04-18,SKU_012,Distributor,Central,53,285685.89999999997,0.05,0,0,5674
2023-05-25,SKU_041,D2C,East,57,222255.54,0.22,1,0,4999
2023-01-30,SKU_032,Distributor,Central,40,180541.6,0.17,0,1,5438
2023-02-26,SKU_038,Flipkart,South,37,153206.63999999998,0.29,0,0,5832
2023-03-15,SKU_045,Amazon,South,41,44362.0,0.0,0,1,1082
2023-03-05,SKU_003,Amazon,Central,59,224727.46,0.14,1,1,4429
2023-01-14,SKU_021,Amazon,West,54,253997.64,0.21,1,1,5954
2023-06-02,SKU_036,Retail,North,41,165681.82,0.03,1,1,4166
2023-03-30,SKU_033,Distributor,North,64,222208.0,0.2,1,1,4340
2023-03-08,SKU_023,Retail,Central,46,134737.68,0.23,0,1,3804
2023-01-07,SKU_045,Flipkart,East,36,144162.72,0.22,1,1,5134
2023-04-02,SKU_017,Retail,East,55,191269.1,0.18,1,0,4241
2023-02-28,SKU_032,Retail,Central,29,47977.600000000006,0.2,1,1,2068
2023-01-17,SKU_012,Distributor,East,16,72160.0,0.0,1,1,4510
2023-01-07,SKU_030,Flipkart,East,49,143619.0,0.0,1,1,2931
2023-06-20,SKU_027,Distributor,West,36,98271.36,0.06,0,1,2904
2023-04-30,SKU_011,Retail,West,44,179791.91999999998,0.06,1,1,4347
2023-03-30,SKU_018,D2C,South,30,119750.4,0.16,1,0,4752
2023-06-15,SKU_004,D2C,East,74,144322.2,0.01,0,0,1970
2023-05-08,SKU_047,Retail,South,36,90118.08,0.17,1,0,3016
2023-05-10,SKU_021,D2C,Central,41,54931.8,0.23,0,0,1740
2023-03-03,SKU_028,Retail,East,57,87861.51,0.01,1,0,1557
2023-05-17,SKU_027,D2C,West,22,63662.94,0.01,1,1,2923
2023-03-28,SKU_028,Flipkart,South,20,70326.0,0.1,0,0,3907
2023-01-30,SKU_021,Amazon,East,57,205548.84,0.16,0,1,4293
2023-06-24,SKU_040,Retail,North,41,103167.48000000001,0.22,0,0,3226
2023-01-04,SKU_027,Retail,East,31,123897.7,0.15,0,0,4702
2023-04-25,SKU_003,Amazon,South,62,89230.40000000001,0.2,1,0,1799
2023-05-04,SKU_037,Retail,West,33,159298.92,0.01,1,0,4876
2023-06-13,SKU_019,Amazon,East,44,135679.72,0.03,1,1,3179
2023-02-14,SKU_005,Distributor,North,32,112951.04000000001,0.21,0,1,4468
2023-06-30,SKU_025,Retail,West,56,78492.4,0.15,1,0,1649
2023-03-02,SKU_022,Amazon,North,76,236857.80000000002,0.21,1,0,3945
2023-06-05,SKU_022,Flipkart,Central,12,21980.16,0.04,1,1,1908
2023-04-07,SKU_050,D2C,South,52,210366.0,0.1,0,1,4495
2023-06-09,SKU_035,D2C,West,67,80610.38,0.14,1,1,1399
2023-01-02,SKU_022,D2C,West,41,85277.95,0.15,0,0,2447
2023-06-06,SKU_048,Retail,North,27,24921.0,0.29,1,0,1300
2023-01-10,SKU_038,D2C,East,58,242817.0,0.25,0,1,5582
2023-06-21,SKU_032,Distributor,West,70,314678.0,0.05,1,0,4732
2023-03-24,SKU_002,Distributor,East,67,138416.63999999998,0.04,1,1,2152
2023-04-27,SKU_023,Flipkart,South,57,261219.6,0.1,0,0,5092
2023-04-09,SKU_032,Flipkart,Central,51,62796.299999999996,0.3,1,0,1759
2023-04-27,SKU_041,Flipkart,Central,32,101919.68,0.27,1,0,4363
2023-05-13,SKU_015,Retail,North,67,101203.5,0.25,1,1,2014
2023-03-02,SKU_040,Distributor,East,66,260797.68000000002,0.22,0,0,5066
2023-01-16,SKU_022,Distributor,West,27,58085.1,0.29,0,0,3030
2023-03-25,SKU_049,Distributor,South,57,51484.68,0.22,0,0,1158
2023-05-20,SKU_014,Distributor,Central,63,59999.94,0.26,0,0,1287
2023-02-21,SKU_001,Distributor,West,67,378081.0,0.05,0,1,5940
2023-01-07,SKU_017,Flipkart,Central,48,113133.59999999999,0.05,0,1,2481
2023-02-19,SKU_041,Flipkart,West,32,83894.40000000001,0.1,0,0,2913
2023-05-07,SKU_027,Distributor,South,39,114241.92,0.08,0,0,3184
2023-01-23,SKU_038,Retail,South,29,39182.77,0.29,1,1,1903
2023-02-28,SKU_037,D2C,North,48,60017.76,0.01,1,0,1263
2023-06-09,SKU_014,D2C,East,45,174556.8,0.12,1,1,4408
2023-04-28,SKU_040,Amazon,East,92,166074.72,0.02,0,1,1842
2023-05-03,SKU_046,Flipkart,South,67,65097.2,0.3,0,0,1388
2023-02-15,SKU_024,Distributor,East,69,59974.8,0.18,0,0,1060
2023-06-17,SKU_017,Amazon,West,59,162016.36000000002,0.21,0,1,3476
2023-04-29,SKU_006,Distributor,North,42,149789.63999999998,0.14,0,0,4147
2023-04-30,SKU_044,Flipkart,North,44,201723.28000000003,0.18,0,0,5591
2023-04-17,SKU_020,D2C,East,46,89056.92000000001,0.18,0,1,2361
2023-02-04,SKU_002,D2C,North,53,64097.670000000006,0.09,1,0,1329
2023-03-10,SKU_044,D2C,South,57,107207.31,0.03,0,1,1939
2023-04-27,SKU_017,Retail,Central,50,69195.0,0.3,1,1,1977
2023-02-23,SKU_041,D2C,West,44,49389.119999999995,0.28,1,0,1559
2023-02-12,SKU_020,Flipkart,East,38,64980.0,0.0,0,0,1710
2023-06-03,SKU_023,Amazon,South,22,53373.32,0.09,0,1,2666
2023-05-26,SKU_031,Amazon,East,75,216069.75,0.11,1,0,3237
2023-01-26,SKU_027,Distributor,Central,94,390162.04000000004,0.21,0,1,5254
2023-06-15,SKU_040,D2C,South,73,215131.72999999998,0.27,1,1,4037
2023-01-21,SKU_043,Flipkart,East,24,45215.28,0.01,0,1,1903
2023-06-14,SKU_003,Amazon,South,65,195518.05,0.03,1,0,3101
2023-03-04,SKU_037,D2C,Central,70,305023.60000000003,0.18,0,1,5314
2023-02-11,SKU_011,D2C,North,41,164031.98,0.18,1,1,4879
2023-03-04,SKU_002,Amazon,South,59,110359.5,0.13,1,1,2150
2023-04-03,SKU_019,D2C,North,40,134601.6,0.16,0,0,4006
2023-06-01,SKU_036,Retail,East,80,295868.0,0.05,1,1,3893
2023-06-30,SKU_046,Distributor,North,57,154167.9,0.15,0,0,3182
2023-06-10,SKU_038,Flipkart,South,31,32176.760000000002,0.23,1,0,1348
2023-04-06,SKU_019,Retail,East,63,207149.04,0.08,0,0,3574
2023-04-21,SKU_007,Amazon,East,71,276786.4,0.2,1,1,4873
2023-04-26,SKU_029,D2C,North,53,175534.94,0.18,0,0,4039
2023-05-21,SKU_026,Amazon,North,59,226276.8,0.06,1,1,4080
2023-03-26,SKU_027,Flipkart,West,48,189619.19999999998,0.04,0,0,4115
2023-02-21,SKU_026,Distributor,North,27,40456.8,0.2,1,1,1873
2023-03-25,SKU_015,Distributor,North,46,99457.98,0.03,0,0,2229
2023-06-09,SKU_022,Amazon,North,60,99600.0,0.2,0,1,2075
2023-02-25,SKU_020,Flipkart,East,47,39773.280000000006,0.18,1,0,1032
2023-02-16,SKU_030,D2C,Central,66,178992.0,0.0,1,1,2712
2023-04-18,SKU_044,Retail,East,42,78371.16,0.21,1,0,2362
2023-01-19,SKU_018,Flipkart,Central,43,146394.36,0.16,0,0,4053
2023-02-03,SKU_018,Flipkart,West,66,258279.78,0.11,1,0,4397
2023-05-09,SKU_049,Flipkart,Central,54,170885.69999999998,0.15,1,0,3723
2023-04-28,SKU_037,Distributor,South,41,145285.14,0.09,0,1,3894
2023-04-29,SKU_036,Flipkart,Central,70,214057.9,0.27,1,1,4189
2023-02-27,SKU_009,Distributor,East,36,160818.84,0.09,1,0,4909
2023-06-14,SKU_027,Distributor,Central,35,140713.65,0.07,1,0,4323
2023-01-18,SKU_034,Amazon,North,0,0.0,0.22,0,0,4685
2023-01-07,SKU_028,Flipkart,South,38,124644.18,0.07,1,1,3527
2023-01-12,SKU_016,D2C,North,76,329393.12,0.08,0,0,4711
2023-02-06,SKU_049,D2C,North,8,8589.92,0.26,1,0,1451
2023-05-30,SKU_022,Flipkart,North,30,119356.2,0.07,1,1,4278
2023-03-12,SKU_029,Distributor,South,58,109803.28,0.24,0,1,2491
2023-06-18,SKU_033,Retail,South,5,11046.0,0.3,0,0,3156
2023-04-16,SKU_007,D2C,West,39,89008.92,0.22,1,1,2926
2023-04-25,SKU_016,Distributor,South,72,290631.6,0.05,0,1,4249
2023-02-23,SKU_024,Flipkart,West,90,507092.39999999997,0.06,1,1,5994
2023-05-16,SKU_030,Distributor,West,55,107244.5,0.15,1,1,2294
2023-06-03,SKU_008,Distributor,West,31,127977.92,0.24,0,1,5432
2023-04-05,SKU_009,Distributor,Central,30,31734.300000000003,0.21,1,0,1339
2023-04-06,SKU_008,D2C,West,52,133968.63999999998,0.17,1,0,3104
2023-02-11,SKU_043,Flipkart,West,55,192113.35,0.03,1,0,3601
2023-03-29,SKU_035,Retail,West,87,242925.75,0.15,0,1,3285
2023-05-28,SKU_030,Retail,North,69,108496.98,0.27,0,0,2154
2023-03-18,SKU_043,Amazon,Central,51,71157.24,0.23,1,0,1812
2023-03-31,SKU_016,Retail,Central,43,57725.78,0.14,1,1,1561
2023-05-20,SKU_007,Flipkart,West,110,186793.2,0.11,1,0,1908
2023-01-14,SKU_021,Flipkart,South,62,233748.06,0.09,0,0,4143
2023-01-10,SKU_007,Flipkart,East,36,120728.16,0.02,1,1,3422
2023-02-26,SKU_048,Distributor,East,45,139941.0,0.27,0,1,4260
2023-04-11,SKU_022,Flipkart,South,32,114591.36,0.22,1,1,4591
2023-06-23,SKU_047,Retail,East,1,3930.1499999999996,0.05,0,1,4137
2023-06-18,SKU_007,Distributor,Central,56,79546.88,0.08,1,0,1544
2023-02-20,SKU_028,Amazon,North,85,448529.69999999995,0.07,1,0,5674
2023-05-10,SKU_022,Distributor,South,17,46857.270000000004,0.21,1,0,3489
2023-04-27,SKU_050,D2C,South,51,101134.53,0.29,0,1,2793
2023-05-10,SKU_037,Amazon,South,35,58912.700000000004,0.23,1,0,2186
2023-04-20,SKU_029,D2C,West,60,166570.2,0.13,0,0,3191
2023-04-03,SKU_046,Amazon,Central,46,65080.799999999996,0.28,0,0,1965
2023-02-19,SKU_017,Amazon,Central,22,42504.0,0.08,0,0,2100
2023-05-24,SKU_020,Distributor,North,30,49381.2,0.14,0,1,1914
2023-01-06,SKU_022,Flipkart,North,33,88893.42,0.29,0,0,3794
2023-01-05,SKU_015,D2C,North,76,90546.4,0.26,1,1,1610
2023-03-30,SKU_010,D2C,Central,75,374962.5,0.01,0,0,5050
2023-04-20,SKU_039,Flipkart,Central,43,162039.47999999998,0.07,1,0,4052
2023-05-21,SKU_027,D2C,Central,74,121616.04000000001,0.09,0,1,1806
2023-03-28,SKU_035,Flipkart,Central,46,98980.5,0.05,1,0,2265
2023-06-16,SKU_049,D2C,North,43,109331.37,0.27,0,1,3483
2023-02-22,SKU_029,Distributor,South,51,63818.340000000004,0.11,0,1,1406
2023-06-09,SKU_005,Distributor,North,55,293279.25,0.05,1,1,5613
2023-01-17,SKU_002,Distributor,South,38,143950.08,0.04,1,0,3946
2023-01-06,SKU_050,Amazon,South,50,143370.0,0.19,1,0,3540
2023-01-10,SKU_015,Amazon,South,65,226248.75,0.09,0,0,3825
2023-06-16,SKU_023,Distributor,West,52,150535.84,0.02,0,1,2954
2023-04-29,SKU_044,Flipkart,Central,50,49012.5,0.25,0,1,1307
2023-03-24,SKU_027,D2C,West,59,182515.32,0.22,0,0,3966
2023-06-09,SKU_030,Amazon,North,63,153407.52,0.28,0,1,3382
2023-02-12,SKU_029,D2C,East,48,53568.96000000001,0.18,1,1,1361
2023-05-17,SKU_033,Retail,East,40,163724.4,0.27,1,0,5607
2023-03-04,SKU_041,Amazon,East,53,204963.72,0.26,0,0,5226
2023-04-24,SKU_044,Amazon,East,18,67415.76000000001,0.08,0,0,4071
2023-05-31,SKU_003,Flipkart,West,45,111537.00000000001,0.19,0,0,3060
2023-01-15,SKU_025,Retail,North,0,0.0,0.03,1,0,2639
2023-06-10,SKU_029,Distributor,South,16,31430.88,0.27,1,0,2691
2023-06-26,SKU_002,Amazon,West,13,31863.780000000002,0.19,1,0,3026
2023-05-18,SKU_027,Amazon,South,70,181058.5,0.15,1,0,3043
2023-01-29,SKU_034,D2C,North,50,214830.0,0.23,0,0,5580
2023-01-12,SKU_029,Retail,North,24,83610.0,0.25,0,1,4645
2023-03-02,SKU_007,Retail,South,59,95557.58,0.06,0,0,1723
2023-02-08,SKU_003,Distributor,East,69,252227.43000000002,0.09,0,1,4017
2023-05-17,SKU_047,Flipkart,East,60,74115.0,0.25,1,0,1647
2023-01-28,SKU_031,Flipkart,South,46,52706.34,0.13,1,0,1317
2023-06-04,SKU_032,Amazon,North,54,82816.56,0.08,0,1,1667
2023-03-10,SKU_040,D2C,West,68,300247.2,0.01,0,1,4460
2023-03-10,SKU_030,Flipkart,North,40,124401.2,0.23,0,1,4039
2023-03-14,SKU_047,Flipkart,South,50,173470.0,0.05,1,0,3652
2023-06-01,SKU_012,Flipkart,West,44,43695.52,0.26,0,0,1342
2023-04-25,SKU_017,Retail,East,17,36203.2,0.12,0,0,2420
2023-05-26,SKU_009,Retail,East,68,77520.0,0.25,0,1,1520
2023-03-14,SKU_011,D2C,North,91,242492.25,0.15,0,0,3135
2023-01-06,SKU_030,Amazon,Central,32,123840.0,0.14,0,0,4500
2023-04-24,SKU_009,D2C,East,69,286151.97,0.27,0,1,5681
2023-04-16,SKU_041,D2C,West,33,143985.6,0.1,0,0,4848
2023-02-05,SKU_019,Retail,South,52,220116.0,0.25,0,0,5644
2023-05-30,SKU_049,Distributor,South,80,420694.39999999997,0.02,1,0,5366
2023-05-25,SKU_040,Flipkart,South,39,128260.07999999999,0.29,1,1,4632
2023-03-26,SKU_019,Amazon,North,49,77668.92,0.16,1,0,1887
2023-02-23,SKU_026,Flipkart,West,13,49234.119999999995,0.27,0,0,5188
2023-04-11,SKU_018,Amazon,South,36,120927.95999999999,0.03,0,1,3463
2023-03-13,SKU_037,Amazon,South,11,50518.71,0.01,1,1,4639
2023-06-12,SKU_026,Flipkart,East,58,130037.16,0.21,0,1,2838
2023-06-13,SKU_039,Distributor,North,66,208982.40000000002,0.2,0,1,3958
2023-06-25,SKU_029,Amazon,West,45,93073.5,0.26,0,1,2795
2023-06-18,SKU_004,Flipkart,East,55,248472.94999999998,0.17,0,1,5443
2023-02-09,SKU_004,Amazon,Central,43,187637.81,0.11,0,0,4903
2023-06-04,SKU_001,D2C,North,64,338618.88,0.08,0,0,5751
2023-01-18,SKU_042,Retail,East,52,192859.68,0.07,1,1,3988
2023-01-17,SKU_032,Retail,North,10,42243.5,0.03,1,0,4355
2023-04-01,SKU_043,D2C,East,68,283162.2,0.15,1,1,4899
2023-04-17,SKU_008,D2C,South,42,73449.6,0.2,0,0,2186
2023-06-10,SKU_006,Amazon,South,24,19109.76,0.26,1,1,1076
2023-01-30,SKU_045,Retail,West,41,178322.94,0.27,1,0,5958
2023-05-20,SKU_032,Flipkart,South,11,45456.840000000004,0.22,0,0,5298
2023-04-01,SKU_024,Distributor,North,25,52541.50000000001,0.18,1,1,2563
2023-02-18,SKU_040,Amazon,Central,52,77272.0,0.0,1,1,1486
2023-03-03,SKU_002,Retail,Central,54,253380.96,0.16,1,0,5586
2023-02-24,SKU_019,Amazon,West,56,67928.0,0.0,0,0,1213
2023-06-08,SKU_045,Retail,South,50,45591.0,0.22,0,0,1169
2023-05-31,SKU_023,Flipkart,Central,36,114019.20000000001,0.2,0,0,3959
2023-02-14,SKU_044,Flipkart,East,48,102781.44,0.28,0,0,2974
2023-02-10,SKU_019,Distributor,West,41,184903.44,0.08,0,0,4902
2023-02-17,SKU_045,Distributor,North,17,47545.6,0.08,1,0,3040
2023-06-08,SKU_012,Retail,West,34,52139.34,0.01,1,1,1549
2023-01-23,SKU_029,Distributor,South,67,325400.91000000003,0.11,1,1,5457
2023-06-12,SKU_021,D2C,Central,81,235082.25,0.05,0,1,3055
2023-06-15,SKU_047,Distributor,North,63,228151.98,0.14,0,1,4211
2023-04-02,SKU_039,D2C,Central,80,170468.0,0.05,1,1,2243
2023-02-23,SKU_038,Amazon,Central,51,65900.16,0.04,0,1,1346
2023-03-09,SKU_003,D2C,North,84,410202.24,0.08,0,0,5308
2023-02-24,SKU_034,Flipkart,North,91,359286.2,0.05,1,0,4156
2023-04-22,SKU_023,Amazon,North,15,67762.8,0.16,1,0,5378
2023-04-30,SKU_011,Retail,Central,54,117754.56,0.16,0,1,2596
2023-05-03,SKU_036,Distributor,North,51,211920.30000000002,0.1,0,0,4617
2023-01-23,SKU_031,Amazon,South,41,204838.05,0.05,1,1,5259
2023-01-13,SKU_022,D2C,South,59,173146.12,0.06,1,0,3122
2023-06-30,SKU_024,Distributor,South,50,46048.5,0.19,1,0,1137
2023-02-23,SKU_047,Flipkart,North,35,53067.0,0.24,1,0,1995
2023-03-28,SKU_026,Retail,West,49,52148.25,0.25,1,1,1419
2023-01-21,SKU_050,Distributor,South,74,218505.72,0.13,1,0,3394
2023-05-23,SKU_032,Distributor,Central,53,72790.2,0.1,1,1,1526
2023-05-10,SKU_002,Flipkart,Central,62,85693.3,0.23,1,0,1795
2023-04-18,SKU_003,Amazon,West,44,113569.28,0.26,1,1,3488
2023-05-14,SKU_023,D2C,Central,59,282762.81,0.01,1,1,4841
2023-03-13,SKU_021,Amazon,East,25,105204.25,0.29,1,1,5927
2023-03-02,SKU_015,D2C,Central,40,150514.0,0.09,0,0,4135
2023-01-31,SKU_048,Retail,Central,47,122297.76000000001,0.22,1,0,3336
2023-02-08,SKU_047,Amazon,West,24,18774.0,0.25,1,0,1043
2023-06-02,SKU_021,Distributor,Central,33,146035.89,0.09,1,1,4863
2023-03-20,SKU_014,Amazon,Central,56,157489.91999999998,0.07,1,1,3024
2023-05-10,SKU_037,Amazon,East,52,127858.64,0.02,0,0,2509
2023-06-08,SKU_010,Amazon,Central,66,196497.84,0.02,1,0,3038
2023-05-15,SKU_028,Flipkart,North,37,81648.27,0.01,1,0,2229
2023-01-09,SKU_037,Flipkart,South,51,183731.58,0.03,0,1,3714
2023-05-20,SKU_021,Retail,West,36,102632.4,0.15,1,1,3354
2023-02-02,SKU_020,Distributor,East,64,324185.6,0.14,0,0,5890
2023-06-15,SKU_003,Retail,South,73,385247.28,0.12,1,1,5997
2023-02-07,SKU_021,D2C,South,59,289877.62,0.14,1,1,5713
2023-06-08,SKU_021,Distributor,East,71,190478.8,0.24,1,1,3530
2023-05-01,SKU_012,Distributor,South,50,146769.0,0.13,0,0,3374
2023-06-02,SKU_013,Flipkart,East,66,164103.72,0.29,0,1,3502
2023-04-14,SKU_003,Retail,Central,51,211864.71,0.29,1,0,5851
2023-02-02,SKU_045,D2C,North,29,92206.08,0.04,0,1,3312
2023-05-16,SKU_030,Amazon,North,54,114134.40000000001,0.2,0,1,2642
2023-05-29,SKU_009,Retail,East,30,27871.2,0.21,0,1,1176
2023-06-13,SKU_022,Amazon,Central,96,514200.96,0.09,0,1,5886
2023-01-12,SKU_045,Distributor,North,43,171670.19,0.29,0,0,5623
2023-03-13,SKU_049,Distributor,Central,62,288761.27999999997,0.07,1,1,5008
2023-05-03,SKU_042,Retail,North,49,203814.52,0.24,0,0,5473
2023-04-19,SKU_005,Amazon,Central,25,74651.5,0.02,1,1,3047
2023-04-06,SKU_013,Flipkart,West,12,65334.72,0.08,1,1,5918
2023-05-02,SKU_045,Flipkart,West,64,327106.56,0.12,0,1,5808
2023-02-16,SKU_036,Flipkart,South,80,80516.8,0.09,1,0,1106
2023-04-21,SKU_034,Amazon,North,35,128773.05,0.13,1,1,4229
2023-06-19,SKU_045,D2C,South,16,22613.12,0.11,0,1,1588
2023-01-16,SKU_046,Flipkart,Central,43,96784.83,0.11,0,1,2529
2023-03-31,SKU_014,D2C,East,31,83266.0,0.0,0,0,2686
2023-05-06,SKU_032,Amazon,North,36,38637.0,0.25,0,1,1431
2023-02-15,SKU_032,Retail,South,62,276154.2,0.1,0,1,4949
2023-01-14,SKU_032,Retail,South,48,112065.6,0.26,1,0,3155
2023-02-14,SKU_040,Amazon,East,33,62817.48,0.13,0,0,2188
2023-05-30,SKU_006,D2C,West,61,311825.89999999997,0.03,0,1,5270
2023-03-31,SKU_019,Distributor,West,63,219744.0,0.2,1,1,4360
2023-06-07,SKU_038,Retail,West,43,221259.08,0.06,1,1,5474
2023-01-27,SKU_046,Retail,East,52,134875.52,0.14,1,0,3016
2023-05-30,SKU_013,Distributor,South,60,208960.8,0.17,1,1,4196
2023-02-15,SKU_030,Amazon,Central,58,58204.159999999996,0.02,0,0,1024
2023-03-29,SKU_019,Distributor,Central,50,85656.0,0.14,0,1,1992
2023-02-11,SKU_013,Amazon,East,78,339640.08,0.08,0,1,4733
2023-04-01,SKU_036,Distributor,East,61,283547.51999999996,0.04,1,0,4842
2023-06-23,SKU_026,Flipkart,North,40,113832.0,0.15,0,0,3348
2023-02-16,SKU_020,D2C,West,41,96360.25,0.15,1,1,2765
2023-02-07,SKU_043,Distributor,Central,38,149043.6,0.1,0,0,4358
2023-01-22,SKU_014,Flipkart,North,62,243248.94,0.01,0,0,3963
2023-02-17,SKU_014,Flipkart,North,37,146944.76,0.14,1,1,4618
2023-04-08,SKU_021,Flipkart,East,41,195111.21,0.07,1,0,5117
2023-05-12,SKU_025,Amazon,East,71,348682.42,0.11,1,0,5518
2023-01-26,SKU_040,D2C,North,53,137805.30000000002,0.1,0,0,2889
2023-02-23,SKU_010,Amazon,South,73,115783.84000000001,0.08,0,1,1724
2023-03-02,SKU_043,Retail,Central,65,78560.3,0.11,1,0,1358
2023-01-20,SKU_018,Flipkart,West,26,74001.72,0.18,0,0,3471
2023-06-04,SKU_006,Distributor,South,47,62357.25,0.25,0,1,1769
2023-04-14,SKU_014,Flipkart,North,69,236504.4,0.12,0,1,3895
2023-05-26,SKU_012,D2C,East,25,123809.0,0.08,1,0,5383
2023-06-24,SKU_033,Amazon,East,58,210130.52000000002,0.21,0,0,4586
2023-01-12,SKU_005,Flipkart,South,49,184444.82,0.02,1,0,3841
2023-01-03,SKU_017,Amazon,South,14,19204.08,0.08,1,1,1491
2023-01-07,SKU_009,Amazon,South,52,221746.72,0.24,1,0,5611
2023-05-23,SKU_047,Retail,East,33,159661.92,0.12,1,1,5498
2023-03-15,SKU_014,Distributor,East,26,37052.08,0.08,0,1,1549
2023-04-09,SKU_012,Amazon,North,50,58566.0,0.14,0,0,1362
2023-04-21,SKU_016,Flipkart,East,11,29406.96,0.06,1,1,2844
2023-05-04,SKU_035,Flipkart,Central,36,84528.72,0.26,0,1,3173
2023-06-06,SKU_030,Distributor,West,101,234021.04,0.12,0,1,2633
2023-05-17,SKU_008,Flipkart,South,63,185125.5,0.25,0,0,3918
2023-06-20,SKU_050,Distributor,North,32,24326.399999999998,0.3,1,1,1086
2023-05-01,SKU_029,D2C,North,78,410549.88,0.11,0,0,5914
2023-04-30,SKU_036,Retail,Central,30,73737.3,0.09,0,0,2701
2023-04-04,SKU_050,Retail,East,38,129874.5,0.25,1,0,4557
2023-03-06,SKU_047,D2C,East,27,115966.08,0.04,0,1,4474
2023-05-02,SKU_024,D2C,East,55,234834.6,0.09,0,1,4692
2023-06-21,SKU_029,Distributor,East,77,90250.16,0.09,1,0,1288
2023-01-14,SKU_039,Amazon,North,30,65001.6,0.04,0,0,2257
2023-04-30,SKU_011,Flipkart,East,8,34995.200000000004,0.2,1,0,5468
2023-06-16,SKU_032,D2C,East,71,322396.8,0.12,0,1,5160
2023-03-27,SKU_018,Retail,West,81,427057.92,0.04,0,1,5492
2023-05-24,SKU_007,D2C,North,10,31613.6,0.14,1,0,3676
2023-06-03,SKU_043,Retail,North,59,70561.05,0.15,0,1,1407
2023-03-18,SKU_008,Distributor,West,54,252857.69999999998,0.05,1,0,4929
2023-06-29,SKU_037,Retail,South,34,30624.480000000003,0.19,0,1,1112
2023-04-03,SKU_006,Amazon,East,22,119525.34,0.03,1,0,5601
2023-01-31,SKU_050,Flipkart,South,69,124228.98,0.26,1,1,2433
2023-03-22,SKU_041,Amazon,North,53,125307.90000000001,0.1,0,1,2627
2023-04-06,SKU_026,Distributor,West,55,273397.85,0.17,1,1,5989
2023-03-12,SKU_008,Retail,East,37,72548.86,0.21,1,1,2482
2023-05-02,SKU_046,Retail,East,33,139444.47,0.13,1,1,4857
2023-03-22,SKU_005,Amazon,North,0,0.0,0.29,1,1,1146
2023-04-29,SKU_026,Retail,West,45,143941.95,0.21,1,1,4049
2023-03-14,SKU_011,D2C,East,78,61760.4,0.26,1,0,1070
2023-03-23,SKU_028,D2C,South,32,122841.59999999999,0.3,0,0,5484
2023-03-19,SKU_030,Flipkart,South,19,59961.72,0.09,0,1,3468
2023-04-01,SKU_002,Flipkart,South,58,80886.8,0.05,1,1,1468
2023-04-10,SKU_029,Distributor,Central,62,68842.32,0.24,1,0,1461
2023-02-20,SKU_043,D2C,South,38,75593.4,0.05,0,1,2094
2023-01-29,SKU_009,Amazon,West,43,185102.53,0.21,0,0,5449
2023-01-20,SKU_013,D2C,North,55,130585.95,0.07,1,1,2553
2023-06-07,SKU_026,D2C,North,46,76663.14,0.27,0,0,2283
2023-05-09,SKU_048,Amazon,North,70,170632.69999999998,0.03,0,1,2513
2023-01-20,SKU_030,D2C,West,98,341769.12,0.12,0,0,3963
2023-04-20,SKU_039,Flipkart,West,15,59197.5,0.25,1,0,5262
2023-06-19,SKU_013,Flipkart,Central,74,178955.68,0.24,1,0,3182
2023-05-05,SKU_014,Amazon,Central,52,185352.96,0.04,1,1,3713
2023-02-25,SKU_041,D2C,Central,77,136205.3,0.05,0,0,1862
2023-03-01,SKU_038,Retail,Central,64,140797.44,0.19,1,0,2716
2023-01-29,SKU_007,D2C,East,51,205117.91999999998,0.02,0,0,4104
2023-02-25,SKU_030,Retail,North,65,261713.40000000002,0.22,0,1,5162
2023-04-09,SKU_004,Retail,Central,42,125594.28,0.26,1,0,4041
2023-05-29,SKU_007,D2C,East,34,156908.63999999998,0.16,0,0,5494
2023-01-20,SKU_008,Retail,South,66,325248.0,0.12,1,0,5600
2023-04-03,SKU_024,Distributor,Central,33,80992.23,0.17,0,1,2957
2023-05-11,SKU_037,Amazon,North,62,55565.64,0.22,0,1,1149
2023-05-25,SKU_031,Distributor,West,50,259031.5,0.09,0,1,5693
2023-03-03,SKU_009,Distributor,North,3,5976.719999999999,0.28,0,1,2767
2023-06-27,SKU_001,Flipkart,North,38,132321.32,0.14,1,1,4049
2023-04-01,SKU_032,Amazon,West,56,114103.36,0.24,1,0,2681
2023-03-29,SKU_016,Retail,South,41,175356.59,0.17,0,1,5153
2023-02-06,SKU_038,Flipkart,East,0,0.0,0.17,1,1,4738
2023-06-15,SKU_009,Retail,West,76,163714.63999999998,0.26,1,0,2911
2023-02-20,SKU_042,Flipkart,North,53,211228.32,0.24,0,0,5244
2023-04-10,SKU_004,Distributor,South,58,67972.52,0.23,0,1,1522
2023-04-01,SKU_017,Distributor,West,40,99136.0,0.2,0,0,3098
2023-06-07,SKU_037,Distributor,South,60,172938.0,0.05,1,0,3034
2023-02-14,SKU_035,Distributor,East,86,162395.52,0.04,1,0,1967
2023-02-18,SKU_017,Amazon,South,35,152916.75,0.05,1,0,4599
2023-04-18,SKU_008,Distributor,East,83,180981.5,0.11,1,1,2450
2023-06-13,SKU_005,Amazon,North,57,165861.44999999998,0.05,0,0,3063
2023-04-12,SKU_030,Retail,East,32,51374.4,0.23,1,1,2085
2023-01-13,SKU_002,Retail,Central,94,482896.8,0.1,0,1,5708
2023-01-28,SKU_023,Amazon,South,57,301592.7,0.1,0,1,5879
2023-04-30,SKU_031,Distributor,West,63,91751.94,0.13,0,0,1674
2023-03-19,SKU_020,Amazon,Central,44,97775.04,0.06,0,1,2364
2023-06-11,SKU_040,D2C,East,34,36369.799999999996,0.05,1,1,1126
2023-06-19,SKU_048,Amazon,East,53,152893.34,0.03,0,1,2974
2023-06-17,SKU_036,D2C,East,81,348243.3,0.15,1,1,5058
2023-06-22,SKU_041,Retail,South,43,145899.0,0.25,1,0,4524
2023-03-04,SKU_013,Flipkart,North,49,250952.52000000002,0.09,0,1,5628
2023-06-26,SKU_034,Retail,East,79,298120.72,0.14,0,1,4388
2023-03-06,SKU_038,D2C,Central,43,192338.14,0.21,0,0,5662
2023-06-08,SKU_048,Amazon,North,60,279180.0,0.1,0,1,5170
2023-05-21,SKU_015,D2C,East,67,330271.14,0.13,0,0,5666
2023-06-19,SKU_031,Amazon,North,46,214107.0,0.13,0,0,5350
2023-01-25,SKU_006,Flipkart,South,56,174758.63999999998,0.13,0,1,3587
2023-04-25,SKU_046,Flipkart,West,63,141018.57,0.01,0,0,2261
2023-03-16,SKU_014,Retail,North,41,148313.81,0.21,1,1,4579
2023-02-01,SKU_022,Flipkart,South,66,288363.24,0.19,0,1,5394
2023-04-24,SKU_019,Amazon,North,39,175184.1,0.1,0,0,4991
2023-02-09,SKU_041,Retail,East,36,157897.44,0.06,1,0,4666
2023-03-21,SKU_015,D2C,North,19,47319.5,0.15,0,0,2930
2023-04-13,SKU_036,Retail,East,39,186357.99000000002,0.09,1,0,5251
2023-01-17,SKU_041,Flipkart,West,33,104376.68999999999,0.07,1,0,3401
2023-03-22,SKU_035,D2C,North,41,37234.56,0.14,0,0,1056
2023-06-08,SKU_007,Flipkart,Central,62,258895.25999999998,0.17,1,1,5031
2023-04-21,SKU_045,Distributor,North,15,65601.45,0.27,0,1,5991
2023-06-10,SKU_039,Amazon,Central,10,39675.5,0.27,1,0,5435
2023-02-23,SKU_043,Retail,South,35,77779.45,0.03,1,0,2291
2023-06-10,SKU_040,Retail,North,59,328795.2,0.04,0,0,5805
2023-05-22,SKU_007,Amazon,North,55,96180.15,0.29,0,0,2463
2023-01-02,SKU_009,Amazon,Central,34,106024.24,0.14,1,1,3626
2023-01-27,SKU_006,Amazon,West,73,201278.52000000002,0.08,1,0,2997
2023-04-12,SKU_009,D2C,South,36,159300.0,0.25,0,1,5900
2023-06-13,SKU_012,Flipkart,East,59,252835.65,0.11,1,1,4815
2023-02-05,SKU_007,D2C,East,42,77651.28,0.07,0,1,1988
2023-06-23,SKU_030,D2C,South,32,139955.2,0.12,0,1,4970
2023-03-22,SKU_044,Retail,East,37,162108.84,0.13,0,0,5036
2023-01-08,SKU_035,D2C,North,64,261250.56,0.13,0,1,4692
2023-06-11,SKU_047,Retail,West,57,197592.78,0.23,1,1,4502
2023-06-11,SKU_017,D2C,Central,69,75710.25,0.05,1,0,1155
2023-03-10,SKU_035,Flipkart,West,57,243244.08,0.28,1,0,5927
2023-01-21,SKU_038,D2C,North,17,27363.2,0.2,1,1,2012
2023-05-05,SKU_025,Flipkart,East,92,338821.27999999997,0.02,0,0,3758
2023-03-26,SKU_014,Flipkart,South,57,102728.81999999999,0.03,0,0,1858
2023-01-16,SKU_012,Retail,West,60,69225.0,0.29,1,1,1625
2023-03-04,SKU_020,Distributor,West,42,207035.63999999998,0.13,1,1,5666
2023-04-25,SKU_003,Flipkart,South,72,298247.04000000004,0.09,1,0,4552
2023-05-21,SKU_038,D2C,Central,28,57854.16,0.22,0,1,2649
2023-06-12,SKU_034,Amazon,South,62,193214.94,0.27,1,0,4269
2023-05-24,SKU_001,Retail,North,8,13273.6,0.15,1,1,1952
2023-06-14,SKU_040,Amazon,North,63,87064.73999999999,0.07,0,0,1486
2023-01-18,SKU_008,Distributor,West,28,82839.68000000001,0.12,1,0,3362
2023-01-29,SKU_047,D2C,South,55,50529.6,0.13,0,0,1056
2023-01-29,SKU_031,Flipkart,Central,77,140971.6,0.08,1,1,1990
2023-01-02,SKU_027,Retail,South,66,82999.62,0.11,1,0,1413
2023-03-14,SKU_036,Distributor,West,74,95477.76,0.04,0,1,1344
2023-02-24,SKU_034,D2C,West,72,320348.16,0.12,1,0,5056
2023-03-20,SKU_002,Retail,North,39,60538.14000000001,0.18,0,1,1893
2023-05-12,SKU_006,Distributor,South,61,108467.76,0.07,1,0,1912
2023-05-02,SKU_008,Retail,North,15,31380.0,0.2,0,1,2615
2023-02-19,SKU_010,Distributor,East,36,143094.6,0.01,0,1,4015
2023-04-15,SKU_029,D2C,Central,77,211392.71999999997,0.07,1,1,2952
2023-02-16,SKU_011,D2C,Central,42,119992.31999999999,0.04,1,0,2976
2023-06-27,SKU_036,Distributor,North,12,49752.72,0.14,1,0,4821
2023-05-31,SKU_045,Flipkart,Central,90,387376.2,0.18,1,0,5249
2023-05-20,SKU_013,Retail,Central,61,215098.2,0.1,0,1,3918
2023-02-22,SKU_001,Flipkart,West,65,358488.0,0.04,0,0,5745
2023-01-06,SKU_028,Distributor,North,30,105435.6,0.18,1,0,4286
2023-01-26,SKU_049,Flipkart,Central,55,215331.6,0.12,1,0,4449
2023-01-13,SKU_032,Retail,Central,55,82922.4,0.28,0,0,2094
2023-04-17,SKU_020,Flipkart,South,33,179672.13,0.03,0,0,5613
2023-06-15,SKU_011,Distributor,East,46,181849.04,0.08,1,0,4297
2023-04-29,SKU_024,D2C,East,19,24320.38,0.18,0,1,1561
2023-02-05,SKU_017,Amazon,West,43,222841.48,0.08,1,1,5633
2023-03-18,SKU_029,Flipkart,Central,69,62298.72,0.28,0,0,1254
2023-06-24,SKU_049,Distributor,North,35,62108.899999999994,0.17,1,1,2138
2023-04-18,SKU_019,Flipkart,South,88,206386.4,0.06,0,0,2495
2023-02-11,SKU_005,Distributor,West,21,73347.75,0.25,0,0,4657
2023-04-20,SKU_005,Retail,North,44,181209.6,0.01,0,0,4160
2023-04-15,SKU_041,Amazon,Central,36,117219.95999999999,0.01,1,0,3289
2023-03-06,SKU_025,D2C,Central,46,100982.42,0.23,0,0,2851
2023-02-02,SKU_007,D2C,West,77,83402.55,0.17,1,1,1305
2023-05-27,SKU_017,Retail,East,30,108996.3,0.27,0,0,4977
2023-04-07,SKU_010,Distributor,South,40,152193.6,0.22,1,0,4878
2023-02-03,SKU_010,Flipkart,South,63,78806.7,0.3,1,1,1787
2023-01-14,SKU_031,Distributor,South,51,91914.75,0.11,1,0,2025
2023-05-18,SKU_044,Distributor,Central,53,109108.45,0.05,1,1,2167
2023-01-31,SKU_017,Retail,West,30,105428.4,0.02,1,1,3586
2023-02-18,SKU_005,Flipkart,Central,48,221390.87999999998,0.17,1,1,5557
2023-02-02,SKU_013,Distributor,East,72,84188.16,0.28,1,0,1624
2023-03-02,SKU_006,Flipkart,North,17,87255.39,0.07,1,1,5519
2023-03-05,SKU_014,Retail,West,36,98855.28,0.14,0,1,3193
2023-03-03,SKU_045,D2C,East,13,33947.939999999995,0.29,1,0,3678
2023-06-20,SKU_030,D2C,East,60,182208.0,0.27,0,0,4160
2023-06-06,SKU_036,Amazon,Central,74,214604.44,0.26,1,0,3919
2023-06-12,SKU_009,Amazon,North,46,168005.34,0.19,0,1,4509
2023-05-16,SKU_042,Retail,West,29,108529.6,0.2,0,0,4678
2023-04-21,SKU_001,D2C,Central,30,44160.0,0.08,0,1,1600
2023-04-15,SKU_010,D2C,Central,44,194686.8,0.02,0,0,4515
2023-03-06,SKU_022,D2C,North,43,76432.5,0.21,1,0,2250
2023-05-09,SKU_014,Distributor,West,68,114860.16,0.08,1,1,1836
2023-03-24,SKU_044,Distributor,North,36,112508.64,0.14,0,0,3634
2023-06-16,SKU_036,Retail,West,58,74745.76,0.11,0,1,1448
2023-04-02,SKU_021,Retail,Central,43,194397.84,0.09,0,1,4968
2023-04-12,SKU_013,Distributor,North,35,109573.8,0.16,0,1,3727
2023-03-23,SKU_030,Flipkart,East,43,153465.71,0.27,0,1,4889
2023-05-06,SKU_014,Distributor,East,56,42185.92,0.26,1,1,1018
2023-01-23,SKU_004,D2C,West,68,131313.44,0.08,0,0,2099
2023-06-21,SKU_042,Amazon,East,44,69902.36,0.21,1,1,2011
2023-02-13,SKU_033,Flipkart,West,25,61351.0,0.24,1,1,3229
2023-04-06,SKU_020,Flipkart,South,69,247638.93000000002,0.21,0,1,4543
2023-05-24,SKU_026,D2C,West,32,68636.8,0.11,0,1,2410
2023-01-09,SKU_025,Retail,East,55,86732.8,0.23,1,0,2048
2023-04-09,SKU_034,Distributor,East,49,203095.69,0.03,0,0,4273
2023-04-08,SKU_047,Flipkart,East,46,106821.65999999999,0.07,0,0,2497
2023-01-17,SKU_001,D2C,South,40,206907.2,0.11,1,1,5812
2023-03-19,SKU_040,Amazon,East,62,69782.24,0.12,1,0,1279
2023-06-01,SKU_017,D2C,East,0,0.0,0.2,0,1,5405
2023-05-22,SKU_008,D2C,South,72,262530.72,0.06,1,1,3879
2023-03-26,SKU_034,Amazon,North,31,57407.04,0.04,0,0,1929
2023-01-03,SKU_021,Distributor,South,58,123851.46,0.21,1,0,2703
2023-02-16,SKU_023,Amazon,South,57,111782.7,0.1,1,0,2179
2023-04-03,SKU_029,Retail,South,75,287323.5,0.26,1,0,5177
2023-02-24,SKU_022,Flipkart,South,53,161883.2,0.08,0,0,3320
2023-01-01,SKU_005,D2C,North,33,120111.75,0.25,0,1,4853
2023-03-08,SKU_019,Retail,Central,17,23001.0,0.25,0,1,1804
2023-01-17,SKU_030,Retail,South,43,149202.69,0.09,1,0,3813
2023-02-17,SKU_007,Retail,West,10,16094.4,0.16,1,0,1916
2023-06-05,SKU_014,Amazon,West,37,64185.75,0.25,1,1,2313
2023-06-28,SKU_015,Amazon,South,44,44976.799999999996,0.05,1,1,1076
2023-06-15,SKU_034,D2C,Central,36,121512.59999999999,0.15,0,0,3971
2023-02-06,SKU_014,Distributor,East,50,68000.0,0.15,0,1,1600
2023-03-28,SKU_032,Amazon,Central,45,162911.25,0.25,0,1,4827
2023-05-06,SKU_034,Flipkart,Central,43,86316.48,0.28,0,0,2788
2023-03-01,SKU_011,Retail,East,1,1974.1,0.05,0,1,2078
2023-02-22,SKU_045,D2C,West,24,98076.95999999999,0.27,0,1,5598
2023-04-24,SKU_033,D2C,East,62,339388.0,0.0,1,0,5474
2023-05-08,SKU_050,Amazon,East,66,179071.19999999998,0.15,0,0,3192
2023-05-29,SKU_022,Amazon,West,13,13597.480000000001,0.21,0,0,1324
2023-02-24,SKU_032,D2C,West,33,46481.49,0.13,0,1,1619
2023-03-28,SKU_046,Retail,East,71,169496.88,0.13,0,1,2744
2023-06-20,SKU_018,Flipkart,North,35,95548.25,0.29,0,1,3845
2023-02-21,SKU_020,Amazon,West,47,55357.53999999999,0.06,0,1,1253
2023-03-19,SKU_049,Flipkart,Central,78,101790.0,0.25,1,0,1740
2023-04-26,SKU_011,Amazon,Central,42,102183.48000000001,0.18,0,1,2967
2023-02-08,SKU_016,D2C,West,39,74938.5,0.3,0,0,2745
2023-03-04,SKU_043,Distributor,West,46,111642.0,0.25,1,1,3236
2023-01-31,SKU_036,Retail,South,87,111941.16,0.24,0,1,1693
2023-01-26,SKU_009,Distributor,North,58,248179.68,0.16,1,1,5094
2023-01-16,SKU_013,Amazon,South,50,203472.5,0.23,1,1,5285
2023-05-11,SKU_022,Amazon,West,39,96954.0,0.12,0,0,2825
2023-06-21,SKU_042,D2C,Central,60,81328.79999999999,0.06,0,1,1442
2023-05-01,SKU_046,Retail,North,63,115012.17,0.07,0,0,1963
2023-03-29,SKU_033,D2C,Central,28,24202.079999999998,0.16,1,0,1029
2023-01-15,SKU_018,Retail,South,63,210205.8,0.17,1,1,4020
2023-01-24,SKU_039,Distributor,South,46,145120.8,0.12,0,0,3585
2023-05-28,SKU_006,D2C,Central,50,180949.5,0.21,0,0,4581
2023-06-17,SKU_004,D2C,North,32,135138.56,0.29,1,0,5948
2023-04-09,SKU_042,D2C,Central,42,186921.0,0.25,0,1,5934
2023-05-15,SKU_044,Amazon,South,29,130399.08,0.16,1,1,5353
2023-01-25,SKU_026,Amazon,Central,28,89523.0,0.13,0,1,3675
2023-04-26,SKU_035,Retail,East,57,322779.6,0.01,1,1,5720
2023-02-16,SKU_010,Amazon,West,42,82729.07999999999,0.07,1,0,2118
2023-05-02,SKU_038,Distributor,Central,24,93312.0,0.2,1,1,4860
2023-06-29,SKU_019,Distributor,Central,93,271054.08,0.08,1,0,3168
2023-06-18,SKU_050,Distributor,North,27,51588.36,0.26,1,0,2582
2023-05-15,SKU_047,Amazon,South,71,144345.84,0.14,1,0,2364
2023-04-13,SKU_022,Distributor,Central,20,25764.0,0.24,1,0,1695
2023-05-10,SKU_033,Amazon,South,59,90048.75,0.25,0,1,2035
2023-06-20,SKU_011,Amazon,Central,44,226487.36,0.06,1,0,5476
2023-03-21,SKU_005,Amazon,Central,37,84704.1,0.22,1,1,2935
2023-04-23,SKU_006,Retail,South,53,92794.52,0.09,1,0,1924
2023-05-18,SKU_027,Amazon,East,51,182424.96,0.04,0,1,3726
2023-01-24,SKU_028,Flipkart,West,33,84809.34,0.13,1,1,2954
2023-03-22,SKU_019,D2C,South,32,45377.92,0.02,0,0,1447
2023-04-21,SKU_002,Amazon,Central,18,67619.88,0.13,0,1,4318
2023-03-12,SKU_007,Amazon,East,56,57602.159999999996,0.01,0,0,1039
2023-05-13,SKU_037,Distributor,South,24,70453.92,0.26,1,1,3967
2023-02-04,SKU_011,D2C,East,50,257075.0,0.09,1,0,5650
2023-04-05,SKU_012,Flipkart,West,61,287715.64999999997,0.15,0,0,5549
2023-01-12,SKU_010,Amazon,Central,54,279158.4,0.1,0,1,5744
2023-03-14,SKU_018,Distributor,West,35,54410.649999999994,0.17,0,1,1873
2023-01-18,SKU_003,Retail,South,68,182082.24,0.28,1,1,3719
2023-02-05,SKU_035,Retail,Central,41,101689.02,0.19,1,0,3062
2023-03-20,SKU_016,Amazon,Central,23,21312.72,0.12,1,1,1053
2023-05-22,SKU_031,D2C,West,44,114681.59999999999,0.04,1,1,2715
2023-05-07,SKU_045,Flipkart,South,61,187201.68,0.24,0,1,4038
2023-01-10,SKU_024,D2C,West,36,110819.52,0.08,0,0,3346
2023-05-06,SKU_023,Amazon,West,67,173764.5,0.09,1,1,2850
2023-06-14,SKU_028,Amazon,West,34,140741.63999999998,0.13,1,0,4758
2023-03-31,SKU_007,Amazon,North,37,113131.2,0.02,1,0,3120
2023-06-20,SKU_024,Flipkart,East,29,104483.51999999999,0.04,0,0,3753
2023-04-11,SKU_030,D2C,South,63,230680.80000000002,0.08,0,1,3980
2023-03-20,SKU_031,Retail,West,48,38719.2,0.27,0,1,1105
2023-02-24,SKU_024,Retail,South,30,90610.8,0.08,0,1,3283
2023-03-06,SKU_027,D2C,East,42,145530.0,0.23,1,1,4500
2023-03-17,SKU_020,Flipkart,Central,0,0.0,0.06,0,0,4570
2023-02-19,SKU_014,Distributor,South,65,200333.25,0.19,1,1,3805
2023-05-20,SKU_046,Distributor,North,46,57388.68,0.13,0,0,1434
2023-04-18,SKU_006,Amazon,Central,1,2263.0099999999998,0.03,1,0,2333
2023-01-23,SKU_033,Amazon,North,20,95779.2,0.12,0,1,5442
2023-04-20,SKU_044,Amazon,South,41,158639.25,0.23,0,1,5025
2023-04-29,SKU_020,Flipkart,West,23,58804.1,0.26,0,1,3455
2023-06-01,SKU_032,Amazon,Central,65,52452.4,0.23,1,0,1048
2023-03-27,SKU_002,Retail,South,58,55072.16,0.12,1,0,1079
2023-03-02,SKU_024,Distributor,South,57,132738.75,0.25,0,0,3105
2023-01-15,SKU_027,Distributor,Central,0,0.0,0.18,1,1,2408
2023-06-24,SKU_021,D2C,South,39,50010.48,0.22,1,0,1644
2023-01-22,SKU_020,Flipkart,Central,36,57765.96000000001,0.19,1,0,1981
2023-06-12,SKU_011,Amazon,South,30,56938.8,0.08,0,1,2063
2023-03-06,SKU_045,D2C,Central,41,51594.4,0.12,0,0,1430
2023-03-14,SKU_047,D2C,North,27,33575.85,0.05,1,0,1309
2023-01-25,SKU_045,Flipkart,South,54,208425.96000000002,0.18,1,0,4707
2023-03-01,SKU_034,D2C,West,65,198640.0,0.2,0,0,3820
2023-05-07,SKU_041,D2C,Central,63,202524.84,0.14,1,0,3738
2023-01-31,SKU_009,Flipkart,Central,47,59279.22,0.09,0,1,1386
2023-02-21,SKU_046,D2C,North,89,444124.24,0.02,1,0,5092
2023-03-10,SKU_002,Retail,South,72,196297.91999999998,0.02,1,0,2782
2023-01-10,SKU_036,Distributor,East,47,166723.1,0.05,1,1,3734
2023-03-23,SKU_008,D2C,Central,40,174101.2,0.09,0,0,4783
2023-06-12,SKU_034,Distributor,West,76,363219.2,0.2,0,1,5974
2023-06-24,SKU_049,D2C,South,70,185535.0,0.07,1,1,2850
2023-03-14,SKU_037,Retail,East,21,57209.25,0.15,0,1,3205
2023-05-21,SKU_046,Distributor,East,71,97146.45999999999,0.14,1,1,1591
2023-01-27,SKU_013,Flipkart,South,46,236187.0,0.1,1,0,5705
2023-05-17,SKU_031,Flipkart,East,32,64926.72,0.28,1,1,2818
2023-03-26,SKU_040,D2C,South,10,50598.0,0.1,0,0,5622
2023-01-29,SKU_015,D2C,Central,44,120760.64,0.09,0,0,3016
2023-05-26,SKU_009,D2C,Central,49,144582.34,0.06,0,0,3139
2023-02-19,SKU_037,Amazon,North,81,431568.0,0.1,0,0,5920
2023-06-11,SKU_035,Retail,South,69,296837.31,0.23,1,1,5587
2023-01-08,SKU_001,D2C,Central,38,32253.64,0.26,1,0,1147
2023-01-28,SKU_033,Distributor,West,57,188833.02,0.29,0,0,4666
2023-01-17,SKU_044,Flipkart,East,66,221865.6,0.2,0,0,4202
2023-01-13,SKU_028,Flipkart,South,51,51522.240000000005,0.18,1,1,1232
2023-06-30,SKU_033,Flipkart,Central,38,123906.6,0.1,1,0,3623
2023-05-08,SKU_036,Distributor,Central,39,158492.88,0.16,1,0,4838
2023-03-27,SKU_004,Amazon,East,57,189936.54,0.21,0,1,4218
2023-02-15,SKU_031,Retail,West,58,205078.72,0.02,1,0,3608
2023-05-23,SKU_006,Flipkart,North,44,184650.84,0.01,1,1,4239
2023-05-15,SKU_046,Amazon,North,0,0.0,0.1,0,0,1358
2023-05-20,SKU_004,D2C,West,24,62472.0,0.05,0,1,2740
2023-04-28,SKU_020,Amazon,West,62,251273.6,0.2,0,0,5066
2023-02-23,SKU_035,Flipkart,North,7,16536.239999999998,0.28,0,1,3281
2023-03-17,SKU_009,Distributor,East,73,55316.479999999996,0.26,1,1,1024
2023-02-03,SKU_046,Distributor,South,70,121030.0,0.05,0,0,1820
2023-05-25,SKU_006,D2C,Central,50,219906.0,0.24,0,1,5787
2023-01-05,SKU_036,Flipkart,Central,61,84863.2,0.26,1,0,1880
2023-04-03,SKU_042,Distributor,West,60,289209.6,0.04,0,1,5021
2023-04-16,SKU_016,Flipkart,Central,47,175701.03999999998,0.17,1,0,4504
2023-02-24,SKU_019,Distributor,West,22,50062.32,0.02,1,1,2322
2023-06-28,SKU_025,Distributor,North,69,192020.1,0.15,0,0,3274
2023-05-12,SKU_012,Amazon,Central,78,237425.76,0.12,0,1,3459
2023-06-25,SKU_036,Amazon,West,25,22071.0,0.16,0,1,1051
2023-03-23,SKU_048,Flipkart,Central,21,116516.4,0.03,0,1,5720
2023-05-11,SKU_004,Retail,Central,47,198312.27,0.07,1,1,4537
2023-03-13,SKU_036,Flipkart,West,37,101306.0,0.0,0,0,2738
2023-02-19,SKU_022,Amazon,Central,52,59354.88,0.04,0,0,1189
2023-06-17,SKU_028,Amazon,East,74,133555.19999999998,0.04,0,1,1880
2023-03-17,SKU_042,Distributor,North,5,3962.4,0.22,1,1,1016
2023-02-28,SKU_028,Retail,West,81,182518.11,0.03,0,0,2323
2023-06-22,SKU_010,D2C,West,41,188605.74,0.14,0,1,5349
2023-01-28,SKU_050,Flipkart,West,60,244851.0,0.15,1,0,4801
2023-02-18,SKU_026,Distributor,West,62,172293.66,0.23,0,0,3609
2023-02-19,SKU_003,Flipkart,West,64,233963.52,0.16,1,0,4352
2023-06-09,SKU_009,Amazon,West,51,222385.5,0.25,0,0,5814
2023-03-25,SKU_015,Flipkart,South,55,294201.6,0.04,1,1,5572
2023-01-04,SKU_021,D2C,North,55,283729.6,0.06,1,1,5488
2023-05-14,SKU_049,D2C,South,37,86446.8,0.01,0,1,2360
2023-03-10,SKU_046,Retail,North,14,59540.88,0.17,0,0,5124
2023-04-19,SKU_013,Flipkart,East,25,111918.75,0.25,0,1,5969
2023-05-12,SKU_034,D2C,West,47,226114.18000000002,0.18,1,1,5867
2023-02-03,SKU_015,Distributor,East,34,139367.36000000002,0.12,0,1,4658
2023-04-13,SKU_036,D2C,West,34,168665.16,0.13,1,1,5702
2023-03-02,SKU_029,Amazon,Central,85,260098.30000000002,0.23,0,1,3974
2023-04-11,SKU_025,Retail,West,67,352528.54,0.02,0,0,5369
2023-04-22,SKU_037,Flipkart,West,44,158422.0,0.05,1,0,3790
2023-05-26,SKU_046,Amazon,Central,63,250796.69999999998,0.06,1,1,4235
2023-01-27,SKU_044,Distributor,West,41,218448.0,0.1,0,1,5920
2023-03-11,SKU_030,Flipkart,Central,52,106027.48000000001,0.21,0,1,2581
2023-04-05,SKU_040,Flipkart,Central,58,124371.72,0.01,1,0,2166
2023-04-20,SKU_012,Distributor,Central,41,53888.35,0.03,0,1,1355
2023-04-09,SKU_042,Amazon,North,36,201080.88,0.01,1,1,5642
2023-03-26,SKU_049,Flipkart,North,74,193561.06,0.21,1,0,3311
2023-04-23,SKU_008,Retail,North,62,148167.6,0.16,1,0,2845
2023-01-31,SKU_038,Flipkart,South,4,4473.599999999999,0.04,0,0,1165
2023-03-30,SKU_024,Retail,South,36,169977.6,0.2,1,0,5902
2023-01-13,SKU_016,Retail,East,34,62398.5,0.25,0,0,2447
2023-03-28,SKU_025,D2C,East,37,75473.70999999999,0.29,1,1,2873
2023-03-23,SKU_031,Flipkart,Central,67,147820.76,0.24,1,0,2903
2023-04-23,SKU_005,Distributor,East,50,101285.0,0.06,1,1,2155
2023-01-26,SKU_016,D2C,East,22,26438.5,0.05,1,0,1265
2023-06-05,SKU_004,Retail,West,42,201466.44,0.06,1,1,5103
2023-03-11,SKU_034,Amazon,Central,60,276619.2,0.12,0,1,5239
2023-04-26,SKU_011,Amazon,South,45,194140.8,0.16,1,0,5136
2023-05-05,SKU_038,Amazon,Central,37,193003.47,0.01,1,0,5269
2023-06-17,SKU_002,D2C,West,56,135372.16,0.18,0,1,2948
2023-02-10,SKU_004,D2C,West,82,251234.88,0.22,0,1,3928
2023-02-02,SKU_022,Distributor,East,59,137276.48,0.12,1,0,2644
2023-03-01,SKU_027,D2C,North,76,173264.04,0.27,1,0,3123
2023-03-12,SKU_026,Amazon,East,38,177098.24,0.12,1,1,5296
2023-06-30,SKU_003,D2C,South,49,142298.94,0.13,0,1,3338
2023-05-04,SKU_023,Amazon,Central,49,189049.35,0.15,1,1,4539
2023-03-06,SKU_024,Flipkart,South,52,145766.4,0.27,1,0,3840
2023-04-29,SKU_041,Distributor,Central,58,201596.4,0.1,1,0,3862
2023-04-18,SKU_046,Amazon,Central,31,104346.0,0.25,0,0,4488
2023-01-12,SKU_003,Retail,North,62,84543.2,0.3,1,0,1948
2023-01-10,SKU_010,Flipkart,East,17,85879.24,0.08,0,0,5491
2023-01-18,SKU_049,Retail,North,23,101861.25,0.25,1,0,5905
2023-06-17,SKU_050,Amazon,West,92,117127.04,0.27,0,1,1744
2023-04-04,SKU_001,Amazon,West,39,70137.6,0.2,0,1,2248
2023-01-20,SKU_002,Amazon,West,64,62200.32,0.09,1,0,1068
2023-04-19,SKU_015,Flipkart,South,83,412025.27999999997,0.04,0,0,5171
2023-01-24,SKU_023,Flipkart,East,3,5123.5199999999995,0.04,0,0,1779
2023-01-13,SKU_006,D2C,South,72,251166.96,0.07,1,1,3751
2023-02-26,SKU_020,Flipkart,Central,62,290664.06,0.07,1,1,5041
2023-03-10,SKU_015,Flipkart,North,82,403427.7,0.13,0,0,5655
2023-02-16,SKU_050,Flipkart,Central,26,27605.76,0.04,0,0,1106
2023-03-30,SKU_045,Flipkart,Central,79,182409.42,0.13,1,1,2654
2023-06-21,SKU_022,Flipkart,West,35,72845.85,0.23,0,1,2703
2023-02-19,SKU_030,Flipkart,West,71,392416.29,0.07,1,1,5943
2023-04-17,SKU_046,Amazon,South,49,147565.46,0.02,0,0,3073
2023-05-18,SKU_041,Distributor,West,65,148492.5,0.25,1,1,3046
2023-01-19,SKU_036,Amazon,Central,50,161546.0,0.23,1,1,4196
2023-05-09,SKU_011,D2C,West,13,63460.409999999996,0.07,0,1,5249
2023-06-15,SKU_027,Distributor,East,0,0.0,0.07,0,1,5109
2023-01-29,SKU_023,Distributor,East,54,85223.34,0.07,1,0,1697
2023-03-10,SKU_031,Retail,West,44,96022.08,0.16,0,1,2598
2023-05-24,SKU_045,Distributor,North,57,57232.560000000005,0.23,1,1,1304
2023-03-19,SKU_021,Flipkart,West,44,71346.0,0.06,0,1,1725
2023-01-26,SKU_032,Retail,West,90,472988.69999999995,0.07,1,1,5651
2023-05-18,SKU_010,Amazon,Central,54,115509.24,0.23,1,0,2778
2023-02-04,SKU_050,Amazon,East,41,162891.36,0.07,0,1,4272
2023-05-25,SKU_026,Amazon,North,56,90339.2,0.26,1,0,2180
2023-01-08,SKU_025,D2C,East,41,91132.34,0.17,1,0,2678
2023-06-30,SKU_003,Distributor,East,51,170077.86,0.03,1,0,3438
2023-02-05,SKU_044,Amazon,Central,25,23791.0,0.26,0,0,1286
2023-02-18,SKU_021,Amazon,West,49,176548.47,0.17,0,1,4341
2023-03-09,SKU_021,Flipkart,South,40,167925.6,0.17,1,0,5058
2023-06-17,SKU_015,D2C,South,27,122788.43999999999,0.06,0,1,4838
2023-03-19,SKU_001,D2C,South,89,81482.17,0.23,0,1,1189
2023-01-19,SKU_002,Amazon,South,28,145134.08000000002,0.09,1,1,5696
2023-05-19,SKU_030,D2C,Central,50,219600.0,0.2,1,1,5490
2023-05-27,SKU_023,D2C,North,33,44542.08,0.24,1,1,1776
2023-03-04,SKU_015,Amazon,West,55,73392.55,0.23,1,1,1733
2023-06-15,SKU_030,Distributor,Central,24,135480.0,0.0,1,0,5645
2023-01-14,SKU_002,Flipkart,East,66,268093.32,0.17,1,0,4894
2023-03-10,SKU_006,Retail,East,90,204543.9,0.29,0,1,3201
2023-06-11,SKU_019,Retail,East,33,46554.75,0.05,1,1,1485
2023-02-23,SKU_050,Retail,South,74,116416.8,0.28,0,1,2185
2023-05-20,SKU_023,D2C,South,42,44620.8,0.2,0,1,1328
2023-01-21,SKU_025,D2C,North,80,63878.399999999994,0.28,1,1,1109
2023-04-24,SKU_032,Amazon,North,93,306367.11,0.17,1,0,3969
2023-06-24,SKU_008,Retail,North,45,236404.35,0.09,0,1,5773
2023-04-04,SKU_047,Amazon,West,19,66193.34,0.14,0,0,4051
2023-01-20,SKU_028,Distributor,South,68,293657.32,0.17,0,0,5203
2023-05-13,SKU_034,Retail,East,54,121354.2,0.1,1,1,2497
2023-05-13,SKU_019,D2C,South,60,89764.20000000001,0.19,0,1,1847
2023-05-06,SKU_030,D2C,South,43,163563.4,0.05,1,0,4004
2023-03-29,SKU_001,Flipkart,East,32,135188.48,0.18,1,1,5152
2023-04-15,SKU_002,Flipkart,West,73,300590.64,0.28,1,1,5719
2023-01-28,SKU_014,D2C,Central,56,124544.0,0.2,0,1,2780
2023-04-12,SKU_026,Retail,South,21,38374.56,0.06,0,0,1944
2023-05-01,SKU_020,Retail,North,63,312037.11,0.01,0,0,5003
2023-01-15,SKU_013,D2C,North,59,186234.68000000002,0.08,0,0,3431
2023-05-09,SKU_031,D2C,South,43,229413.6,0.1,0,0,5928
2023-01-20,SKU_034,D2C,Central,82,110946.00000000001,0.18,1,1,1650
2023-05-17,SKU_027,Distributor,South,37,136592.9,0.05,1,0,3886
2023-01-22,SKU_021,Amazon,Central,46,235161.65999999997,0.07,1,0,5497
2023-02-15,SKU_049,Amazon,East,65,255340.8,0.04,1,0,4092
2023-02-09,SKU_001,D2C,South,51,211565.34,0.02,1,0,4233
2023-02-04,SKU_029,Distributor,Central,22,102350.82,0.21,1,1,5889
2023-03-15,SKU_019,Flipkart,South,53,290705.0,0.0,1,1,5485
2023-03-07,SKU_006,Flipkart,East,41,237102.18,0.02,1,0,5901
2023-04-27,SKU_012,D2C,East,67,264967.58,0.21,0,0,5006
2023-04-11,SKU_026,Amazon,Central,53,121411.34,0.06,0,1,2437
2023-01-30,SKU_026,Amazon,North,51,74887.89,0.23,0,1,1907
2023-04-09,SKU_037,D2C,North,29,76927.72,0.06,0,0,2822
2023-04-30,SKU_037,Amazon,Central,45,241371.9,0.01,0,1,5418
2023-03-08,SKU_013,Distributor,West,69,148746.06,0.07,0,0,2318
2023-02-09,SKU_045,Retail,South,34,182651.4,0.06,0,0,5715
2023-04-19,SKU_029,Flipkart,Central,49,247916.47999999998,0.03,1,1,5216
2023-05-25,SKU_032,Flipkart,West,31,82295.39,0.29,1,1,3739
2023-04-10,SKU_014,Amazon,South,26,101592.4,0.3,0,1,5582
2023-01-22,SKU_042,Amazon,North,48,169152.0,0.0,1,0,3524
2023-01-19,SKU_026,Flipkart,South,53,247355.77,0.17,1,1,5623
2023-04-15,SKU_048,Retail,West,89,151762.8,0.13,1,1,1960
2023-02-09,SKU_011,Amazon,Central,40,88732.8,0.21,1,1,2808
2023-06-06,SKU_050,Retail,West,48,71971.2,0.15,1,0,1764
2023-06-30,SKU_022,Amazon,South,24,62370.0,0.23,1,1,3375
2023-04-15,SKU_022,Retail,North,62,207561.12,0.26,0,1,4524
2023-01-19,SKU_025,Distributor,South,57,261722.34,0.01,0,1,4638
2023-06-03,SKU_038,Amazon,Central,79,335355.0,0.0,1,0,4245
2023-01-28,SKU_014,Amazon,West,72,165754.08,0.26,1,0,3111
2023-02-02,SKU_024,Distributor,North,57,130591.56000000001,0.18,0,0,2794
2023-02-13,SKU_011,Retail,North,40,42652.799999999996,0.28,0,1,1481
2023-04-14,SKU_005,Distributor,Central,54,154057.68,0.08,1,0,3101
2023-06-23,SKU_018,Distributor,East,47,214677.19999999998,0.05,0,1,4808
2023-01-16,SKU_033,D2C,East,69,367097.94,0.01,0,0,5374
2023-01-14,SKU_027,D2C,North,66,175240.56000000003,0.18,0,1,3238
2023-01-17,SKU_029,Flipkart,North,44,196129.12,0.06,1,1,4742
2023-05-15,SKU_042,Retail,North,20,45590.4,0.28,0,0,3166
2023-05-31,SKU_021,Distributor,West,76,228572.28,0.21,1,1,3807
2023-05-23,SKU_022,Amazon,West,61,249915.78000000003,0.19,1,1,5058
2023-01-16,SKU_031,Amazon,East,43,194098.56,0.04,0,0,4702
2023-06-20,SKU_042,Distributor,North,60,305606.4,0.12,1,1,5788
2023-05-16,SKU_039,Retail,West,51,251356.05,0.13,0,1,5665
2023-02-19,SKU_045,D2C,South,76,307298.4,0.08,0,0,4395
2023-03-27,SKU_017,Distributor,South,11,38005.439999999995,0.04,1,0,3599
2023-01-23,SKU_004,Distributor,East,42,48132.0,0.25,1,1,1528
2023-01-03,SKU_027,Amazon,West,81,320031.0,0.0,0,0,3951
2023-05-30,SKU_013,Flipkart,South,61,189844.2,0.22,1,0,3990
2023-03-13,SKU_010,Amazon,South,85,404654.4,0.13,1,0,5472
2023-04-25,SKU_040,Distributor,North,25,63953.25,0.29,0,0,3603
2023-06-06,SKU_030,D2C,South,71,122242.83,0.13,1,0,1979
2023-06-21,SKU_026,Retail,North,70,249278.4,0.28,1,0,4946
2023-03-16,SKU_036,Distributor,Central,16,75396.95999999999,0.07,1,0,5067
2023-03-26,SKU_025,D2C,North,44,192405.84,0.07,1,1,4702
2023-03-13,SKU_017,D2C,North,47,153718.2,0.08,1,1,3555
2023-03-09,SKU_010,Amazon,Central,17,58330.74,0.17,0,0,4134
2023-04-30,SKU_020,Distributor,North,44,61017.44,0.26,1,1,1874
2023-01-19,SKU_046,D2C,Central,67,252659.68,0.02,0,1,3848
2023-02-14,SKU_031,Distributor,South,42,232307.04,0.02,1,1,5644
2023-04-25,SKU_011,Retail,North,54,102656.16,0.11,1,1,2136
2023-02-20,SKU_050,D2C,Central,54,158544.53999999998,0.07,1,0,3157
2023-06-21,SKU_008,Distributor,North,49,173222.35,0.15,0,1,4159
2023-02-03,SKU_050,Distributor,South,35,163963.1,0.18,0,0,5713
2023-02-23,SKU_023,Amazon,East,63,85276.8,0.04,1,1,1410
2023-06-02,SKU_015,D2C,Central,18,62225.1,0.17,1,1,4165
2023-04-26,SKU_018,Flipkart,West,50,207974.0,0.24,1,0,5473
2023-03-26,SKU_001,Retail,South,77,153360.9,0.1,0,0,2213
2023-05-18,SKU_010,Flipkart,Central,41,61529.520000000004,0.22,0,0,1924
2023-04-09,SKU_040,Amazon,South,35,180561.15,0.01,1,0,5211
2023-04-22,SKU_031,Flipkart,Central,64,136212.47999999998,0.04,0,1,2217
2023-04-09,SKU_032,Retail,Central,53,211082.04,0.26,0,0,5382
2023-02-03,SKU_025,Flipkart,South,64,225239.03999999998,0.28,0,1,4888
2023-04-23,SKU_040,Flipkart,North,50,147798.0,0.08,1,1,3213
2023-02-10,SKU_011,D2C,North,2,4492.72,0.11,1,0,2524
2023-04-18,SKU_040,D2C,East,73,219127.02,0.02,0,0,3063
2023-06-07,SKU_009,Distributor,West,91,161253.82,0.18,0,0,2161
2023-05-14,SKU_009,Retail,East,75,132187.5,0.06,1,0,1875
2023-01-05,SKU_040,Amazon,North,0,0.0,0.28,1,1,1335
2023-01-26,SKU_002,D2C,East,59,109301.04,0.28,1,1,2573
2023-02-06,SKU_006,Flipkart,North,40,212228.8,0.02,1,0,5414
2023-04-05,SKU_048,Amazon,East,28,148171.52000000002,0.08,1,0,5752
2023-06-18,SKU_003,Flipkart,West,52,279060.6,0.05,0,0,5649
2023-04-19,SKU_028,Retail,West,47,73777.31,0.21,1,0,1987
2023-01-14,SKU_029,Flipkart,West,60,59119.2,0.16,0,0,1173
2023-01-14,SKU_019,Flipkart,East,51,66555.0,0.13,0,0,1500
2023-01-16,SKU_031,D2C,North,27,112460.40000000001,0.1,1,0,4628
2023-01-24,SKU_005,Retail,East,38,155143.36000000002,0.21,1,0,5168
2023-05-14,SKU_037,Amazon,West,35,145447.75,0.15,0,0,4889
2023-01-08,SKU_033,Retail,East,15,60658.95,0.03,1,0,4169
2023-03-17,SKU_035,Amazon,East,22,104227.2,0.16,1,0,5640
2023-05-24,SKU_035,Flipkart,East,45,230858.1,0.01,1,1,5182
2023-06-03,SKU_046,Distributor,East,78,85124.52,0.14,0,1,1269
2023-06-15,SKU_017,Distributor,North,39,82031.04,0.16,0,1,2504
2023-06-14,SKU_045,D2C,East,34,62596.04,0.03,1,0,1898
2023-05-22,SKU_032,Amazon,Central,26,34208.46,0.01,0,1,1329
2023-02-21,SKU_011,Flipkart,West,50,153496.5,0.07,1,1,3301
2023-02-07,SKU_014,Retail,North,73,349465.6,0.15,1,0,5632
2023-06-25,SKU_034,D2C,Central,90,363744.0,0.04,1,0,4210
2023-06-29,SKU_031,Amazon,South,55,86847.2,0.29,0,0,2224
2023-04-29,SKU_022,Amazon,South,52,187897.84,0.26,0,0,4883
2023-02-25,SKU_012,D2C,North,39,46683.0,0.1,0,0,1330
2023-06-01,SKU_006,Flipkart,West,42,236821.62,0.03,1,1,5813
2023-01-26,SKU_006,Distributor,North,62,206884.08000000002,0.08,1,0,3627
2023-04-02,SKU_049,D2C,East,43,225760.31999999998,0.04,0,0,5469
2023-03-19,SKU_013,Amazon,West,46,214762.5,0.17,0,0,5625
2023-02-19,SKU_002,Distributor,South,49,116140.78,0.26,1,1,3203
2023-06-19,SKU_040,D2C,North,38,99408.76,0.06,0,0,2783
2023-02-02,SKU_018,Retail,West,48,202625.28,0.01,1,0,4264
2023-03-31,SKU_001,Amazon,North,9,39996.9,0.05,1,0,4678
2023-04-04,SKU_005,Distributor,West,60,274839.0,0.15,0,0,5389
2023-02-02,SKU_010,Flipkart,Central,97,214559.15,0.17,0,1,2665
2023-06-09,SKU_015,Distributor,North,38,163282.96,0.11,1,1,4828
2023-02-11,SKU_021,Amazon,West,57,145281.6,0.28,0,0,3540
2023-02-08,SKU_011,Distributor,Central,67,223150.2,0.22,1,0,4270
2023-01-24,SKU_041,Amazon,North,75,171445.5,0.07,1,1,2458
2023-02-14,SKU_024,Distributor,East,44,79904.0,0.2,0,0,2270
2023-01-01,SKU_017,Amazon,South,13,54381.86,0.26,1,1,5653
2023-03-06,SKU_016,Distributor,North,55,265014.75,0.09,1,1,5295
2023-02-06,SKU_039,D2C,Central,52,76596.0,0.0,1,0,1473
2023-06-11,SKU_019,Retail,West,43,188823.75,0.25,1,1,5855
2023-03-03,SKU_022,Retail,Central,47,55906.5,0.22,0,0,1525
2023-01-20,SKU_020,Distributor,South,52,128271.51999999999,0.17,1,1,2972
2023-03-29,SKU_002,Amazon,East,57,198988.71,0.03,0,0,3599
2023-01-26,SKU_004,Amazon,Central,56,176397.19999999998,0.27,1,0,4315
2023-01-17,SKU_018,Flipkart,Central,45,85787.1,0.11,0,1,2142
2023-04-23,SKU_002,Amazon,Central,57,146529.9,0.05,0,0,2706
2023-06-09,SKU_030,Flipkart,North,44,76453.52,0.18,0,0,2119
2023-02-12,SKU_027,Distributor,Central,62,154379.38,0.03,1,0,2567
2023-02-22,SKU_031,Amazon,East,37,191904.57,0.01,0,0,5239
2023-02-01,SKU_047,Flipkart,East,51,75075.06,0.11,1,1,1654
2023-01-07,SKU_030,Amazon,Central,17,29363.25,0.25,1,0,2303
2023-06-16,SKU_020,D2C,West,42,154667.52,0.16,1,0,4384
2023-04-25,SKU_019,D2C,East,61,236215.79,0.11,0,1,4351
2023-05-15,SKU_022,Flipkart,Central,29,24378.559999999998,0.29,1,0,1184
2023-02-08,SKU_022,Flipkart,South,43,174325.44,0.04,1,1,4223
2023-02-10,SKU_011,Distributor,South,1,3030.87,0.07,0,0,3259
2023-05-02,SKU_023,Amazon,West,22,52920.56,0.29,0,1,3388
2023-02-15,SKU_040,Retail,Central,27,105690.15000000001,0.21,0,1,4955
2023-03-21,SKU_020,D2C,Central,52,81874.0,0.06,1,0,1675
2023-01-25,SKU_022,Retail,North,56,259609.28,0.08,0,1,5039
2023-01-02,SKU_034,D2C,West,48,150178.56,0.26,1,1,4228
2023-01-28,SKU_036,Retail,South,42,74424.0,0.2,1,1,2215
2023-02-04,SKU_007,Retail,Central,42,185672.76,0.02,1,1,4511
2023-06-06,SKU_023,Flipkart,South,64,175548.8,0.15,0,0,3227
2023-01-08,SKU_032,Amazon,Central,54,260547.84,0.16,0,1,5744
2023-03-26,SKU_026,Amazon,North,43,141227.47999999998,0.06,0,1,3494
2023-06-30,SKU_043,Amazon,East,75,74175.75,0.01,1,1,999
2023-03-04,SKU_015,D2C,East,88,386092.08,0.13,1,1,5043
2023-06-13,SKU_043,Distributor,Central,25,117504.0,0.04,0,1,4896
2023-01-08,SKU_027,Amazon,South,60,302290.8,0.02,0,1,5141
2023-02-22,SKU_027,Flipkart,East,111,147655.53,0.13,1,0,1529
2023-01-24,SKU_035,Flipkart,North,55,149157.25,0.27,0,1,3715
2023-05-26,SKU_035,D2C,North,52,110448.0,0.25,0,0,2832
2023-02-05,SKU_036,Flipkart,West,48,156353.28,0.24,1,1,4286
2023-05-25,SKU_024,Distributor,Central,59,238866.22,0.27,1,0,5546
2023-03-10,SKU_048,Retail,East,65,86886.8,0.23,0,1,1736
2023-03-26,SKU_033,Distributor,East,25,34075.0,0.06,1,1,1450
2023-01-29,SKU_048,Distributor,South,49,112839.65000000001,0.21,0,1,2915
2023-03-31,SKU_036,Retail,North,4,10281.92,0.12,0,0,2921
2023-01-03,SKU_023,Flipkart,East,45,64072.35,0.07,0,1,1531
2023-05-15,SKU_010,Retail,Central,31,101835.0,0.25,1,0,4380
2023-04-18,SKU_024,Retail,Central,56,126554.4,0.07,1,1,2430
2023-06-08,SKU_042,Retail,South,16,29745.12,0.07,0,0,1999
2023-06-25,SKU_037,Retail,West,39,75491.52,0.08,1,0,2104
2023-02-03,SKU_043,Amazon,South,69,149126.25,0.05,0,1,2275
2023-03-08,SKU_019,Retail,South,36,132426.72,0.18,0,1,4486
2023-02-13,SKU_034,D2C,East,11,20219.649999999998,0.03,1,1,1895
2023-01-20,SKU_001,Flipkart,Central,55,134661.45,0.11,0,1,2751
2023-06-19,SKU_013,Amazon,East,38,82995.04000000001,0.08,0,0,2374
2023-02-07,SKU_013,Retail,Central,46,235650.64,0.11,1,1,5756
2023-06-10,SKU_023,Retail,East,35,71565.55,0.27,0,0,2801
2023-03-24,SKU_004,D2C,East,89,173655.02,0.02,1,1,1991
2023-03-24,SKU_011,Distributor,Central,18,36162.0,0.02,1,0,2050
2023-06-16,SKU_045,Distributor,South,106,356516.16,0.16,0,0,4004
2023-04-25,SKU_032,Amazon,North,42,56542.92,0.17,0,0,1622
2023-06-10,SKU_050,Flipkart,Central,53,250781.16,0.16,0,0,5633
2023-04-14,SKU_008,Amazon,Central,38,116451.0,0.1,1,1,3405
2023-01-04,SKU_006,D2C,South,37,95391.92,0.26,0,1,3484
2023-05-05,SKU_044,Retail,West,34,53825.4,0.1,1,1,1759
2023-03-10,SKU_034,Flipkart,North,62,47623.44,0.26,1,0,1038
2023-03-13,SKU_016,Amazon,North,21,67869.90000000001,0.19,1,0,3990
2023-03-13,SKU_036,Flipkart,East,57,219051.0,0.16,0,1,4575
2023-06-06,SKU_040,Flipkart,West,6,19330.8,0.11,1,1,3620
2023-06-10,SKU_034,D2C,East,55,189558.6,0.16,1,1,4103
2023-06-14,SKU_003,Distributor,South,66,219023.63999999998,0.29,0,0,4674
2023-04-14,SKU_026,Distributor,South,24,26046.72,0.24,0,1,1428
2023-03-08,SKU_049,Flipkart,North,63,68594.40000000001,0.2,0,1,1361
2023-06-10,SKU_050,Distributor,West,51,132278.7,0.26,1,1,3505
2023-03-16,SKU_036,Amazon,West,81,65002.5,0.25,1,1,1070
2023-02-07,SKU_041,Retail,Central,32,135065.6,0.2,1,1,5276
2023-02-17,SKU_013,D2C,Central,106,400383.19999999995,0.05,0,0,3976
2023-03-11,SKU_011,Retail,South,2,5740.8,0.2,0,1,3588
2023-06-09,SKU_009,Retail,South,43,112460.48,0.12,1,1,2972
2023-01-23,SKU_044,Retail,West,16,27676.0,0.15,0,1,2035
2023-02-10,SKU_045,Flipkart,West,87,295512.02999999997,0.01,0,0,3431
2023-03-19,SKU_018,Retail,Central,44,145481.6,0.2,1,0,4133
2023-05-17,SKU_007,Retail,West,46,175884.68,0.26,0,0,5167
2023-04-13,SKU_003,Distributor,South,58,90830.31999999999,0.06,1,1,1666
2023-05-11,SKU_011,Amazon,South,49,191053.94,0.26,1,1,5269
2023-04-13,SKU_018,Flipkart,South,38,58995.0,0.1,1,0,1725
2023-03-03,SKU_011,D2C,East,24,49204.799999999996,0.15,0,0,2412
2023-04-24,SKU_020,Amazon,East,53,129896.64,0.04,1,1,2553
2023-04-20,SKU_047,Amazon,Central,57,188639.22,0.02,0,1,3377
2023-05-25,SKU_009,Retail,West,63,208599.30000000002,0.22,1,0,4245
2023-02-23,SKU_043,Retail,South,88,188430.0,0.25,1,0,2855
2023-03-01,SKU_043,Amazon,North,6,35790.0,0.0,1,0,5965
2023-02-16,SKU_033,Flipkart,Central,48,36771.840000000004,0.24,1,0,1008
2023-02-05,SKU_033,Amazon,East,73,352227.92,0.12,1,0,5483
2023-02-17,SKU_007,D2C,West,47,165552.8,0.15,0,1,4144
2023-03-13,SKU_047,Retail,West,3,5894.1900000000005,0.21,1,0,2487
2023-03-09,SKU_044,Flipkart,North,24,116407.20000000001,0.18,1,0,5915
2023-06-29,SKU_031,Amazon,North,56,166298.72,0.26,1,0,4013
2023-01-25,SKU_035,Amazon,North,55,134391.4,0.26,1,0,3302
2023-06-08,SKU_028,Amazon,West,63,301916.16,0.04,0,0,4992
2023-02-27,SKU_030,Retail,South,34,50905.82,0.27,1,0,2051
2023-01-31,SKU_036,Distributor,North,55,171106.1,0.21,0,1,3938
2023-02-15,SKU_005,Flipkart,South,31,94689.81000000001,0.19,0,1,3771
2023-04-13,SKU_001,Amazon,West,55,211736.25,0.13,0,0,4425
2023-02-15,SKU_010,D2C,West,51,236242.19999999998,0.05,0,1,4876
2023-02-20,SKU_033,Flipkart,West,33,44055.0,0.0,0,0,1335
2023-01-11,SKU_037,D2C,Central,81,274104.0,0.04,1,1,3525
2023-06-05,SKU_035,Distributor,Central,15,78368.4,0.12,0,1,5937
2023-02-13,SKU_021,Amazon,East,47,215761.96,0.14,0,0,5338
2023-04-25,SKU_025,Distributor,Central,33,140535.45,0.13,0,1,4895
2023-06-26,SKU_020,D2C,West,86,159354.56,0.26,1,0,2504
2023-06-24,SKU_031,Flipkart,North,61,109990.32,0.12,1,0,2049
2023-04-20,SKU_047,D2C,South,37,77304.09999999999,0.15,1,0,2458
2023-06-09,SKU_037,D2C,South,44,157829.75999999998,0.28,0,0,4982
2023-01-07,SKU_029,Retail,West,87,382076.16,0.06,1,1,4672
2023-01-05,SKU_038,D2C,South,31,45726.24,0.16,1,0,1756
2023-06-02,SKU_047,Distributor,North,14,22488.48,0.03,0,0,1656
2023-01-29,SKU_031,Retail,Central,55,89204.5,0.3,0,1,2317
2023-04-03,SKU_037,D2C,North,56,196098.0,0.13,1,1,4025
2023-05-17,SKU_010,Retail,East,63,139841.1,0.02,0,1,2265
2023-03-15,SKU_028,D2C,South,63,133490.69999999998,0.3,0,1,3027
2023-06-09,SKU_016,Retail,Central,85,159406.44999999998,0.27,0,0,2569
2023-03-16,SKU_013,Amazon,North,15,52768.799999999996,0.28,1,0,4886
2023-05-07,SKU_014,Retail,West,25,34072.75,0.27,1,1,1867
2023-02-21,SKU_029,Amazon,North,63,51784.74,0.27,0,1,1126
2023-02-24,SKU_031,Retail,East,27,113490.72,0.16,0,0,5004
2023-03-19,SKU_005,D2C,Central,20,31338.399999999998,0.14,0,0,1822
2023-01-27,SKU_017,Amazon,West,87,362696.04,0.02,1,1,4254
2023-01-18,SKU_044,Amazon,Central,17,74120.34,0.02,0,1,4449
2023-04-20,SKU_004,Retail,South,42,71030.40000000001,0.2,0,0,2114
2023-03-04,SKU_001,Distributor,Central,48,211729.92,0.24,1,1,5804
2023-06-18,SKU_045,Flipkart,Central,76,403060.68,0.01,0,1,5357
2023-05-15,SKU_017,D2C,South,12,14220.0,0.0,1,1,1185
2023-03-19,SKU_014,Flipkart,West,58,76069.9,0.15,0,1,1543
2023-05-10,SKU_017,Flipkart,South,32,105257.6,0.26,1,1,4445
2023-01-10,SKU_009,Amazon,East,62,224360.63999999998,0.16,1,0,4308
2023-04-22,SKU_004,D2C,East,31,150433.08,0.16,0,1,5777
2023-03-03,SKU_021,Flipkart,South,81,306673.29,0.23,1,0,4917
2023-03-27,SKU_042,D2C,West,31,76407.87,0.23,0,0,3201
2023-02-26,SKU_020,Distributor,North,0,0.0,0.18,1,1,3246
2023-03-28,SKU_018,Flipkart,West,34,185423.42,0.09,0,1,5993
2023-05-07,SKU_007,Distributor,Central,44,66401.28,0.28,0,0,2096
2023-03-25,SKU_014,Distributor,Central,71,282628.27999999997,0.17,1,1,4796
2023-03-23,SKU_015,Flipkart,West,24,29952.960000000003,0.18,0,0,1522
2023-02-06,SKU_024,Retail,Central,25,122895.0,0.1,1,1,5462
2023-04-20,SKU_042,Amazon,Central,69,185449.91999999998,0.26,1,1,3632
2023-02-07,SKU_044,D2C,Central,22,109072.26,0.07,0,1,5331
2023-04-22,SKU_025,Retail,South,46,209486.76,0.02,1,0,4647
2023-03-03,SKU_048,Amazon,Central,46,184428.72,0.26,0,1,5418
2023-03-11,SKU_002,Flipkart,East,54,212986.80000000002,0.18,0,1,4810
2023-05-03,SKU_035,Amazon,South,35,140786.8,0.12,1,0,4571
2023-01-17,SKU_010,Distributor,South,31,54560.0,0.12,1,1,2000
2023-05-25,SKU_047,D2C,East,56,190820.0,0.06,0,0,3625
2023-02-01,SKU_041,Flipkart,Central,32,70616.0,0.03,0,1,2275
2023-03-29,SKU_001,D2C,West,22,88513.92,0.12,0,1,4572
2023-03-19,SKU_023,Distributor,Central,74,319798.4,0.2,1,1,5402
2023-04-03,SKU_037,Amazon,West,59,124372.59,0.13,1,0,2423
2023-05-19,SKU_018,Distributor,West,85,145222.5,0.25,1,0,2278
2023-03-22,SKU_039,Retail,South,65,211281.2,0.18,1,1,3964
2023-03-19,SKU_040,Flipkart,South,24,36240.0,0.0,1,0,1510
2023-02-03,SKU_032,D2C,East,51,194861.82,0.27,0,0,5234
2023-05-19,SKU_002,Flipkart,North,29,37147.549999999996,0.15,0,0,1507
2023-03-20,SKU_032,Retail,Central,16,43218.56,0.23,0,0,3508
2023-01-15,SKU_015,Flipkart,Central,41,53342.64,0.22,0,0,1668
2023-06-21,SKU_032,Flipkart,West,69,77873.4,0.01,0,0,1140
2023-04-05,SKU_028,Distributor,East,55,182090.15,0.29,1,0,4663
2023-03-05,SKU_004,D2C,South,22,107606.4,0.04,0,1,5095
2023-06-05,SKU_045,Distributor,East,40,160412.0,0.3,0,0,5729
2023-01-15,SKU_006,D2C,South,47,156015.09,0.01,1,0,3353
2023-06-20,SKU_015,Distributor,East,16,72969.28,0.14,1,0,5303
2023-04-12,SKU_028,Distributor,East,64,338821.12,0.06,0,0,5632
2023-05-31,SKU_016,Amazon,Central,45,155077.65,0.09,1,0,3787
2023-04-22,SKU_037,D2C,West,22,34236.84,0.26,1,0,2103
2023-01-01,SKU_032,D2C,South,21,54311.04,0.28,0,1,3592
2023-06-27,SKU_033,Amazon,Central,72,157091.75999999998,0.29,0,0,3073
2023-05-03,SKU_049,Flipkart,South,42,108293.64,0.06,1,0,2743
2023-01-13,SKU_029,Amazon,North,73,220281.88,0.09,1,0,3316
2023-03-30,SKU_018,Distributor,Central,81,331916.13,0.21,1,0,5187
2023-05-07,SKU_007,Distributor,West,70,319038.3,0.11,0,0,5121
2023-02-06,SKU_040,Flipkart,East,39,110409.0,0.24,1,0,3725
2023-03-06,SKU_027,D2C,South,0,0.0,0.27,1,0,3289
2023-01-08,SKU_017,Amazon,East,56,108357.76,0.24,0,1,2546
2023-02-05,SKU_008,D2C,West,91,259615.72,0.08,1,0,3101
2023-02-09,SKU_042,Amazon,West,49,181621.44,0.22,1,1,4752
2023-06-04,SKU_049,Amazon,North,10,55404.0,0.05,1,1,5832
2023-06-11,SKU_041,Amazon,East,36,83892.96,0.08,1,0,2533
2023-01-07,SKU_025,Retail,East,46,138868.48,0.11,1,0,3392
2023-01-15,SKU_022,Retail,Central,28,99310.95999999999,0.26,1,0,4793
2023-05-01,SKU_016,Flipkart,East,0,0.0,0.07,1,0,4697
2023-04-03,SKU_008,D2C,West,48,124340.64,0.17,0,0,3121
2023-03-29,SKU_031,Retail,Central,34,191723.28,0.02,1,0,5754
2023-06-18,SKU_019,Flipkart,West,85,290700.0,0.24,0,0,4500
2023-05-28,SKU_007,D2C,South,52,238146.48,0.01,1,1,4626
2023-05-09,SKU_029,Distributor,West,59,209171.52,0.28,1,1,4924
2023-05-07,SKU_040,Retail,West,47,128885.28,0.13,0,1,3152
2023-02-28,SKU_039,Distributor,East,51,147632.76,0.14,0,0,3366
2023-02-22,SKU_014,Flipkart,Central,16,20971.2,0.15,0,0,1542
2023-02-23,SKU_020,Amazon,East,29,92585.4,0.15,1,0,3756
2023-01-30,SKU_010,Retail,East,71,282991.8,0.22,1,0,5110
2023-05-20,SKU_040,Retail,South,54,164115.72,0.26,0,1,4107
2023-03-02,SKU_022,D2C,North,42,197813.69999999998,0.15,1,0,5541
2023-01-01,SKU_044,Flipkart,South,59,303838.2,0.1,1,0,5722
2023-06-27,SKU_007,Retail,West,60,57579.0,0.15,1,0,1129
2023-05-16,SKU_005,Amazon,West,89,116382.63,0.09,1,0,1437
2023-04-09,SKU_045,Distributor,West,53,86597.76,0.04,1,0,1702
2023-06-21,SKU_027,Distributor,North,28,31388.0,0.24,0,1,1475
2023-06-26,SKU_006,Retail,East,47,136093.2,0.24,0,0,3810
2023-05-29,SKU_010,Retail,South,62,139073.44,0.12,1,1,2549
2023-02-24,SKU_038,Distributor,South,69,84954.87,0.23,1,1,1599
2023-05-27,SKU_015,Retail,East,17,57146.01,0.11,0,0,3777
2023-06-07,SKU_021,Flipkart,West,55,165884.4,0.29,1,0,4248
2023-05-25,SKU_015,Retail,East,32,59615.36,0.02,1,0,1901
2023-01-18,SKU_038,Retail,East,38,79882.84,0.11,0,0,2362
2023-02-22,SKU_039,Retail,East,66,310657.38,0.17,0,0,5671
2023-03-24,SKU_028,Distributor,North,64,309703.68,0.12,0,1,5499
2023-03-25,SKU_030,D2C,South,36,179953.91999999998,0.04,1,0,5207
2023-03-19,SKU_025,Distributor,East,46,199228.3,0.03,1,0,4465
2023-04-25,SKU_002,Distributor,East,39,130670.28000000001,0.18,1,1,4086
2023-03-26,SKU_024,Distributor,South,107,244874.84999999998,0.05,0,1,2409
2023-02-04,SKU_040,Distributor,Central,55,182316.75,0.23,1,0,4305
2023-06-14,SKU_022,Flipkart,West,33,103173.84,0.16,1,0,3722
2023-05-22,SKU_033,D2C,Central,76,185294.08000000002,0.24,1,0,3208
2023-06-07,SKU_033,Amazon,West,77,117523.56000000001,0.08,0,0,1659
2023-03-13,SKU_045,Flipkart,East,85,348923.3,0.06,1,1,4367
2023-04-28,SKU_014,D2C,East,91,254304.96,0.04,1,1,2911
2023-03-27,SKU_012,Flipkart,Central,64,263204.48,0.23,0,0,5341
2023-03-01,SKU_029,D2C,South,43,163424.50999999998,0.17,1,1,4579
2023-01-28,SKU_016,D2C,East,45,109683.0,0.3,0,1,3482
2023-02-20,SKU_020,Flipkart,East,44,137709.0,0.25,0,0,4173
2023-05-30,SKU_046,Retail,West,41,198224.75,0.17,0,1,5825
2023-01-27,SKU_017,Amazon,West,74,313594.24,0.24,0,1,5576
2023-04-23,SKU_015,D2C,West,50,254718.0,0.11,1,0,5724
2023-01-08,SKU_015,D2C,South,69,262517.39999999997,0.15,0,1,4476
2023-04-29,SKU_038,Distributor,South,63,106964.55,0.23,1,1,2205
2023-03-09,SKU_011,Amazon,South,28,98222.88,0.18,1,1,4278
2023-01-08,SKU_004,Amazon,East,15,35430.9,0.11,1,1,2654
2023-01-05,SKU_023,D2C,East,25,36974.0,0.24,1,0,1946
2023-03-29,SKU_016,Amazon,North,41,51487.39,0.11,1,0,1411
2023-05-10,SKU_008,D2C,West,52,182943.8,0.15,1,0,4139
2023-01-30,SKU_021,Amazon,South,37,118518.40000000001,0.09,1,0,3520
2023-05-10,SKU_020,Retail,West,64,105177.6,0.1,1,1,1826
2023-04-07,SKU_005,Flipkart,South,39,101779.86,0.02,0,1,2663
2023-05-24,SKU_006,Retail,Central,55,283176.3,0.13,0,0,5918
2023-06-15,SKU_024,Distributor,South,52,110173.44,0.04,1,0,2207
2023-04-09,SKU_015,D2C,East,84,328338.36,0.07,1,0,4203
2023-01-16,SKU_031,D2C,South,30,51733.2,0.24,1,0,2269
2023-06-11,SKU_029,Distributor,West,94,155382.0,0.0,1,0,1653
2023-02-03,SKU_037,D2C,Central,38,95161.12000000001,0.08,1,1,2722
2023-06-12,SKU_003,D2C,Central,23,64062.59,0.29,0,0,3923
2023-02-15,SKU_042,D2C,South,45,201386.25,0.19,0,0,5525
2023-04-26,SKU_036,Distributor,East,114,405803.51999999996,0.04,1,0,3708
2023-06-12,SKU_045,Flipkart,East,67,250933.76,0.12,0,0,4256
2023-02-07,SKU_042,Flipkart,Central,62,99603.0,0.1,1,0,1785
2023-03-28,SKU_042,Retail,Central,65,143340.6,0.08,0,1,2397
2023-06-02,SKU_035,Distributor,South,34,70278.0,0.25,1,0,2756
2023-03-04,SKU_028,D2C,West,56,183634.08000000002,0.18,0,0,3999
2023-06-20,SKU_043,Amazon,West,50,101570.0,0.3,1,0,2902
2023-05-20,SKU_004,D2C,Central,86,408674.58,0.03,1,0,4899
2023-03-29,SKU_003,Distributor,Central,47,155618.88,0.04,1,1,3449
2023-01-25,SKU_022,Distributor,Central,42,76756.68,0.01,0,0,1846
2023-02-18,SKU_029,D2C,North,26,29549.52,0.18,0,1,1386
2023-01-10,SKU_002,Retail,North,52,93169.44,0.21,0,0,2268
2023-03-22,SKU_004,Amazon,South,55,58396.8,0.21,1,0,1344
2023-02-23,SKU_003,Retail,East,25,45633.0,0.18,0,0,2226
2023-06-21,SKU_041,Amazon,West,59,51212.0,0.2,1,1,1085
2023-04-30,SKU_005,Distributor,South,54,130271.76000000001,0.18,1,1,2942
2023-02-15,SKU_028,Distributor,North,70,298242.0,0.1,1,1,4734
2023-02-06,SKU_025,Flipkart,Central,74,80219.7,0.27,1,1,1485
2023-01-12,SKU_018,Amazon,South,51,180796.53,0.29,1,0,4993
2023-06-02,SKU_035,Distributor,Central,29,130404.3,0.22,0,1,5765
2023-01-06,SKU_026,Retail,Central,33,110325.59999999999,0.3,0,1,4776
2023-06-28,SKU_046,Flipkart,South,85,437841.80000000005,0.08,0,0,5599
2023-05-21,SKU_039,Flipkart,Central,53,194878.88,0.02,0,0,3752
2023-06-05,SKU_043,Distributor,North,84,265858.32,0.26,0,1,4277
2023-01-07,SKU_050,D2C,South,59,331710.39,0.01,0,0,5679
2023-02-13,SKU_027,Distributor,East,65,328892.85,0.01,1,1,5111
2023-04-14,SKU_012,Retail,North,68,89474.4,0.15,1,1,1548
2023-01-03,SKU_041,Amazon,South,25,105938.0,0.08,0,0,4606
2023-05-13,SKU_037,Flipkart,Central,56,176610.0,0.25,1,0,4205
2023-04-13,SKU_025,Distributor,Central,25,106689.5,0.21,0,1,5402
2023-02-16,SKU_021,Flipkart,North,44,81576.0,0.25,0,1,2472
2023-02-22,SKU_040,Retail,South,62,190777.09999999998,0.05,0,1,3239
2023-05-24,SKU_044,Amazon,Central,29,50642.41,0.09,0,0,1919
2023-06-19,SKU_019,Amazon,West,61,327643.2,0.04,1,1,5595
2023-06-02,SKU_023,Distributor,Central,20,49931.6,0.14,1,0,2903
2023-03-26,SKU_020,Amazon,Central,72,291392.64,0.12,1,0,4599
2023-04-30,SKU_045,Flipkart,Central,36,50852.880000000005,0.22,1,0,1811
2023-04-23,SKU_034,D2C,South,29,75275.88,0.03,0,0,2676
2023-04-13,SKU_028,Flipkart,South,21,70742.7,0.05,1,0,3546
2023-06-13,SKU_015,Retail,North,38,96170.4,0.26,1,1,3420
2023-05-10,SKU_049,D2C,Central,11,46307.36,0.17,1,0,5072
2023-04-02,SKU_026,D2C,East,39,128879.40000000001,0.18,0,0,4030
2023-02-27,SKU_031,D2C,North,71,335730.60000000003,0.1,1,0,5254
2023-01-28,SKU_001,Flipkart,South,46,162841.84,0.06,1,0,3766
2023-06-21,SKU_004,D2C,North,26,75006.36,0.06,0,1,3069
2023-01-15,SKU_041,Retail,East,54,72435.6,0.24,0,0,1765
2023-01-23,SKU_020,Distributor,South,52,134227.08,0.13,1,1,2967
2023-01-28,SKU_023,Distributor,East,89,367334.14999999997,0.03,0,0,4255
2023-03-18,SKU_046,Retail,East,65,220545.0,0.13,1,1,3900
2023-02-05,SKU_019,Amazon,Central,56,178124.8,0.29,1,0,4480
2023-01-23,SKU_034,Amazon,Central,68,253880.72,0.21,0,0,4726
2023-04-04,SKU_040,Flipkart,South,47,41335.56,0.16,1,1,1047
2023-04-04,SKU_026,Flipkart,North,48,109800.0,0.25,1,0,3050
2023-06-11,SKU_017,D2C,West,83,85008.6,0.1,0,1,1138
2023-01-13,SKU_023,Retail,Central,17,63478.68,0.13,1,1,4292
2023-04-30,SKU_025,D2C,South,69,207115.91999999998,0.28,1,0,4169
2023-02-18,SKU_017,D2C,North,47,177287.75999999998,0.07,0,1,4056
2023-01-20,SKU_024,Flipkart,South,44,167613.6,0.16,1,1,4535
2023-03-15,SKU_001,Flipkart,West,38,186464.47999999998,0.17,1,0,5912
2023-04-21,SKU_029,Flipkart,West,53,218591.08000000002,0.08,1,1,4483
2023-06-24,SKU_031,Distributor,South,49,275669.1,0.06,0,0,5985
2023-01-13,SKU_039,Distributor,East,41,46708.840000000004,0.24,1,1,1499
2023-04-12,SKU_018,D2C,East,35,59413.2,0.12,1,1,1929
2023-01-24,SKU_014,D2C,East,11,16786.0,0.0,0,1,1526
2023-03-04,SKU_001,Distributor,North,35,130222.4,0.12,0,1,4228
2023-04-01,SKU_023,Distributor,East,39,127157.94,0.02,0,0,3327
2023-03-11,SKU_036,D2C,West,53,118978.64,0.12,1,1,2551
2023-02-07,SKU_001,D2C,North,89,456570.0,0.05,0,0,5400
2023-05-13,SKU_009,Retail,West,37,78611.68,0.02,0,1,2168
2023-05-06,SKU_017,D2C,North,29,68875.0,0.05,0,0,2500
2023-05-22,SKU_008,Amazon,East,35,40367.25,0.01,1,0,1165
2023-06-11,SKU_041,D2C,North,53,163251.66,0.22,0,1,3949
2023-04-03,SKU_029,Distributor,South,61,150450.4,0.2,0,0,3083
2023-06-17,SKU_004,D2C,West,64,224839.68000000002,0.22,0,1,4504
2023-02-05,SKU_001,Amazon,North,66,65043.0,0.1,1,0,1095
2023-02-23,SKU_013,Retail,North,69,367259.4,0.1,0,0,5914
2023-01-27,SKU_048,Flipkart,South,44,46651.44,0.18,0,1,1293
2023-05-01,SKU_018,Distributor,North,91,226154.11000000002,0.09,0,1,2731
2023-06-18,SKU_031,Distributor,West,42,76096.02,0.23,0,1,2353
2023-01-28,SKU_020,D2C,East,52,143142.48,0.18,1,1,3357
2023-04-29,SKU_015,Amazon,East,75,188203.5,0.19,1,0,3098
2023-01-17,SKU_038,Amazon,East,61,243924.36,0.06,0,0,4254
2023-04-15,SKU_037,Distributor,East,5,9150.0,0.25,0,1,2440
2023-02-03,SKU_022,Flipkart,North,50,181643.0,0.02,1,1,3707
2023-06-19,SKU_035,Distributor,East,67,146955.12,0.22,0,0,2812
2023-01-07,SKU_031,D2C,East,23,51417.42,0.26,0,1,3021
2023-04-30,SKU_043,Retail,East,65,118164.8,0.24,0,0,2392
2023-02-01,SKU_011,Amazon,Central,57,188127.36,0.04,1,1,3438
2023-05-11,SKU_037,D2C,Central,73,86559.75,0.15,0,0,1395
2023-04-25,SKU_029,D2C,West,36,148662.72,0.18,1,0,5036
2023-04-10,SKU_031,Flipkart,West,69,171706.5,0.1,1,0,2765
2023-05-02,SKU_003,Flipkart,West,53,232260.84,0.16,1,0,5217
2023-01-11,SKU_035,Flipkart,West,85,431766.0,0.15,1,1,5976
2023-04-09,SKU_014,D2C,Central,105,459043.2,0.01,0,0,4416
2023-03-07,SKU_024,Amazon,North,80,94795.2,0.13,0,0,1362
2023-01-01,SKU_007,Retail,Central,59,163453.6,0.2,0,1,3463
2023-03-10,SKU_007,Distributor,East,96,148786.56,0.22,0,1,1987
2023-02-03,SKU_040,Retail,South,62,57425.64,0.14,0,1,1077
2023-02-03,SKU_030,Distributor,Central,31,148282.91999999998,0.14,0,1,5562
2023-02-01,SKU_009,Distributor,Central,49,94325.0,0.3,0,0,2750
2023-04-09,SKU_035,Amazon,West,65,56124.9,0.22,0,1,1107
2023-03-24,SKU_030,Amazon,Central,66,163350.0,0.25,0,1,3300
2023-06-19,SKU_035,Amazon,North,27,97108.2,0.02,0,0,3670
2023-02-22,SKU_038,Amazon,Central,28,110901.28,0.17,0,0,4772
2023-03-22,SKU_008,Flipkart,Central,43,103034.88,0.22,0,1,3072
2023-05-18,SKU_024,D2C,West,60,276240.0,0.2,1,1,5755
2023-03-16,SKU_020,D2C,South,63,266464.8,0.15,1,0,4976
2023-03-12,SKU_023,Retail,East,52,186251.52000000002,0.22,0,1,4592
2023-02-07,SKU_026,D2C,Central,33,115777.53,0.17,0,0,4227
2023-03-24,SKU_041,D2C,South,84,325575.6,0.02,0,1,3955
2023-01-08,SKU_026,D2C,North,28,38754.24,0.27,1,0,1896
2023-04-06,SKU_031,Amazon,East,76,411074.87999999995,0.07,0,0,5816
2023-06-22,SKU_034,D2C,South,64,200106.24000000002,0.18,1,0,3813
2023-06-17,SKU_009,Distributor,South,75,226446.0,0.12,1,0,3431
2023-06-22,SKU_049,D2C,East,41,210836.34999999998,0.05,0,0,5413
2023-03-23,SKU_047,Amazon,East,47,102552.12,0.01,1,0,2204
2023-02-13,SKU_046,Amazon,South,51,158734.44,0.26,0,0,4206
2023-05-30,SKU_014,D2C,East,40,44774.4,0.04,0,1,1166
2023-03-18,SKU_006,Retail,South,54,81238.68,0.26,1,1,2033
2023-04-04,SKU_015,Flipkart,South,81,185958.18,0.17,0,1,2766
2023-05-16,SKU_006,Amazon,South,24,76407.36,0.29,1,0,4484
2023-02-24,SKU_004,Amazon,South,36,152286.47999999998,0.29,0,0,5958
2023-06-15,SKU_001,D2C,Central,34,141499.5,0.25,0,1,5549
2023-02-02,SKU_018,Distributor,South,48,245829.59999999998,0.05,1,0,5391
2023-01-26,SKU_035,Flipkart,South,47,166911.1,0.15,1,1,4178
2023-06-06,SKU_021,Distributor,Central,65,167544.0,0.04,0,0,2685
2023-02-14,SKU_027,Retail,North,50,296455.5,0.01,0,0,5989
2023-01-11,SKU_046,Amazon,West,56,108416.0,0.0,1,0,1936
2023-03-11,SKU_035,Retail,Central,57,59824.92,0.24,1,0,1381
2023-06-01,SKU_024,Distributor,South,54,137687.04,0.04,1,0,2656
2023-02-24,SKU_010,Retail,East,64,275635.2,0.03,1,1,4440
2023-06-10,SKU_046,D2C,Central,47,100768.0,0.2,1,0,2680
2023-05-31,SKU_013,Amazon,South,82,289048.36,0.03,1,1,3634
2023-01-17,SKU_025,Amazon,Central,100,226980.0,0.22,0,0,2910
2023-06-22,SKU_049,Retail,West,64,135640.96,0.09,0,1,2329
2023-03-02,SKU_043,Flipkart,West,54,170852.76,0.14,0,1,3679
2023-01-17,SKU_046,Flipkart,West,62,232306.56,0.28,1,1,5204
2023-02-08,SKU_018,Flipkart,South,27,98002.98,0.03,0,0,3742
2023-01-28,SKU_029,Flipkart,North,53,136551.32,0.18,1,1,3142
2023-03-10,SKU_047,Flipkart,West,35,150941.69999999998,0.03,0,1,4446
2023-02-08,SKU_043,Flipkart,West,60,111172.8,0.24,1,1,2438
2023-03-07,SKU_047,Distributor,South,35,122892.0,0.16,1,0,4180
2023-02-16,SKU_049,Amazon,North,43,39315.76,0.12,0,0,1039
2023-04-03,SKU_013,Amazon,East,12,60666.84,0.13,1,0,5811
2023-05-16,SKU_035,Distributor,North,26,44502.12,0.26,1,1,2313
2023-06-23,SKU_040,Flipkart,East,57,168357.48,0.18,0,0,3602
2023-02-15,SKU_030,Distributor,North,32,163521.6,0.05,0,0,5379
2023-04-29,SKU_038,Flipkart,Central,71,261223.2,0.1,1,1,4088
2023-04-05,SKU_005,Retail,West,30,86370.90000000001,0.23,0,0,3739
2023-01-22,SKU_033,Retail,South,59,266333.67000000004,0.19,1,0,5573
2023-04-14,SKU_011,Amazon,South,34,140828.0,0.0,0,0,4142
2023-03-16,SKU_020,D2C,South,57,148515.78,0.26,0,1,3521
2023-02-03,SKU_007,Retail,West,19,35553.18,0.22,1,1,2399
2023-01-28,SKU_036,D2C,Central,40,127296.0,0.1,1,0,3536
2023-04-16,SKU_049,Retail,West,33,154304.69999999998,0.05,0,1,4922
2023-03-29,SKU_039,D2C,Central,67,241351.42,0.18,1,0,4393
2023-02-07,SKU_017,Retail,North,59,246012.30000000002,0.18,0,1,5085
2023-02-22,SKU_005,Flipkart,West,25,70755.0,0.11,0,0,3180
2023-05-05,SKU_020,Amazon,Central,45,156208.5,0.1,1,1,3857
2023-04-04,SKU_021,Amazon,Central,34,185892.28,0.02,1,0,5579
2023-05-20,SKU_044,Amazon,North,69,85605.54000000001,0.11,0,1,1394
2023-04-21,SKU_031,Flipkart,South,75,341880.0,0.12,1,1,5180
2023-01-25,SKU_024,Retail,North,21,29346.24,0.12,1,0,1588
2023-03-23,SKU_018,Flipkart,West,66,225244.80000000002,0.21,0,1,4320
2023-06-15,SKU_049,Flipkart,Central,33,127363.5,0.17,0,0,4650
2023-06-20,SKU_007,D2C,North,44,73977.2,0.14,0,1,1955
2023-05-29,SKU_013,Retail,East,50,139800.0,0.2,0,0,3495
2023-06-01,SKU_016,Distributor,North,86,206811.08000000002,0.11,1,1,2702
2023-05-23,SKU_013,D2C,East,29,74322.36,0.19,1,0,3164
2023-02-09,SKU_005,Distributor,North,66,128890.08,0.21,1,1,2472
2023-04-10,SKU_046,Flipkart,West,26,55147.56,0.13,1,0,2438
2023-06-20,SKU_021,Amazon,North,25,100553.75,0.29,0,0,5665
2023-05-14,SKU_039,Amazon,West,50,130400.0,0.0,0,0,2608
2023-04-06,SKU_020,Flipkart,North,50,151914.0,0.16,0,0,3617
2023-02-10,SKU_032,Flipkart,North,0,0.0,0.23,0,0,4946
2023-02-28,SKU_033,Amazon,South,73,282539.2,0.2,1,0,4838
2023-01-21,SKU_043,D2C,North,7,35945.0,0.0,0,0,5135
2023-01-30,SKU_006,Retail,West,47,86395.40000000001,0.09,1,0,2020
2023-06-03,SKU_030,D2C,South,76,236506.68,0.29,1,1,4383
2023-03-09,SKU_024,Amazon,South,94,274326.78,0.09,0,1,3207
2023-04-06,SKU_030,Distributor,West,42,118726.44,0.14,1,0,3287
2023-04-27,SKU_027,Retail,West,21,18683.28,0.12,0,0,1011
2023-02-06,SKU_019,D2C,East,75,330295.5,0.13,1,0,5062
2023-02-03,SKU_040,D2C,North,67,197673.45,0.11,0,0,3315
2023-05-30,SKU_031,D2C,North,40,72395.6,0.21,1,1,2291
2023-06-11,SKU_046,D2C,North,37,131013.3,0.13,0,1,4070
2023-02-11,SKU_041,Flipkart,Central,35,76401.5,0.17,1,1,2630
2023-05-07,SKU_013,Flipkart,West,43,155316.0,0.3,0,0,5160
2023-04-10,SKU_045,Distributor,Central,56,75216.96,0.22,1,0,1722
2023-05-14,SKU_048,Distributor,South,38,168740.52000000002,0.22,0,0,5693
2023-03-08,SKU_028,Retail,East,41,109502.8,0.12,1,0,3035
2023-06-26,SKU_029,Distributor,Central,62,224048.16,0.16,0,1,4302
2023-04-14,SKU_039,Amazon,West,20,110515.2,0.04,0,0,5756
2023-03-14,SKU_024,Retail,East,42,140232.12,0.02,1,0,3407
2023-01-13,SKU_021,Flipkart,South,16,33891.2,0.15,0,1,2492
2023-05-29,SKU_030,Amazon,Central,52,262268.76,0.11,0,0,5667
2023-01-08,SKU_019,Retail,North,11,37066.15,0.05,0,1,3547
2023-02-24,SKU_012,Distributor,Central,67,242904.47999999998,0.16,0,0,4316
2023-01-29,SKU_013,Distributor,East,23,25131.87,0.29,0,1,1539
2023-06-19,SKU_042,Retail,South,14,28496.44,0.02,1,1,2077
2023-02-27,SKU_042,Amazon,Central,42,229137.72,0.02,1,0,5567
2023-03-31,SKU_025,Amazon,North,84,162074.64,0.18,1,0,2353
2023-05-18,SKU_030,Retail,South,64,314325.12,0.07,1,1,5281
2023-06-05,SKU_002,Amazon,West,11,44763.84,0.04,1,0,4239
2023-03-19,SKU_020,Retail,East,23,34131.08,0.08,1,1,1613
2023-03-20,SKU_004,Amazon,South,42,178295.03999999998,0.28,0,1,5896
2023-03-19,SKU_002,D2C,North,94,140943.6,0.16,1,1,1785
2023-01-09,SKU_028,Retail,South,31,90053.76,0.11,0,1,3264
2023-03-01,SKU_012,Retail,South,31,101269.56,0.16,1,1,3889
2023-06-09,SKU_042,Amazon,North,80,153536.0,0.2,0,0,2399
2023-03-12,SKU_031,Amazon,Central,53,209034.65,0.29,1,1,5555
2023-06-14,SKU_013,Amazon,South,71,229117.0,0.3,1,0,4610
2023-03-21,SKU_046,Distributor,Central,35,204599.5,0.02,0,1,5965
2023-03-07,SKU_033,Distributor,South,47,126112.28,0.26,1,0,3626
2023-03-05,SKU_020,Distributor,East,76,328441.6,0.27,0,0,5920
2023-05-26,SKU_024,Distributor,South,47,170589.32,0.27,1,1,4972
2023-05-29,SKU_046,D2C,North,72,188373.6,0.1,0,1,2907
2023-05-31,SKU_048,Flipkart,South,57,154748.16,0.04,0,1,2828
2023-04-01,SKU_044,Retail,South,29,43437.94,0.09,1,0,1646
2023-01-12,SKU_021,D2C,North,49,143820.88,0.24,0,0,3862
2023-06-12,SKU_047,Amazon,North,69,74896.05,0.15,0,1,1277
2023-04-02,SKU_004,D2C,Central,63,272145.51,0.09,0,1,4747
2023-01-14,SKU_027,D2C,South,49,265205.64,0.08,0,0,5883
2023-04-21,SKU_028,Distributor,West,12,24998.760000000002,0.21,0,1,2637
2023-06-12,SKU_007,Amazon,North,14,30359.420000000002,0.09,1,1,2383
2023-05-26,SKU_045,Distributor,South,18,69337.79999999999,0.3,1,1,5503
2023-05-13,SKU_028,Amazon,North,39,151571.55,0.05,0,1,4091
2023-01-25,SKU_025,D2C,East,42,219011.09999999998,0.05,1,1,5489
2023-06-26,SKU_033,Retail,West,20,45619.2,0.04,0,0,2376
2023-03-17,SKU_036,Retail,East,70,201483.8,0.29,0,1,4054
2023-06-25,SKU_041,Flipkart,West,24,101798.40000000001,0.2,1,0,5302
2023-01-26,SKU_010,Distributor,West,22,110920.7,0.11,1,0,5665
2023-01-29,SKU_038,Distributor,Central,51,188985.6,0.2,1,1,4632
2023-01-13,SKU_016,D2C,North,69,297740.52,0.23,1,1,5604
2023-06-17,SKU_032,Distributor,North,91,263883.62,0.23,1,0,3766
2023-03-08,SKU_047,D2C,North,61,301957.32,0.16,0,0,5893
2023-04-08,SKU_032,Retail,North,81,230364.0,0.25,1,1,3792
2023-04-27,SKU_032,Flipkart,West,25,73020.0,0.2,0,0,3651
2023-05-20,SKU_043,Retail,East,93,374827.2,0.12,0,1,4580
2023-05-02,SKU_027,Retail,West,12,47987.28,0.27,1,1,5478
2023-01-08,SKU_023,Distributor,South,39,43735.77,0.13,0,0,1289
2023-02-26,SKU_007,Amazon,Central,61,91591.5,0.23,1,0,1950
2023-02-19,SKU_014,Amazon,Central,17,56169.36,0.28,1,0,4589
2023-06-19,SKU_007,Retail,South,31,64611.75,0.25,1,0,2779
2023-05-17,SKU_050,Amazon,North,28,132048.0,0.1,0,1,5240
2023-04-02,SKU_033,Flipkart,South,43,253887.48,0.01,0,1,5964
2023-02-23,SKU_007,Flipkart,South,78,167317.8,0.05,0,0,2258
2023-04-01,SKU_027,Amazon,East,50,81625.5,0.01,0,0,1649
2023-04-08,SKU_032,Retail,West,40,99017.2,0.27,0,0,3391
2023-01-12,SKU_047,Retail,South,0,0.0,0.03,0,1,2599
2023-02-17,SKU_045,Amazon,South,59,241194.36000000002,0.24,1,0,5379
2023-06-03,SKU_010,Retail,South,65,212345.25,0.13,0,1,3755
2023-01-27,SKU_006,Flipkart,North,15,48611.25,0.25,1,0,4321
2023-04-26,SKU_011,Distributor,South,48,232369.92,0.08,0,0,5262
2023-01-29,SKU_046,Distributor,East,53,105776.34,0.26,0,0,2697
2023-05-11,SKU_041,Flipkart,West,69,59473.86,0.29,1,1,1214
2023-05-09,SKU_010,Retail,Central,35,149744.0,0.2,1,0,5348
2023-03-06,SKU_045,D2C,South,32,134703.36,0.01,1,1,4252
2023-04-01,SKU_050,Flipkart,West,40,42330.0,0.25,1,1,1411
2023-03-07,SKU_050,Amazon,South,75,246429.75,0.27,0,0,4501
2023-01-14,SKU_005,Distributor,South,70,126676.9,0.27,0,0,2479
2023-05-16,SKU_042,Retail,Central,49,47210.52,0.07,1,0,1036
2023-02-02,SKU_004,Distributor,South,70,193720.1,0.27,0,1,3791
2023-06-03,SKU_037,Flipkart,West,2,3119.52,0.03,0,1,1608
2023-04-14,SKU_011,Retail,Central,65,299832.0,0.2,1,1,5766
2023-05-05,SKU_040,Amazon,North,27,129352.95,0.05,1,1,5043
2023-02-01,SKU_026,Distributor,East,85,123477.8,0.08,0,1,1579
2023-03-27,SKU_009,Distributor,West,28,54051.2,0.24,0,1,2540
2023-05-10,SKU_004,Amazon,East,32,141163.52000000002,0.21,1,0,5584
2023-01-27,SKU_007,Amazon,East,61,135923.86,0.14,1,1,2591
2023-05-07,SKU_018,Retail,North,63,204120.0,0.19,1,1,4000
2023-01-25,SKU_024,Distributor,East,41,139695.2,0.2,1,0,4259
2023-03-12,SKU_049,Amazon,North,57,136354.26,0.02,0,1,2441
2023-04-30,SKU_035,Retail,North,59,269087.2,0.2,1,0,5701
2023-05-26,SKU_038,D2C,West,57,157388.4,0.28,0,0,3835
2023-01-15,SKU_014,D2C,South,41,134419.32,0.16,1,0,3903
2023-06-30,SKU_043,Flipkart,North,60,82040.40000000001,0.22,0,0,1753
2023-03-22,SKU_005,Distributor,West,78,290472.0,0.2,0,0,4655
2023-06-20,SKU_010,Distributor,South,25,132382.5,0.05,0,1,5574
2023-05-13,SKU_008,Flipkart,Central,33,81561.48,0.03,0,0,2548
2023-01-31,SKU_026,Amazon,West,50,93093.0,0.07,1,0,2002
2023-05-14,SKU_040,Flipkart,Central,28,120543.92,0.02,1,1,4393
2023-06-27,SKU_031,D2C,North,13,19475.82,0.13,0,0,1722
2023-02-24,SKU_017,D2C,North,71,159617.94,0.11,1,1,2526
2023-01-05,SKU_020,Retail,North,5,23921.8,0.02,0,1,4882
2023-06-01,SKU_028,Amazon,West,41,233290.82,0.03,1,0,5866
2023-06-03,SKU_047,Retail,Central,65,251979.0,0.09,0,1,4260
2023-06-27,SKU_045,Distributor,South,55,160353.6,0.04,0,1,3037
2023-04-14,SKU_040,Flipkart,West,42,187144.02000000002,0.19,0,1,5501
2023-01-03,SKU_034,Retail,West,28,147462.56,0.02,1,0,5374
2023-06-09,SKU_017,Retail,Central,56,218148.0,0.3,1,1,5565
2023-02-22,SKU_001,Distributor,South,30,130302.0,0.05,1,0,4572
2023-04-29,SKU_033,Retail,South,55,74124.05,0.09,0,0,1481
2023-04-18,SKU_024,Flipkart,Central,52,289380.0,0.0,1,0,5565
2023-01-12,SKU_035,Flipkart,Central,53,103609.17,0.13,1,0,2247
2023-05-22,SKU_002,D2C,East,37,193500.75,0.05,1,1,5505
2023-04-14,SKU_045,D2C,East,90,321426.0,0.3,0,0,5102
2023-01-17,SKU_045,Distributor,East,57,45854.22,0.27,0,1,1102
2023-02-02,SKU_011,Flipkart,East,44,43956.0,0.26,1,1,1350
2023-04-19,SKU_013,Amazon,North,55,137429.6,0.03,0,0,2576
2023-06-16,SKU_044,Distributor,Central,34,113477.04,0.27,1,1,4572
2023-01-27,SKU_047,D2C,East,42,98402.22,0.13,0,0,2693
2023-05-05,SKU_049,Retail,West,97,375412.31,0.09,0,0,4253
2023-01-07,SKU_014,Distributor,North,34,95842.59999999999,0.3,1,1,4027
2023-01-26,SKU_007,Amazon,North,48,112364.16,0.14,0,0,2722
2023-01-01,SKU_002,Distributor,Central,40,171418.4,0.03,1,0,4418
2023-06-08,SKU_008,D2C,Central,29,35683.92,0.28,1,1,1709
2023-04-16,SKU_046,Retail,Central,58,221973.53999999998,0.17,1,0,4611
2023-02-08,SKU_016,Distributor,North,50,46728.0,0.28,1,0,1298
2023-01-29,SKU_042,Flipkart,North,68,308363.0,0.15,0,0,5335
2023-04-25,SKU_036,Flipkart,East,66,167793.12,0.12,0,0,2889
2023-03-08,SKU_038,D2C,East,68,323074.8,0.1,0,1,5279
2023-02-02,SKU_044,D2C,North,31,110585.68,0.14,0,0,4148
2023-02-03,SKU_025,Amazon,East,62,80857.92,0.22,0,0,1672
2023-04-29,SKU_039,D2C,North,63,309009.95999999996,0.06,0,1,5218
2023-04-18,SKU_003,Retail,East,29,54355.86,0.11,1,1,2106
2023-04-04,SKU_040,D2C,North,43,190197.6,0.24,0,0,5820
2023-05-13,SKU_030,Retail,East,20,70785.0,0.01,1,1,3575
2023-01-04,SKU_045,Amazon,West,63,288561.42,0.03,0,1,4722
2023-05-12,SKU_029,Amazon,South,63,189123.48,0.08,0,1,3263
2023-06-24,SKU_027,Distributor,North,78,271189.62,0.21,1,0,4401
2023-03-10,SKU_046,Distributor,East,45,48607.65,0.09,1,1,1187
2023-04-29,SKU_019,D2C,South,59,150639.38999999998,0.01,0,1,2579
2023-03-18,SKU_048,Amazon,West,69,369654.39,0.03,1,1,5523
2023-02-23,SKU_046,Distributor,North,34,79876.20000000001,0.18,0,0,2865
2023-03-04,SKU_040,D2C,West,31,80948.44,0.03,1,0,2692
2023-01-25,SKU_023,Retail,East,35,107241.75,0.01,1,0,3095
2023-01-20,SKU_038,Flipkart,South,43,103334.15999999999,0.07,0,1,2584
2023-04-17,SKU_007,D2C,West,32,117800.0,0.05,0,1,3875
2023-01-26,SKU_007,Retail,East,36,157870.44,0.09,1,0,4819
2023-03-27,SKU_027,D2C,Central,67,213914.25,0.25,0,1,4257
2023-01-17,SKU_026,D2C,Central,48,57657.6,0.09,1,0,1320
2023-04-19,SKU_002,Retail,Central,56,133478.8,0.05,0,1,2509
2023-01-10,SKU_013,Distributor,West,38,68451.68000000001,0.12,0,0,2047
2023-04-15,SKU_008,D2C,Central,37,63524.56,0.12,0,0,1951
2023-05-01,SKU_031,Amazon,South,55,214789.3,0.14,0,1,4541
2023-06-28,SKU_043,Retail,North,52,136581.12,0.28,0,1,3648
2023-04-05,SKU_016,Retail,East,65,339185.60000000003,0.08,1,0,5672
2023-03-06,SKU_041,Retail,North,76,137642.08,0.24,0,0,2383
2023-02-04,SKU_004,Flipkart,West,36,195937.92,0.08,0,1,5916
2023-06-07,SKU_032,Amazon,Central,67,240090.48,0.19,1,0,4424
2023-06-12,SKU_003,Flipkart,North,28,93918.72,0.04,0,0,3494
2023-03-02,SKU_005,Retail,South,91,137642.96,0.26,1,1,2044
2023-04-19,SKU_014,Retail,North,34,156931.41999999998,0.17,1,1,5561
2023-04-20,SKU_049,Retail,South,63,205191.63,0.19,1,0,4021
2023-05-25,SKU_032,Retail,North,28,83416.48,0.29,0,0,4196
2023-05-08,SKU_011,Flipkart,North,46,211517.19999999998,0.17,0,1,5540
2023-06-23,SKU_026,D2C,Central,80,280528.0,0.11,0,1,3940
2023-05-02,SKU_003,Amazon,Central,33,80166.9,0.15,0,1,2858
2023-04-29,SKU_047,Distributor,East,94,143990.14,0.21,1,0,1939
2023-06-10,SKU_046,D2C,South,49,174474.30000000002,0.22,0,1,4565
2023-05-06,SKU_025,Amazon,South,69,216041.76,0.12,0,1,3558
2023-01-25,SKU_027,Retail,South,58,199738.08,0.28,1,1,4783
2023-03-25,SKU_033,Retail,West,59,300304.69,0.11,1,1,5719
2023-05-25,SKU_023,Flipkart,West,21,117208.98,0.03,1,1,5754
2023-04-23,SKU_032,Amazon,North,40,196784.0,0.02,0,0,5020
2023-04-05,SKU_040,Retail,Central,73,309374.73,0.07,0,0,4557
2023-03-29,SKU_035,Flipkart,East,43,45944.64,0.28,1,0,1484
2023-06-18,SKU_042,Flipkart,North,52,115048.43999999999,0.07,0,0,2379
2023-05-27,SKU_014,D2C,East,19,42043.01,0.21,0,1,2801
2023-06-21,SKU_014,D2C,North,39,59076.42,0.11,1,1,1702
2023-03-03,SKU_034,Flipkart,West,72,125582.4,0.15,0,0,2052
2023-04-16,SKU_044,D2C,South,24,37810.08,0.23,0,1,2046
2023-04-19,SKU_037,Distributor,North,64,141598.08,0.07,1,1,2379
2023-03-29,SKU_013,D2C,South,53,191054.4,0.04,1,1,3755
2023-01-13,SKU_013,Flipkart,East,45,139151.25,0.05,1,0,3255
2023-04-30,SKU_028,Amazon,West,44,92642.87999999999,0.07,1,1,2264
2023-03-08,SKU_033,Amazon,West,40,172776.4,0.27,1,1,5917
2023-05-26,SKU_010,Retail,East,41,149076.0,0.2,0,0,4545
2023-05-16,SKU_016,Distributor,West,68,286717.92000000004,0.18,1,0,5142
2023-02-13,SKU_017,Retail,South,41,172377.12,0.24,0,1,5532
2023-05-12,SKU_024,Retail,South,86,214275.88,0.09,0,1,2738
2023-04-26,SKU_004,Flipkart,Central,55,289639.35000000003,0.09,1,0,5787
2023-04-19,SKU_003,Retail,West,38,112996.8,0.1,0,1,3304
2023-03-31,SKU_017,Distributor,East,69,120509.87999999999,0.06,1,0,1858
2023-05-11,SKU_025,Retail,North,62,210897.96000000002,0.09,0,1,3738
2023-01-04,SKU_028,D2C,West,16,70441.92,0.07,0,0,4734
2023-04-26,SKU_045,D2C,Central,29,102207.59999999999,0.28,1,0,4895
2023-03-10,SKU_034,Distributor,East,47,233020.36000000002,0.08,1,0,5389
2023-01-18,SKU_012,Flipkart,Central,18,32526.0,0.0,1,0,1807
2023-01-22,SKU_018,Distributor,North,91,328273.39999999997,0.15,0,0,4244
2023-01-12,SKU_009,Distributor,North,66,354123.0,0.02,0,0,5475
2023-04-28,SKU_011,Retail,West,49,108009.72,0.22,1,1,2826
2023-04-11,SKU_038,Distributor,East,43,80099.11,0.11,1,0,2093
2023-05-13,SKU_013,Flipkart,Central,38,45271.68,0.27,1,0,1632
2023-02-23,SKU_022,D2C,North,10,36784.0,0.2,1,0,4598
2023-04-18,SKU_011,Retail,Central,15,45571.35,0.29,1,0,4279
2023-05-14,SKU_015,Distributor,South,88,193881.6,0.15,1,1,2592
2023-06-03,SKU_024,Distributor,East,81,164966.22,0.21,1,1,2578
2023-04-03,SKU_027,Retail,East,38,87087.64,0.26,1,0,3097
2023-02-19,SKU_020,Flipkart,North,68,168259.2,0.2,1,0,3093
2023-06-23,SKU_042,Distributor,Central,60,168568.19999999998,0.29,1,0,3957
2023-01-08,SKU_032,Retail,East,62,256029.0,0.25,1,0,5506
2023-06-23,SKU_049,Amazon,Central,21,99224.37,0.13,0,1,5431
2023-06-16,SKU_002,Distributor,North,13,28698.670000000002,0.23,1,0,2867
2023-03-23,SKU_025,D2C,West,73,276557.58,0.22,0,1,4857
2023-06-08,SKU_034,Retail,North,10,30797.5,0.03,1,0,3175
2023-05-31,SKU_046,Amazon,West,47,205036.56,0.17,0,0,5256
2023-01-25,SKU_036,Distributor,North,42,133523.04,0.02,0,0,3244
2023-02-23,SKU_005,Amazon,East,40,118645.59999999999,0.14,0,1,3449
2023-02-11,SKU_018,Amazon,North,56,141174.88,0.23,1,0,3274
2023-04-11,SKU_039,Flipkart,South,36,40759.200000000004,0.1,0,1,1258
2023-05-02,SKU_011,Retail,North,57,222585.0,0.0,0,0,3905
2023-01-06,SKU_010,Amazon,East,52,181060.88,0.23,0,1,4522
2023-04-30,SKU_024,Amazon,North,91,239647.59,0.13,0,0,3027
2023-02-23,SKU_025,Retail,Central,22,43943.9,0.09,1,1,2195
2023-05-16,SKU_047,D2C,East,50,47484.0,0.28,0,1,1319
2023-03-17,SKU_030,Distributor,West,58,101238.42,0.17,0,1,2103
2023-03-11,SKU_029,Retail,South,44,154771.75999999998,0.17,1,0,4238
2023-04-05,SKU_014,Retail,West,23,47692.799999999996,0.04,0,1,2160
2023-04-07,SKU_040,Flipkart,South,75,102885.0,0.24,0,1,1805
2023-01-23,SKU_022,Distributor,Central,56,147168.0,0.1,0,0,2920
2023-04-04,SKU_040,D2C,North,24,23914.8,0.09,0,0,1095
2023-04-11,SKU_012,Amazon,North,58,230960.63999999998,0.04,0,0,4148
2023-06-05,SKU_004,Amazon,West,84,222964.56,0.22,0,0,3403
2023-02-25,SKU_008,Amazon,East,49,255468.36000000002,0.08,0,0,5667
2023-06-18,SKU_014,Flipkart,East,49,143683.19,0.03,1,0,3023
2023-06-27,SKU_032,Amazon,North,81,73666.26,0.26,1,0,1229
2023-05-26,SKU_038,Amazon,Central,30,71568.0,0.16,0,1,2840
2023-05-13,SKU_041,Retail,North,84,219240.0,0.1,1,0,2900
2023-05-07,SKU_005,Flipkart,Central,69,185979.15,0.15,1,0,3171
2023-03-29,SKU_012,D2C,Central,31,123107.20000000001,0.2,0,0,4964
2023-03-30,SKU_013,D2C,Central,36,97617.95999999999,0.17,1,1,3267
2023-04-23,SKU_015,Flipkart,East,39,43422.21,0.11,0,0,1251
2023-03-19,SKU_013,Flipkart,South,13,61266.4,0.14,0,0,5480
2023-06-01,SKU_033,D2C,East,55,108139.9,0.26,0,1,2657
2023-02-20,SKU_015,Retail,South,32,162296.63999999998,0.01,1,1,5123
2023-04-24,SKU_001,Amazon,South,55,74844.0,0.16,1,0,1620
2023-06-02,SKU_028,Retail,East,24,113262.24,0.09,1,1,5186
2023-06-10,SKU_011,Flipkart,East,68,194186.24000000002,0.08,1,0,3104
2023-03-28,SKU_021,Flipkart,West,64,258971.52,0.07,1,0,4351
2023-01-22,SKU_012,Amazon,East,35,128872.09999999999,0.29,0,0,5186
2023-02-27,SKU_001,Amazon,Central,57,160952.61000000002,0.09,0,1,3103
2023-05-31,SKU_009,Distributor,East,51,200968.56,0.22,1,1,5052
2023-02-24,SKU_031,Distributor,South,79,252999.08000000002,0.08,0,0,3481
2023-02-14,SKU_006,Flipkart,South,29,78092.94,0.26,0,1,3639
2023-04-16,SKU_023,Flipkart,East,46,169590.96,0.23,1,0,4788
2023-05-07,SKU_007,Retail,West,37,41771.52,0.28,0,0,1568
2023-06-14,SKU_004,D2C,North,50,69200.0,0.2,1,0,1730
2023-05-04,SKU_043,Retail,East,60,254784.6,0.27,1,0,5817
2023-04-17,SKU_021,D2C,West,36,101476.8,0.28,1,1,3915
2023-03-24,SKU_003,Amazon,East,42,153165.6,0.28,1,1,5065
2023-06-28,SKU_007,Flipkart,West,69,236238.75,0.17,1,0,4125
2023-01-13,SKU_035,Flipkart,West,77,142905.84,0.24,0,0,2442
2023-01-23,SKU_028,Retail,North,59,157096.94,0.02,0,0,2717
2023-01-08,SKU_027,Distributor,North,47,159424.0,0.0,1,0,3392
2023-06-15,SKU_036,Distributor,South,45,109248.75,0.25,1,1,3237
2023-05-13,SKU_003,Flipkart,South,60,288530.4,0.08,0,1,5227
2023-06-05,SKU_033,Retail,South,54,210574.08,0.04,1,0,4062
2023-03-04,SKU_040,Retail,North,17,66267.36,0.28,1,0,5414
2023-05-16,SKU_044,Amazon,South,61,314075.58,0.09,0,0,5658
2023-02-27,SKU_021,Distributor,West,32,148842.24,0.17,0,1,5604
2023-02-09,SKU_038,Amazon,Central,21,70499.52,0.22,1,0,4304
2023-02-21,SKU_046,Distributor,North,16,61779.840000000004,0.08,0,0,4197
2023-05-22,SKU_027,Distributor,East,45,186367.5,0.25,1,1,5522
2023-05-29,SKU_027,Distributor,South,29,98181.24,0.11,0,1,3804
2023-04-23,SKU_036,Retail,Central,3,7234.92,0.01,0,0,2436
2023-05-20,SKU_019,Retail,West,42,107941.68,0.01,1,1,2596
2023-05-04,SKU_042,D2C,North,40,85472.0,0.2,0,1,2671
2023-02-19,SKU_020,Amazon,North,47,119856.11,0.03,0,0,2629
2023-06-04,SKU_024,Distributor,West,37,179695.68,0.04,1,0,5059
2023-02-03,SKU_001,D2C,North,86,68142.95999999999,0.29,1,1,1116
2023-01-26,SKU_002,D2C,Central,60,206503.2,0.13,1,0,3956
2023-06-13,SKU_050,D2C,North,40,209380.0,0.05,1,0,5510
2023-04-15,SKU_024,Retail,East,48,71892.48,0.26,1,1,2024
2023-03-31,SKU_047,Retail,North,78,411543.60000000003,0.08,1,0,5735
2023-01-12,SKU_030,Retail,North,69,370963.32,0.02,0,0,5486
2023-05-11,SKU_001,Flipkart,North,22,94342.6,0.26,0,0,5795
2023-06-26,SKU_043,Flipkart,West,30,130806.0,0.22,1,0,5590
2023-03-21,SKU_017,Retail,West,34,71735.23999999999,0.17,0,1,2542
2023-04-17,SKU_006,Distributor,Central,41,117096.0,0.0,1,1,2856
2023-03-23,SKU_009,D2C,West,38,181211.36000000002,0.12,1,0,5419
2023-04-11,SKU_008,Amazon,East,50,114642.0,0.01,1,0,2316
2023-02-04,SKU_043,D2C,South,64,205455.36000000002,0.12,0,0,3648
2023-01-20,SKU_038,Flipkart,North,68,174936.8,0.05,0,1,2708
2023-06-09,SKU_010,Flipkart,North,43,172876.34,0.09,1,0,4418
2023-05-06,SKU_037,Distributor,West,17,14148.42,0.22,1,0,1067
2023-06-01,SKU_044,Flipkart,North,29,124536.44,0.02,0,1,4382
2023-03-08,SKU_016,Flipkart,East,39,149920.29,0.03,0,0,3963
2023-01-31,SKU_029,Retail,Central,25,85644.0,0.28,1,0,4758
2023-01-13,SKU_011,D2C,North,72,138220.56,0.11,0,1,2157
2023-05-29,SKU_046,Flipkart,West,26,44131.1,0.17,0,1,2045
2023-03-12,SKU_024,Amazon,South,62,184660.8,0.15,0,1,3504
2023-05-28,SKU_035,D2C,East,16,92204.31999999999,0.03,0,1,5941
2023-04-15,SKU_004,Flipkart,Central,63,198601.2,0.26,0,0,4260
2023-03-15,SKU_041,D2C,North,47,75425.6,0.2,0,0,2006
2023-04-24,SKU_048,Distributor,West,80,65728.0,0.2,0,0,1027
2023-02-18,SKU_020,Flipkart,South,27,113655.95999999999,0.01,0,1,4252
2023-01-28,SKU_022,Amazon,Central,38,196172.34,0.07,0,0,5551
2023-03-16,SKU_009,Amazon,South,42,68181.12,0.04,1,1,1691
2023-05-05,SKU_020,Flipkart,East,46,265801.33999999997,0.03,0,0,5957
2023-03-04,SKU_045,Distributor,Central,43,49812.490000000005,0.09,1,0,1273
2023-06-02,SKU_035,Distributor,North,43,56283.56,0.14,0,0,1522
2023-04-09,SKU_026,Distributor,Central,43,78745.04,0.12,1,0,2081
2023-04-18,SKU_030,Retail,North,8,7650.5599999999995,0.14,1,1,1112
2023-02-19,SKU_031,Retail,North,69,153806.52,0.24,1,0,2933
2023-05-12,SKU_005,D2C,North,107,353005.84,0.08,1,1,3586
2023-05-08,SKU_039,D2C,North,55,150918.9,0.17,0,0,3306
2023-04-19,SKU_041,Amazon,Central,27,97617.95999999999,0.17,1,1,4356
2023-01-22,SKU_021,Retail,South,29,87959.9,0.02,1,1,3095
2023-05-16,SKU_041,Amazon,Central,62,302098.72,0.02,0,0,4972
2023-02-13,SKU_015,Amazon,Central,57,209819.28,0.06,1,0,3916
2023-04-10,SKU_028,Retail,West,44,142307.44,0.11,0,0,3634
2023-01-07,SKU_047,Retail,North,65,124131.15,0.01,1,0,1929
2023-02-01,SKU_011,Amazon,Central,8,17802.24,0.24,1,0,2928
2023-05-18,SKU_003,Retail,West,65,322151.7,0.14,0,1,5763
2023-04-06,SKU_004,Flipkart,West,54,238170.24,0.12,0,0,5012
2023-06-04,SKU_009,Retail,North,30,73764.0,0.28,1,0,3415
2023-02-24,SKU_020,Retail,Central,21,41065.92,0.16,0,1,2328
2023-01-11,SKU_042,Distributor,North,52,75578.87999999999,0.04,0,1,1514
2023-01-08,SKU_003,D2C,Central,78,287183.52,0.08,1,1,4002
2023-01-01,SKU_014,D2C,West,45,109132.2,0.24,0,0,3191
2023-06-21,SKU_020,Retail,Central,32,97177.6,0.2,1,1,3796
2023-04-13,SKU_050,Retail,South,53,155031.36000000002,0.12,0,0,3324
2023-05-22,SKU_007,Flipkart,East,86,193550.74,0.27,1,1,3083
2023-01-24,SKU_033,Distributor,East,58,201097.6,0.12,1,1,3940
2023-04-05,SKU_040,D2C,West,60,80028.0,0.05,0,1,1404
2023-01-26,SKU_012,Amazon,West,74,192862.5,0.25,0,1,3475
2023-05-14,SKU_014,Amazon,Central,59,166081.46,0.03,0,1,2902
2023-04-05,SKU_034,D2C,South,34,45117.32,0.14,1,1,1543
2023-05-14,SKU_015,Retail,Central,15,34777.35,0.07,1,0,2493
2023-01-15,SKU_049,D2C,South,31,34372.8,0.01,0,1,1120
2023-01-12,SKU_024,Retail,North,27,29102.489999999998,0.07,1,1,1159
2023-03-15,SKU_041,D2C,East,63,109455.56999999999,0.13,0,1,1997
2023-01-03,SKU_011,D2C,East,65,257119.2,0.18,0,1,4824
2023-04-13,SKU_035,Distributor,South,53,177679.32,0.16,1,1,3991
2023-03-02,SKU_010,D2C,East,24,96837.12,0.04,0,1,4203
2023-01-01,SKU_021,Retail,North,85,418771.2,0.04,0,1,5132
2023-01-22,SKU_041,D2C,North,41,69310.91,0.29,1,1,2381
2023-06-28,SKU_040,D2C,South,62,204381.76,0.12,0,1,3746
2023-03-24,SKU_010,Flipkart,West,50,115089.0,0.22,0,0,2951
2023-04-23,SKU_043,D2C,Central,54,95644.8,0.1,0,1,1968
2023-04-26,SKU_025,Distributor,South,61,91353.6,0.22,0,0,1920
2023-01-25,SKU_021,Retail,East,36,84675.6,0.14,1,1,2735
2023-01-17,SKU_040,D2C,South,76,72953.92,0.29,0,1,1352
2023-04-22,SKU_044,D2C,North,18,65048.4,0.24,0,0,4755
2023-06-09,SKU_025,Distributor,South,29,166541.19999999998,0.02,1,0,5860
2023-04-19,SKU_026,Retail,West,75,69195.0,0.3,1,0,1318
2023-05-26,SKU_012,Distributor,South,61,250461.72999999998,0.29,1,1,5783
2023-06-25,SKU_028,Retail,East,100,258244.0,0.08,1,1,2807
2023-03-25,SKU_015,Distributor,Central,51,114460.83,0.01,0,0,2267
2023-01-12,SKU_040,Flipkart,East,84,142601.76,0.14,1,0,1974
2023-01-15,SKU_029,Retail,West,12,23274.48,0.26,0,0,2621
2023-02-25,SKU_014,Flipkart,North,21,38902.5,0.25,1,0,2470
2023-06-16,SKU_047,Flipkart,Central,67,363743.0,0.0,1,1,5429
2023-02-09,SKU_029,Flipkart,South,15,62348.7,0.26,0,0,5617
2023-05-26,SKU_038,Retail,West,46,89357.76,0.29,1,0,2736
2023-03-29,SKU_003,D2C,East,73,199071.0,0.25,0,1,3636
2023-04-29,SKU_025,Amazon,Central,60,87984.0,0.2,0,1,1833
2023-06-11,SKU_006,Flipkart,East,50,122464.0,0.14,0,1,2848
2023-01-30,SKU_039,Amazon,East,41,69660.64,0.18,0,0,2072
2023-06-08,SKU_048,D2C,West,54,229521.6,0.2,1,1,5313
2023-02-24,SKU_037,Flipkart,East,61,46344.75,0.25,0,0,1013
2023-06-17,SKU_033,Flipkart,West,36,71988.48,0.04,0,1,2083
2023-04-05,SKU_007,Amazon,West,57,84963.06,0.22,0,0,1911
2023-05-31,SKU_020,Flipkart,North,71,283880.72000000003,0.18,1,0,4876
2023-01-06,SKU_012,D2C,West,45,117645.75,0.13,0,0,3005
2023-05-25,SKU_031,Distributor,Central,51,110262.0,0.06,1,0,2300
2023-03-29,SKU_007,Flipkart,Central,59,189269.05,0.17,1,1,3865
2023-06-04,SKU_030,Amazon,North,61,108082.24,0.02,1,1,1808
2023-02-14,SKU_005,D2C,South,67,82337.64,0.24,1,0,1617
2023-04-01,SKU_022,D2C,North,29,32426.64,0.28,1,1,1553
2023-06-02,SKU_020,Amazon,West,39,130416.0,0.05,0,0,3520
2023-05-16,SKU_022,Retail,Central,40,89944.40000000001,0.09,1,1,2471
2023-06-18,SKU_048,Retail,Central,31,68072.28,0.13,0,0,2524
2023-03-08,SKU_046,Amazon,North,14,43606.08,0.16,1,0,3708
2023-02-04,SKU_018,D2C,Central,0,0.0,0.2,0,1,2811
2023-02-23,SKU_009,D2C,North,73,172098.96,0.12,1,1,2679
2023-01-20,SKU_033,Retail,South,18,73029.59999999999,0.16,0,1,4830
2023-04-09,SKU_007,Flipkart,East,81,216172.8,0.04,0,0,2780
2023-02-28,SKU_050,Retail,South,64,313012.48,0.14,1,0,5687
2023-05-31,SKU_009,Flipkart,South,41,182366.77,0.17,1,1,5359
2023-05-16,SKU_038,Flipkart,South,62,253220.4,0.1,1,0,4538
2023-05-15,SKU_047,Amazon,South,58,320195.95999999996,0.06,0,0,5873
2023-04-22,SKU_022,D2C,North,27,54777.060000000005,0.22,1,1,2601
2023-04-13,SKU_050,Distributor,North,49,264029.14999999997,0.03,0,0,5555
2023-02-07,SKU_044,Flipkart,Central,30,159543.0,0.05,1,0,5598
2023-04-02,SKU_042,Flipkart,South,63,316809.36,0.08,1,1,5466
2023-02-21,SKU_040,Retail,East,35,94185.0,0.1,1,1,2990
2023-04-18,SKU_035,Retail,South,48,59535.36,0.24,1,0,1632
2023-02-11,SKU_020,Flipkart,Central,47,171230.4,0.08,1,0,3960
2023-05-17,SKU_011,Retail,North,52,132405.0,0.25,1,0,3395
2023-02-28,SKU_043,Retail,Central,83,418755.75,0.07,1,0,5425
2023-03-09,SKU_014,Retail,South,45,213267.6,0.02,0,1,4836
2023-03-24,SKU_036,Flipkart,West,74,322044.3,0.05,1,1,4581
2023-03-17,SKU_026,Distributor,West,59,118018.88,0.24,0,0,2632
2023-04-26,SKU_028,Amazon,West,78,134671.68,0.12,0,0,1962
2023-04-02,SKU_047,Distributor,East,43,58111.06,0.02,0,0,1379
2023-06-10,SKU_010,Flipkart,Central,63,95966.64,0.12,0,1,1731
2023-06-10,SKU_022,Distributor,Central,48,150465.6,0.1,0,0,3483
2023-04-01,SKU_038,D2C,South,0,0.0,0.17,1,1,3718
2023-02-28,SKU_047,Distributor,East,28,84014.0,0.15,1,1,3530
2023-01-04,SKU_043,Amazon,East,61,65113.23,0.09,1,0,1173
2023-05-01,SKU_014,D2C,Central,60,76243.2,0.24,1,1,1672
2023-01-04,SKU_015,Amazon,West,24,74655.36,0.22,0,0,3988
2023-01-05,SKU_041,Amazon,Central,54,138805.92,0.12,1,1,2921
2023-02-17,SKU_036,Flipkart,South,60,92937.59999999999,0.16,0,1,1844
2023-05-12,SKU_026,Flipkart,East,49,125060.74,0.26,1,0,3449
2023-05-15,SKU_050,Flipkart,Central,64,264326.4,0.22,0,0,5295
2023-03-19,SKU_048,D2C,North,61,154888.76,0.24,0,1,3341
2023-04-03,SKU_003,D2C,Central,49,141638.42,0.23,0,0,3754
2023-05-05,SKU_031,Retail,Central,39,193463.4,0.15,0,1,5836
2023-03-10,SKU_008,Distributor,South,70,225831.19999999998,0.02,0,0,3292
2023-04-09,SKU_043,Flipkart,East,59,265473.45,0.01,1,0,4545
2023-01-12,SKU_031,D2C,East,22,90640.0,0.0,1,1,4120
2023-01-05,SKU_010,Distributor,North,54,235313.09999999998,0.05,1,0,4587
2023-05-12,SKU_047,Distributor,South,26,55375.32,0.23,0,1,2766
2023-02-24,SKU_026,D2C,South,30,154242.0,0.05,0,0,5412
2023-05-18,SKU_013,Amazon,West,36,101194.92,0.13,0,1,3231
2023-06-12,SKU_014,Distributor,South,50,204042.0,0.07,0,1,4388
2023-03-10,SKU_037,Flipkart,North,57,82346.19,0.27,0,1,1979
2023-03-31,SKU_020,D2C,South,41,184514.76,0.19,1,1,5556
2023-02-12,SKU_036,Flipkart,West,42,141288.84,0.01,1,0,3398
2023-03-05,SKU_029,Distributor,East,39,136883.76,0.27,0,0,4808
2023-03-13,SKU_003,Flipkart,Central,70,281328.6,0.02,0,0,4101
2023-04-19,SKU_049,Amazon,South,0,0.0,0.27,0,1,2968
2023-01-04,SKU_037,Retail,North,43,93406.31999999999,0.28,1,0,3017
2023-05-16,SKU_001,Distributor,West,80,388089.6,0.13,0,0,5576
2023-06-16,SKU_050,D2C,South,60,291954.6,0.13,1,1,5593
2023-06-02,SKU_013,Distributor,North,75,389070.0,0.12,0,1,5895
2023-02-12,SKU_031,D2C,Central,9,21017.88,0.22,1,0,2994
2023-03-22,SKU_015,Flipkart,South,25,110428.0,0.24,0,0,5812
2023-06-02,SKU_043,Retail,North,60,94446.0,0.01,0,1,1590
2023-01-28,SKU_027,Amazon,West,81,231472.08,0.16,1,0,3402
2023-05-04,SKU_016,D2C,North,27,75832.2,0.07,0,0,3020
2023-04-11,SKU_019,Retail,East,42,173543.58,0.07,1,1,4443
2023-05-13,SKU_022,Amazon,East,58,240967.38,0.21,1,0,5259
2023-06-10,SKU_032,D2C,West,20,23636.8,0.21,0,0,1496
2023-04-25,SKU_027,D2C,East,60,112455.0,0.15,1,1,2205
2023-05-15,SKU_004,D2C,North,0,0.0,0.17,0,1,1401
2023-06-19,SKU_047,D2C,Central,59,235217.07,0.01,0,1,4027
2023-06-10,SKU_036,Flipkart,South,30,81583.2,0.28,1,0,3777
2023-04-16,SKU_013,D2C,North,41,134026.94999999998,0.05,0,0,3441
2023-04-22,SKU_022,Amazon,South,63,266236.11,0.27,1,1,5789
2023-05-04,SKU_036,Retail,North,58,106312.84,0.26,1,0,2477
2023-03-14,SKU_033,Distributor,West,49,166737.19999999998,0.06,1,1,3620
2023-01-03,SKU_005,Retail,West,69,221274.72,0.28,1,0,4454
2023-03-01,SKU_004,Distributor,Central,15,23171.399999999998,0.16,0,1,1839
2023-05-22,SKU_015,Distributor,South,54,103096.8,0.14,0,1,2220
2023-01-14,SKU_047,Amazon,East,34,154525.58000000002,0.21,0,0,5753
2023-01-28,SKU_024,D2C,West,68,216597.0,0.25,0,0,4247
2023-04-20,SKU_009,Distributor,West,63,60192.72,0.28,0,1,1327
2023-03-09,SKU_010,Amazon,North,64,68401.92,0.06,1,1,1137
2023-04-24,SKU_014,Flipkart,North,82,188574.58000000002,0.21,0,0,2911
2023-05-10,SKU_050,Retail,North,72,97946.64,0.17,0,1,1639
2023-04-18,SKU_023,Distributor,Central,46,78738.66,0.09,0,1,1881
2023-06-13,SKU_043,Flipkart,West,49,204251.6,0.15,0,1,4904
2023-06-11,SKU_023,Distributor,Central,62,73226.34,0.01,1,0,1193
2023-02-16,SKU_019,Amazon,North,52,278333.12,0.08,1,1,5818
2023-01-31,SKU_020,Distributor,North,64,217263.36,0.13,1,1,3902
2023-06-26,SKU_017,D2C,South,5,14526.0,0.1,1,1,3228
2023-02-24,SKU_043,Distributor,South,87,339117.3,0.29,1,1,5490
2023-01-28,SKU_025,Flipkart,North,51,64517.04,0.16,0,1,1506
2023-03-05,SKU_004,Retail,West,17,25772.170000000002,0.21,1,0,1919
2023-04-10,SKU_008,Amazon,Central,31,115387.58,0.23,1,1,4834
2023-01-13,SKU_026,Distributor,West,7,10665.27,0.19,1,1,1881
2023-04-26,SKU_046,D2C,Central,28,122828.16,0.22,0,1,5624
2023-05-19,SKU_023,Distributor,North,47,175674.72,0.22,0,0,4792
2023-02-14,SKU_047,Amazon,East,80,169260.0,0.25,0,0,2821
2023-01-31,SKU_015,D2C,South,58,103543.92000000001,0.19,1,0,2204
2023-03-04,SKU_037,Distributor,East,54,221788.80000000002,0.2,0,0,5134
2023-04-19,SKU_036,Distributor,West,27,74322.36,0.16,0,0,3277
2023-03-30,SKU_030,Distributor,West,33,126027.0,0.24,1,0,5025
2023-06-14,SKU_013,Amazon,Central,35,143967.6,0.13,0,0,4728
2023-05-23,SKU_018,D2C,East,35,75019.0,0.3,0,1,3062
2023-06-04,SKU_036,Distributor,North,42,227589.59999999998,0.05,0,1,5704
2023-05-08,SKU_042,Amazon,West,44,59135.12,0.18,0,0,1639
2023-03-19,SKU_008,Distributor,Central,43,184807.98,0.19,1,1,5306
2023-04-25,SKU_012,Flipkart,South,36,109576.8,0.24,0,0,4005
2023-03-08,SKU_037,Amazon,East,52,58094.399999999994,0.3,1,1,1596
2023-06-12,SKU_013,D2C,West,43,231623.37,0.01,0,0,5441
2023-03-02,SKU_049,Retail,Central,18,17537.76,0.24,1,1,1282
2023-04-21,SKU_005,D2C,North,50,217905.0,0.27,0,1,5970
2023-01-01,SKU_005,D2C,East,47,188338.40000000002,0.2,0,0,5009
2023-03-29,SKU_009,D2C,Central,18,19171.26,0.27,0,0,1459
2023-04-05,SKU_037,Flipkart,East,38,67845.2,0.21,0,0,2260
2023-05-18,SKU_012,Flipkart,West,61,241373.34,0.11,1,1,4446
2023-04-01,SKU_006,Flipkart,North,27,79090.83,0.09,1,1,3219
2023-01-23,SKU_034,D2C,West,25,119640.0,0.04,0,0,4985
2023-01-24,SKU_019,Flipkart,Central,43,44127.03,0.21,0,1,1299
2023-05-07,SKU_027,Amazon,West,62,207469.36,0.26,1,0,4522
2023-04-21,SKU_040,Distributor,South,86,293810.39999999997,0.27,0,0,4680
2023-01-26,SKU_027,D2C,South,63,155097.18,0.03,0,0,2538
2023-01-24,SKU_011,Flipkart,East,71,198452.1,0.23,0,0,3630
2023-06-30,SKU_042,Distributor,Central,56,168426.72,0.07,1,1,3234
2023-03-03,SKU_021,Distributor,South,36,88171.2,0.22,0,1,3140
2023-02-12,SKU_019,Flipkart,Central,63,294613.2,0.1,1,0,5196
2023-06-07,SKU_048,Amazon,North,48,251367.84,0.07,0,1,5631
2023-01-30,SKU_040,D2C,West,57,127324.32,0.08,0,0,2428
2023-03-18,SKU_037,Amazon,East,31,77606.64,0.28,1,1,3477
2023-03-29,SKU_023,Flipkart,West,59,265042.75,0.15,0,1,5285
2023-05-23,SKU_032,Retail,West,47,163345.68,0.28,0,1,4827
2023-05-26,SKU_040,Flipkart,South,54,132354.0,0.24,1,1,3225
2023-05-31,SKU_006,Distributor,Central,48,72552.48,0.23,1,1,1963
2023-05-22,SKU_017,Distributor,East,44,129008.88,0.09,1,0,3222
2023-01-15,SKU_001,Amazon,East,59,94926.28,0.27,1,0,2204
2023-06-12,SKU_037,D2C,Central,41,186450.37,0.17,1,1,5479
2023-05-29,SKU_014,Flipkart,Central,18,17481.420000000002,0.19,0,0,1199
2023-01-29,SKU_025,Amazon,Central,12,45331.200000000004,0.2,1,0,4722
2023-02-12,SKU_005,D2C,North,53,268366.56,0.12,1,0,5754
2023-03-09,SKU_020,Retail,South,41,178339.34,0.21,1,0,5506
2023-03-30,SKU_043,Flipkart,South,15,66976.95,0.11,0,1,5017
2023-06-02,SKU_001,Retail,North,52,54985.84,0.17,0,1,1274
2023-03-31,SKU_046,Amazon,Central,48,187354.08,0.07,0,1,4197
2023-01-15,SKU_048,Amazon,East,40,202193.6,0.02,1,0,5158
2023-05-03,SKU_007,Distributor,North,54,296987.04000000004,0.08,0,1,5978
2023-02-26,SKU_020,Amazon,North,76,230147.76,0.18,1,0,3693
2023-04-07,SKU_021,D2C,East,75,193440.0,0.2,1,1,3224
2023-04-01,SKU_020,Distributor,North,52,279801.6,0.05,0,0,5664
2023-05-04,SKU_048,D2C,North,48,73759.2,0.27,0,1,2105
2023-02-14,SKU_018,D2C,North,53,216664.0,0.2,0,1,5110
2023-01-19,SKU_047,D2C,North,56,76137.04000000001,0.21,0,0,1721
2023-01-06,SKU_033,Distributor,South,44,94586.79999999999,0.17,0,1,2590
2023-01-05,SKU_014,Retail,South,53,245477.44999999998,0.15,1,1,5449
2023-06-26,SKU_008,Distributor,East,18,93955.68000000001,0.09,1,1,5736
2023-04-20,SKU_017,Amazon,East,51,189959.69999999998,0.15,1,0,4382
2023-05-08,SKU_033,D2C,East,59,122616.75,0.15,1,0,2445
2023-04-22,SKU_037,D2C,South,40,126363.99999999999,0.3,1,1,4513
2023-03-03,SKU_030,Flipkart,West,48,173024.63999999998,0.07,0,0,3876
2023-03-13,SKU_035,D2C,Central,27,102880.8,0.12,0,1,4330
2023-01-29,SKU_009,D2C,Central,24,39940.56,0.01,0,1,1681
2023-06-03,SKU_010,Flipkart,East,54,252760.5,0.21,1,1,5925
2023-04-25,SKU_014,Flipkart,North,35,110678.4,0.04,0,1,3294
2023-06-03,SKU_002,Distributor,North,14,15468.6,0.13,1,1,1270
2023-04-17,SKU_005,Flipkart,North,27,93350.88,0.02,1,1,3528
2023-01-02,SKU_019,Retail,Central,30,42398.7,0.03,1,0,1457
2023-05-23,SKU_018,Retail,East,65,269909.25,0.07,0,0,4465
2023-04-01,SKU_019,Retail,North,53,62540.0,0.0,1,1,1180
2023-02-26,SKU_025,Flipkart,South,32,46131.2,0.15,0,0,1696
2023-04-25,SKU_031,Amazon,West,38,175104.0,0.0,1,0,4608
2023-03-30,SKU_020,Amazon,North,76,258579.36000000002,0.22,0,0,4362
2023-02-21,SKU_041,Distributor,North,68,256406.92,0.23,1,1,4897
2023-06-23,SKU_014,D2C,South,27,135378.0,0.0,1,1,5014
2023-06-29,SKU_047,Flipkart,North,73,103172.36,0.11,0,0,1588
2023-04-20,SKU_032,D2C,West,48,153139.2,0.2,0,1,3988
2023-04-26,SKU_038,Amazon,East,65,79320.15000000001,0.09,0,0,1341
2023-03-12,SKU_019,Amazon,West,46,94281.59999999999,0.04,0,1,2135
2023-01-24,SKU_020,D2C,West,73,152094.77,0.11,1,0,2341
2023-04-01,SKU_035,Flipkart,North,26,79752.4,0.02,1,0,3130
2023-06-02,SKU_010,D2C,East,44,197637.0,0.25,0,0,5989
2023-04-12,SKU_048,Amazon,Central,74,388852.24,0.02,0,1,5362
2023-06-23,SKU_040,Distributor,West,2,4107.74,0.09,1,1,2257
2023-06-20,SKU_014,Flipkart,East,49,229281.78,0.22,1,0,5999
2023-03-09,SKU_011,Retail,North,42,61279.68,0.12,1,1,1658
2023-01-31,SKU_011,D2C,West,63,294531.93,0.07,0,1,5027
2023-06-06,SKU_035,Distributor,East,71,187025.36000000002,0.24,0,1,3466
2023-03-11,SKU_016,D2C,West,64,75299.84,0.23,0,0,1528
2023-05-26,SKU_011,Retail,South,54,228191.04,0.02,0,0,4312
2023-04-29,SKU_033,Flipkart,Central,50,93898.0,0.24,1,0,2471
2023-03-03,SKU_046,Retail,East,43,118654.2,0.27,1,1,3780
2023-01-02,SKU_035,Amazon,East,54,149629.68,0.14,0,1,3222
2023-03-29,SKU_010,Flipkart,East,79,188422.9,0.15,1,1,2806
2023-01-12,SKU_047,Distributor,North,33,130988.55,0.23,0,0,5155
2023-04-21,SKU_006,Amazon,South,41,66573.75,0.25,0,1,2165
2023-03-20,SKU_041,Retail,Central,48,80997.12000000001,0.21,1,0,2136
2023-06-10,SKU_018,Retail,West,70,241718.4,0.01,1,1,3488
2023-01-09,SKU_015,Retail,Central,54,220121.28,0.27,0,0,5584
2023-04-14,SKU_043,Distributor,West,69,111669.59999999999,0.15,0,1,1904
2023-01-26,SKU_001,Amazon,West,70,202419.0,0.15,1,1,3402
2023-01-05,SKU_021,Amazon,Central,61,240827.99999999997,0.3,0,1,5640
2023-04-26,SKU_045,Distributor,North,28,67002.31999999999,0.27,0,0,3278
2023-02-08,SKU_040,Amazon,West,83,345860.17,0.29,1,0,5869
2023-01-19,SKU_031,Distributor,Central,78,193087.44,0.16,1,0,2947
2023-05-24,SKU_024,Flipkart,North,51,116103.54,0.02,0,0,2323
2023-01-20,SKU_043,Amazon,North,22,69207.6,0.02,1,0,3210
2023-03-08,SKU_008,D2C,North,18,21793.86,0.01,1,0,1223
2023-03-18,SKU_017,Flipkart,East,55,84382.1,0.18,1,1,1871
2023-02-14,SKU_040,Flipkart,West,35,204496.6,0.02,1,1,5962
2023-04-21,SKU_049,Distributor,North,15,35344.350000000006,0.19,1,1,2909
2023-02-15,SKU_012,Amazon,South,18,64650.6,0.02,1,0,3665
2023-02-17,SKU_035,D2C,North,40,80332.0,0.05,0,1,2114
2023-02-03,SKU_011,D2C,Central,53,144931.15,0.09,1,0,3005
2023-05-24,SKU_011,D2C,West,78,81981.90000000001,0.23,1,1,1365
2023-02-20,SKU_038,Retail,South,59,173902.5,0.1,0,1,3275
2023-01-03,SKU_021,Retail,West,42,110120.22,0.03,0,0,2703
2023-03-22,SKU_027,Flipkart,East,57,60756.299999999996,0.15,0,0,1254
2023-05-23,SKU_013,Retail,West,55,185612.9,0.17,1,0,4066
2023-02-18,SKU_030,Amazon,South,64,196122.24000000002,0.21,1,0,3879
2023-04-17,SKU_015,Retail,South,49,178298.26,0.02,1,1,3713
2023-06-07,SKU_011,Amazon,North,70,202362.3,0.17,1,1,3483
2023-01-13,SKU_047,Retail,West,66,273537.0,0.25,1,1,5526
2023-04-21,SKU_040,Retail,South,51,206701.98,0.26,0,0,5477
2023-01-18,SKU_026,Distributor,North,47,108748.6,0.08,1,1,2515
2023-04-23,SKU_035,Amazon,Central,68,283402.24,0.26,0,0,5632
2023-03-15,SKU_046,Amazon,West,35,33230.75,0.15,1,0,1117
2023-04-15,SKU_024,Amazon,South,19,78322.56,0.04,1,0,4294
2023-05-02,SKU_029,D2C,Central,19,109906.83,0.01,0,0,5843
2023-05-31,SKU_008,Distributor,South,34,108054.37999999999,0.17,1,0,3829
2023-06-02,SKU_033,Amazon,North,63,230365.8,0.06,1,1,3890
2023-05-24,SKU_017,Distributor,South,41,145654.96,0.12,1,1,4037
2023-03-22,SKU_040,D2C,West,54,154816.91999999998,0.29,1,1,4038
2023-01-28,SKU_040,Flipkart,West,40,44619.200000000004,0.21,0,1,1412
2023-06-05,SKU_019,D2C,East,40,95370.0,0.25,0,1,3179
2023-01-21,SKU_026,Retail,East,29,141689.65,0.05,1,1,5143
2023-06-23,SKU_042,Amazon,East,48,197683.2,0.2,1,0,5148
2023-05-09,SKU_043,Retail,North,46,75779.48000000001,0.18,0,1,2009
2023-02-17,SKU_041,D2C,West,58,185479.36000000002,0.21,0,0,4048
2023-02-16,SKU_017,Amazon,West,55,96228.0,0.2,1,1,2187
2023-04-01,SKU_024,Amazon,North,46,106479.42,0.07,0,0,2489
2023-04-02,SKU_031,Amazon,West,19,35956.36,0.08,0,1,2057
2023-06-03,SKU_017,Amazon,West,71,341044.94999999995,0.07,1,0,5165
2023-03-12,SKU_010,Distributor,North,48,89102.4,0.05,0,0,1954
2023-01-02,SKU_016,Retail,North,51,141697.38,0.27,1,0,3806
2023-03-07,SKU_038,Retail,North,82,70995.6,0.26,0,1,1170
2023-03-05,SKU_016,Retail,South,68,239185.91999999998,0.04,1,1,3664
2023-05-18,SKU_033,Amazon,North,58,232016.24,0.03,1,0,4124
2023-02-13,SKU_046,Flipkart,East,49,230949.25,0.15,0,1,5545
2023-02-28,SKU_047,Flipkart,South,49,108280.2,0.13,0,1,2540
2023-06-14,SKU_012,D2C,South,54,237722.04,0.26,1,1,5949
2023-02-19,SKU_009,Flipkart,West,58,160134.52000000002,0.09,1,1,3034
2023-03-19,SKU_002,Amazon,East,84,298116.0,0.22,0,0,4550
2023-05-20,SKU_016,Distributor,Central,99,133186.68,0.26,1,1,1818
2023-01-28,SKU_011,D2C,South,55,234957.8,0.24,1,1,5621
2023-01-25,SKU_046,D2C,North,6,19697.58,0.19,0,1,4053
2023-03-27,SKU_049,Flipkart,Central,30,60142.5,0.01,1,1,2025
2023-01-18,SKU_011,D2C,North,86,373456.72000000003,0.09,1,0,4772
2023-04-20,SKU_048,Amazon,South,64,366656.0,0.0,1,1,5729
2023-06-23,SKU_003,D2C,South,58,209066.22,0.01,1,0,3641
2023-01-19,SKU_006,Flipkart,Central,46,60970.24,0.24,0,1,1744
2023-03-09,SKU_035,D2C,West,26,48033.96000000001,0.18,1,0,2253
2023-06-11,SKU_020,Distributor,South,83,421155.28,0.09,0,1,5576
2023-02-08,SKU_029,Flipkart,South,33,61025.58,0.26,1,0,2499
2023-05-20,SKU_039,Amazon,North,64,314654.72000000003,0.08,1,0,5344
2023-05-18,SKU_012,Distributor,South,23,72664.81999999999,0.06,1,1,3361
2023-02-15,SKU_031,Flipkart,Central,45,170446.5,0.3,1,0,5411
2023-04-16,SKU_047,Retail,Central,69,259164.0,0.2,0,0,4695
2023-04-19,SKU_004,Amazon,East,45,140760.0,0.15,1,0,3680
2023-01-05,SKU_050,Retail,West,42,103899.59999999999,0.16,0,1,2945
2023-05-29,SKU_027,D2C,West,50,103194.0,0.09,1,0,2268
2023-05-20,SKU_049,Amazon,Central,23,60099.0,0.22,0,1,3350
2023-05-16,SKU_028,Flipkart,East,19,48066.200000000004,0.09,0,0,2780
2023-06-11,SKU_026,Flipkart,West,64,112178.56,0.03,0,0,1807
2023-05-26,SKU_029,Amazon,North,41,44496.479999999996,0.16,1,1,1292
2023-05-15,SKU_012,Distributor,North,64,213964.8,0.16,0,0,3980
2023-04-29,SKU_009,Distributor,East,72,315740.16,0.04,0,1,4568
2023-01-27,SKU_018,Amazon,East,73,148755.75,0.25,0,0,2717
2023-06-10,SKU_003,Amazon,West,17,38306.27,0.03,1,1,2323
2023-04-26,SKU_044,Retail,East,36,122920.2,0.15,1,0,4017
2023-04-28,SKU_020,Flipkart,Central,60,142721.4,0.21,1,1,3011
2023-04-09,SKU_014,Distributor,North,61,191798.64,0.12,1,0,3573
2023-04-13,SKU_044,Flipkart,South,94,369702.0,0.05,1,1,4140
2023-06-14,SKU_036,Distributor,South,31,62116.560000000005,0.08,0,1,2178
2023-06-28,SKU_022,Flipkart,South,73,390547.08,0.01,1,1,5404
2023-01-25,SKU_036,Amazon,South,57,54323.28,0.24,1,1,1254
2023-06-21,SKU_010,Flipkart,East,17,60958.770000000004,0.21,0,0,4539
2023-05-06,SKU_018,Retail,North,39,208957.32,0.01,0,1,5412
2023-05-28,SKU_013,Flipkart,Central,55,136690.4,0.02,0,1,2536
2023-02-04,SKU_007,Distributor,South,15,19496.25,0.25,1,1,1733
2023-05-09,SKU_014,Distributor,West,8,12617.76,0.03,1,0,1626
2023-01-21,SKU_045,Retail,North,14,12495.0,0.15,1,1,1050
2023-02-13,SKU_011,D2C,East,55,128551.49999999999,0.3,1,0,3339
2023-03-29,SKU_050,D2C,North,40,159485.2,0.21,1,0,5047
2023-06-25,SKU_012,Amazon,North,37,152996.48,0.09,1,1,4544
2023-04-07,SKU_017,Amazon,West,38,94414.8,0.18,0,1,3030
2023-04-10,SKU_005,Retail,North,21,65203.32,0.09,1,0,3412
2023-01-10,SKU_045,Amazon,West,40,176608.0,0.2,0,0,5519
2023-05-28,SKU_033,Flipkart,West,13,39034.71,0.19,0,1,3707
2023-05-18,SKU_033,Flipkart,East,73,190475.25,0.29,0,1,3675
2023-03-15,SKU_046,D2C,North,83,282629.94,0.13,0,0,3914
2023-06-12,SKU_008,Distributor,East,3,16646.28,0.02,0,1,5662
2023-03-28,SKU_005,D2C,West,40,158567.2,0.26,0,0,5357
2023-03-24,SKU_016,D2C,North,41,107930.45,0.15,0,0,3097
2023-06-17,SKU_048,Distributor,South,46,116212.56,0.26,1,1,3414
2023-03-14,SKU_020,Retail,East,70,183799.0,0.3,0,0,3751
2023-05-19,SKU_018,Amazon,East,40,85988.0,0.3,0,1,3071
2023-06-16,SKU_032,Retail,Central,48,177759.36000000002,0.19,1,1,4572
2023-03-02,SKU_038,Amazon,East,109,550123.0,0.02,1,0,5150
2023-02-02,SKU_033,Amazon,North,47,64871.280000000006,0.19,0,1,1704
2023-01-26,SKU_010,Distributor,West,85,300288.0,0.08,1,1,3840
2023-04-19,SKU_044,Retail,North,60,138690.6,0.03,1,0,2383
2023-06-29,SKU_045,Amazon,North,38,67497.12,0.28,0,1,2467
2023-02-19,SKU_034,Amazon,East,35,51316.65,0.01,0,0,1481
2023-06-30,SKU_046,Distributor,East,49,131852.13999999998,0.17,1,0,3242
2023-02-14,SKU_044,D2C,South,27,29937.6,0.16,0,0,1320
2023-03-08,SKU_040,D2C,South,32,63990.08,0.23,0,0,2597
2023-05-09,SKU_036,D2C,East,41,78414.96,0.22,1,0,2452
2023-04-16,SKU_023,Flipkart,West,55,47216.4,0.16,0,1,1022
2023-01-23,SKU_013,Retail,South,86,95356.8,0.01,1,1,1120
2023-01-21,SKU_019,Flipkart,West,40,94842.0,0.01,0,1,2395
2023-02-18,SKU_016,Retail,North,59,67132.56,0.12,0,0,1293
2023-05-09,SKU_039,Flipkart,North,17,49937.159999999996,0.16,0,0,3497
2023-06-23,SKU_008,Retail,South,71,238527.34000000003,0.18,1,1,4097
2023-06-13,SKU_035,Retail,East,15,39971.25,0.05,0,1,2805
2023-03-15,SKU_018,Retail,Central,65,281959.6,0.14,1,0,5044
2023-05-14,SKU_010,Flipkart,West,48,119635.2,0.07,1,1,2680
2023-05-02,SKU_006,Retail,West,47,221609.7,0.1,1,1,5239
2023-04-18,SKU_042,D2C,Central,43,166420.32,0.12,1,1,4398
2023-04-20,SKU_041,Amazon,North,23,24883.239999999998,0.26,1,1,1462
2023-03-14,SKU_049,Flipkart,South,25,125465.0,0.08,1,1,5455
2023-01-14,SKU_050,Amazon,South,66,136536.84,0.19,1,1,2554
2023-05-27,SKU_029,Distributor,South,50,59101.49999999999,0.07,0,1,1271
2023-01-29,SKU_027,Flipkart,West,43,159921.3,0.02,0,0,3795
2023-02-06,SKU_045,D2C,Central,58,186678.8,0.3,0,0,4598
2023-02-20,SKU_042,Retail,East,52,267281.56,0.03,0,1,5299
2023-04-14,SKU_043,Amazon,North,34,42766.56,0.28,1,0,1747
2023-02-21,SKU_013,D2C,North,99,118644.57,0.21,0,1,1517
2023-06-03,SKU_044,D2C,Central,64,242492.8,0.17,1,1,4565
2023-05-01,SKU_002,Flipkart,Central,52,111462.0,0.25,0,1,2858
2023-05-17,SKU_033,Flipkart,West,39,46608.12,0.08,1,0,1299
2023-02-08,SKU_046,Amazon,South,69,127390.56,0.12,1,0,2098
2023-03-01,SKU_024,Distributor,West,34,107690.24,0.02,1,0,3232
2023-06-08,SKU_013,Distributor,Central,32,71592.0,0.25,1,0,2983
2023-04-17,SKU_023,Distributor,East,83,434415.36,0.06,1,1,5568
2023-03-30,SKU_008,Amazon,Central,50,78337.5,0.25,0,0,2089
2023-02-10,SKU_002,Amazon,West,34,68120.7,0.05,1,0,2109
2023-06-02,SKU_048,Amazon,North,50,169128.0,0.13,1,0,3888
2023-06-24,SKU_021,Retail,North,67,195323.75999999998,0.28,1,0,4049
2023-06-18,SKU_001,Flipkart,West,62,238722.94,0.17,1,0,4639
2023-03-03,SKU_001,Distributor,South,69,250359.59999999998,0.06,0,1,3860
2023-06-25,SKU_035,Flipkart,East,25,78754.5,0.26,0,1,4257
2023-02-16,SKU_042,Distributor,East,68,110002.23999999999,0.27,0,0,2216
2023-03-07,SKU_002,Distributor,Central,46,150684.04,0.14,1,0,3809
2023-06-26,SKU_045,Retail,East,51,113568.84,0.16,1,0,2651
2023-04-10,SKU_041,Retail,West,74,367844.38,0.17,0,1,5989
2023-05-07,SKU_027,D2C,Central,64,357456.64,0.03,0,0,5758
2023-01-05,SKU_001,Flipkart,North,57,92024.22,0.11,0,1,1814
2023-06-16,SKU_042,Distributor,West,10,42938.100000000006,0.19,1,1,5301
2023-03-30,SKU_027,D2C,East,49,93045.12,0.04,1,0,1978
2023-02-26,SKU_030,Amazon,South,34,109668.02,0.23,1,1,4189
2023-01-16,SKU_022,Retail,South,64,246495.36,0.13,1,0,4427
2023-05-14,SKU_010,Amazon,Central,69,130979.25,0.25,0,0,2531
2023-05-25,SKU_023,Distributor,Central,43,185417.72,0.14,1,0,5014
2023-04-21,SKU_047,D2C,East,36,134923.68,0.14,1,1,4358
2023-06-23,SKU_022,Distributor,East,81,384600.14999999997,0.03,0,0,4895
2023-03-12,SKU_040,Amazon,Central,37,116825.28,0.22,0,0,4048
2023-01-03,SKU_011,Retail,West,26,42941.079999999994,0.06,0,1,1757
2023-01-16,SKU_044,Amazon,East,33,140439.42,0.19,0,0,5254
2023-04-26,SKU_026,D2C,East,38,145521.0,0.25,1,0,5106
2023-05-22,SKU_050,D2C,East,32,79168.0,0.0,0,1,2474
2023-02-13,SKU_033,Amazon,West,66,185993.28,0.24,0,1,3708
2023-06-29,SKU_021,Amazon,Central,6,25320.600000000002,0.19,1,0,5210
2023-03-20,SKU_040,Flipkart,South,32,140457.6,0.1,0,0,4877
2023-01-30,SKU_006,D2C,East,49,51965.97,0.13,0,0,1219
2023-06-05,SKU_034,Flipkart,East,54,171383.04,0.13,1,0,3648
2023-02-26,SKU_038,Retail,East,83,428329.8,0.06,0,0,5490
2023-01-13,SKU_006,Amazon,East,80,409874.4,0.13,0,1,5889
2023-02-16,SKU_048,Distributor,West,17,58054.32,0.07,0,1,3672
2023-03-23,SKU_012,Flipkart,East,11,15184.4,0.15,0,1,1624
2023-06-27,SKU_049,Retail,East,50,69768.0,0.24,0,1,1836
2023-05-11,SKU_010,Amazon,West,36,125828.64,0.27,1,1,4788
2023-03-02,SKU_020,Distributor,West,26,131022.84,0.06,0,0,5361
2023-06-06,SKU_047,Amazon,North,50,259116.0,0.12,1,1,5889
2023-04-12,SKU_045,D2C,South,54,209943.36000000002,0.12,0,0,4418
2023-05-23,SKU_024,Flipkart,West,33,58501.08,0.21,0,0,2244
2023-01-23,SKU_021,D2C,North,37,53488.68,0.16,0,1,1721
2023-02-07,SKU_040,Retail,North,34,113542.66,0.23,1,0,4337
2023-04-26,SKU_021,Flipkart,North,41,40885.2,0.28,1,0,1385
2023-06-24,SKU_027,Amazon,West,60,300409.2,0.02,0,1,5109
2023-03-07,SKU_015,Retail,Central,28,37394.28,0.29,1,0,1881
2023-06-16,SKU_047,Amazon,West,37,108508.04999999999,0.05,1,0,3087
2023-06-11,SKU_033,Retail,East,42,35493.36,0.26,0,0,1142
2023-02-02,SKU_001,Distributor,South,49,252357.84,0.08,0,1,5598
2023-06-18,SKU_041,Distributor,West,55,133783.65000000002,0.19,0,0,3003
2023-04-14,SKU_018,Amazon,North,90,253400.40000000002,0.19,0,1,3476
2023-05-15,SKU_050,Flipkart,Central,61,139987.68,0.16,0,1,2732
2023-05-27,SKU_031,D2C,North,61,270964.44,0.19,0,1,5484
2023-01-28,SKU_046,Distributor,West,44,191711.52000000002,0.09,0,0,4788
2023-01-12,SKU_047,Flipkart,West,30,54504.0,0.2,0,0,2271
2023-03-12,SKU_032,Retail,West,39,90211.68000000001,0.21,1,0,2928
2023-04-06,SKU_024,Distributor,East,35,98878.5,0.1,1,0,3139
2023-01-17,SKU_019,Distributor,East,57,234635.94,0.01,1,0,4158
2023-06-26,SKU_042,Distributor,West,16,71014.4,0.05,0,1,4672
2023-02-01,SKU_047,Flipkart,South,61,113439.26000000001,0.21,0,1,2354
2023-03-18,SKU_026,Amazon,West,47,220234.95,0.11,0,1,5265
2023-06-02,SKU_025,D2C,East,64,179114.24000000002,0.18,1,1,3413
2023-02-28,SKU_037,Flipkart,North,35,141336.3,0.26,0,1,5457
2023-01-11,SKU_036,Flipkart,South,31,149296.0,0.14,0,1,5600
2023-04-15,SKU_022,Retail,South,41,130296.36,0.29,0,0,4476
2023-06-09,SKU_013,D2C,South,41,104307.28,0.12,1,1,2891
2023-02-18,SKU_041,Flipkart,West,66,142263.66,0.17,1,1,2597
2023-06-16,SKU_002,D2C,Central,65,327488.85,0.11,1,0,5661
2023-04-17,SKU_013,Retail,Central,88,92505.6,0.2,1,0,1314
2023-01-25,SKU_016,Flipkart,East,40,124002.0,0.17,0,1,3735
2023-02-20,SKU_039,Distributor,East,0,0.0,0.12,0,0,5867
2023-02-21,SKU_015,Retail,East,41,74242.8,0.28,0,1,2515
2023-06-03,SKU_026,Amazon,North,54,160808.76,0.11,0,0,3346
2023-04-21,SKU_013,Distributor,West,64,102374.4,0.14,1,0,1860
2023-01-28,SKU_008,D2C,East,56,221662.56,0.26,1,0,5349
2023-04-19,SKU_021,D2C,North,40,122517.59999999999,0.29,1,1,4314
2023-03-22,SKU_028,Flipkart,North,84,264201.84,0.11,1,1,3534
2023-03-25,SKU_047,Amazon,West,29,88436.66,0.26,1,1,4121
2023-01-14,SKU_047,Retail,East,44,104029.2,0.26,0,1,3195
2023-05-15,SKU_007,Amazon,East,28,89216.40000000001,0.22,0,0,4085
2023-04-28,SKU_044,Retail,West,50,53996.5,0.21,1,0,1367
2023-04-27,SKU_005,D2C,West,81,284763.6,0.06,0,1,3740
2023-04-18,SKU_031,D2C,Central,47,227116.22000000003,0.18,0,0,5893
2023-04-06,SKU_042,Flipkart,North,47,67706.79,0.07,1,1,1549
2023-03-05,SKU_038,Distributor,East,16,36130.4,0.05,0,0,2377
2023-01-01,SKU_015,D2C,North,44,160622.0,0.02,1,0,3725
2023-04-22,SKU_023,Amazon,North,73,95841.7,0.05,0,0,1382
2023-05-31,SKU_033,Flipkart,Central,44,206355.6,0.1,0,1,5211
2023-01-25,SKU_004,Amazon,South,43,127066.72,0.08,0,0,3212
2023-04-09,SKU_002,D2C,South,72,334622.88,0.13,1,0,5342
2023-03-20,SKU_035,Retail,West,43,116040.66,0.18,1,0,3291
2023-06-13,SKU_007,Amazon,South,75,380295.0,0.1,0,1,5634
2023-03-29,SKU_044,Distributor,Central,24,97397.52,0.21,1,1,5137
2023-04-16,SKU_045,Retail,West,63,153888.84,0.21,0,1,3092
2023-04-17,SKU_020,D2C,South,82,305655.0,0.3,0,0,5325
2023-03-31,SKU_026,Amazon,East,70,85344.0,0.2,1,0,1524
2023-04-23,SKU_028,Distributor,West,12,38188.92,0.23,0,0,4133
2023-05-16,SKU_024,Distributor,Central,37,34162.1,0.3,1,1,1319
2023-01-24,SKU_032,D2C,East,45,127927.8,0.09,1,0,3124
2023-03-07,SKU_038,Amazon,Central,70,253369.19999999998,0.07,0,0,3892
2023-01-13,SKU_024,Flipkart,West,23,106936.2,0.16,1,0,5535
2023-02-03,SKU_013,Distributor,North,29,83335.56,0.16,1,1,3421
2023-04-12,SKU_001,Retail,Central,17,26067.63,0.21,0,1,1941
2023-01-05,SKU_001,D2C,North,33,83504.51999999999,0.29,1,1,3564
2023-04-18,SKU_012,D2C,Central,24,99796.8,0.15,1,1,4892
2023-05-05,SKU_034,Distributor,East,81,174645.72,0.24,1,1,2837
2023-04-08,SKU_016,Flipkart,North,37,86609.6,0.12,0,1,2660
2023-05-20,SKU_026,Distributor,East,63,279236.16,0.24,1,1,5832
2023-01-13,SKU_036,D2C,East,50,194953.0,0.26,0,0,5269
2023-04-14,SKU_003,Flipkart,West,50,108750.0,0.25,0,1,2900
2023-01-15,SKU_011,Flipkart,North,38,101950.2,0.1,0,1,2981
2023-01-07,SKU_023,Retail,East,65,173294.55,0.01,0,0,2693
2023-02-12,SKU_006,Amazon,East,53,261695.44999999998,0.15,1,1,5809
2023-01-28,SKU_004,Flipkart,Central,51,196385.69999999998,0.3,1,0,5501
2023-02-17,SKU_036,Distributor,East,38,76965.20000000001,0.18,0,1,2470
2023-04-06,SKU_016,Flipkart,North,41,71438.4,0.28,1,1,2420
2023-05-07,SKU_022,Retail,North,61,207654.37,0.23,0,0,4421
2023-02-22,SKU_024,Amazon,West,54,76703.76,0.16,0,1,1691
2023-05-05,SKU_037,Amazon,Central,52,69703.4,0.15,0,1,1577
2023-01-21,SKU_043,Distributor,North,34,123727.7,0.27,0,1,4985
2023-04-09,SKU_017,Amazon,East,88,124606.23999999999,0.17,0,0,1706
2023-03-11,SKU_012,Retail,North,40,68065.2,0.27,1,1,2331
2023-06-06,SKU_019,Flipkart,West,49,126073.08,0.16,0,1,3063
2023-01-31,SKU_045,Retail,South,46,228735.0,0.1,1,1,5525
2023-03-30,SKU_048,Distributor,East,89,471619.89999999997,0.05,0,1,5578
2023-06-14,SKU_013,Flipkart,North,44,136268.88,0.29,0,0,4362
2023-04-23,SKU_006,Distributor,North,42,204805.02,0.11,1,1,5479
2023-06-06,SKU_039,Flipkart,West,52,169074.88,0.03,0,0,3352
2023-04-13,SKU_043,D2C,Central,36,61735.68,0.08,0,1,1864
2023-02-18,SKU_013,Retail,West,52,101687.04,0.03,0,0,2016
2023-01-29,SKU_031,D2C,North,97,547266.24,0.04,1,1,5877
2023-03-05,SKU_019,Distributor,West,55,176738.1,0.02,0,1,3279
2023-04-09,SKU_049,D2C,West,55,218300.5,0.05,0,0,4178
2023-02-04,SKU_006,D2C,South,35,40840.100000000006,0.18,0,1,1423
2023-03-18,SKU_036,D2C,South,84,412525.68,0.11,1,1,5518
2023-04-28,SKU_020,Distributor,East,88,472074.24,0.04,0,0,5588
2023-02-01,SKU_030,Distributor,South,67,118541.76,0.04,0,0,1843
2023-02-06,SKU_014,D2C,East,63,62411.58,0.21,1,1,1254
2023-06-15,SKU_017,D2C,South,45,55950.299999999996,0.17,1,1,1498
2023-03-10,SKU_021,Flipkart,Central,57,256454.4,0.05,0,0,4736
2023-06-07,SKU_005,Distributor,East,33,41877.0,0.06,1,1,1350
2023-04-14,SKU_011,D2C,East,27,48412.89,0.13,0,0,2061
2023-05-20,SKU_036,Distributor,West,20,81869.2,0.02,1,0,4177
2023-05-24,SKU_035,Distributor,North,58,213846.0,0.0,0,0,3687
2023-06-27,SKU_040,Flipkart,South,22,74052.88,0.24,1,0,4429
2023-01-25,SKU_004,D2C,South,40,148177.19999999998,0.03,0,0,3819
2023-01-02,SKU_030,Distributor,West,48,275495.52,0.03,0,1,5917
2023-02-17,SKU_024,Flipkart,Central,69,127843.2,0.04,0,1,1930
2023-03-12,SKU_049,Flipkart,North,38,132240.0,0.25,0,0,4640
2023-02-11,SKU_004,D2C,South,72,157132.8,0.12,0,1,2480
2023-01-30,SKU_041,Flipkart,South,68,135260.16,0.26,1,0,2688
2023-03-12,SKU_014,Distributor,East,28,33825.96,0.07,1,1,1299
2023-05-23,SKU_022,Flipkart,West,72,196620.47999999998,0.16,0,0,3251
2023-06-18,SKU_044,Retail,West,44,229838.4,0.1,0,0,5804
2023-01-14,SKU_025,Retail,Central,40,113531.6,0.09,0,1,3119
2023-05-03,SKU_039,Retail,South,44,166980.0,0.25,1,1,5060
2023-02-20,SKU_005,Distributor,West,49,44639.98,0.18,1,1,1111
2023-03-28,SKU_046,Retail,East,41,217150.34999999998,0.07,1,0,5695
2023-06-29,SKU_020,Flipkart,South,33,109415.79000000001,0.21,0,1,4197
2023-04-12,SKU_009,D2C,South,34,47847.52,0.02,0,0,1436
2023-05-04,SKU_007,Distributor,North,52,192441.6,0.2,1,1,4626
2023-01-13,SKU_002,Amazon,South,46,74293.68,0.14,1,1,1878
2023-02-22,SKU_015,Retail,North,60,256851.00000000003,0.19,1,1,5285
2023-03-19,SKU_005,Retail,West,51,208973.52,0.16,1,1,4878
2023-06-18,SKU_046,D2C,Central,51,254319.65999999997,0.07,1,1,5362
2023-05-06,SKU_021,Distributor,West,61,237762.75,0.25,0,0,5197
2023-03-28,SKU_039,Retail,Central,78,247572.0,0.25,0,0,4232
2023-02-08,SKU_026,D2C,East,79,100279.44,0.28,1,1,1763
2023-02-17,SKU_023,Flipkart,West,76,186301.84,0.27,0,0,3358
2023-02-06,SKU_026,Amazon,Central,67,63727.72,0.21,0,1,1204
2023-01-29,SKU_008,Amazon,North,91,269587.5,0.25,1,0,3950
2023-05-25,SKU_050,D2C,East,58,243582.02,0.27,0,1,5753
2023-03-11,SKU_013,Flipkart,North,56,48171.2,0.15,0,0,1012
2023-05-10,SKU_029,Retail,South,94,387785.72000000003,0.21,1,1,5222
2023-03-09,SKU_028,Amazon,East,0,0.0,0.22,0,0,1365
2023-04-25,SKU_031,Amazon,West,45,77036.85,0.21,0,0,2167
2023-05-02,SKU_001,Flipkart,Central,75,343269.0,0.14,0,1,5322
2023-03-09,SKU_008,D2C,North,69,193752.0,0.04,0,0,2925
2023-02-12,SKU_003,Flipkart,East,101,420806.39999999997,0.16,0,0,4960
2023-05-12,SKU_033,Retail,South,52,104442.0,0.25,0,1,2678
2023-02-28,SKU_047,Retail,Central,41,186336.8,0.24,0,1,5980
2023-03-01,SKU_047,D2C,South,43,112066.59999999999,0.17,0,0,3140
2023-01-31,SKU_048,D2C,West,56,94752.0,0.2,1,0,2115
2023-04-20,SKU_023,Amazon,South,82,355679.10000000003,0.19,0,0,5355
2023-04-27,SKU_008,Amazon,West,82,85120.92,0.27,0,1,1422
2023-06-25,SKU_047,Distributor,East,48,177408.0,0.16,1,0,4400
2023-06-22,SKU_019,Retail,South,55,144573.55,0.17,0,1,3167
2023-05-29,SKU_001,Retail,East,37,131034.76,0.14,1,1,4118
2023-01-08,SKU_002,Retail,Central,39,44324.28,0.01,1,1,1148
2023-06-07,SKU_030,Retail,North,70,107290.4,0.02,1,0,1564
2023-01-26,SKU_014,Retail,West,82,347059.25999999995,0.07,1,0,4551
2023-03-23,SKU_039,Flipkart,Central,36,116841.6,0.2,1,0,4057
2023-02-11,SKU_005,Distributor,Central,54,189481.68000000002,0.19,0,1,4332
2023-06-25,SKU_049,Retail,East,45,155912.4,0.08,0,0,3766
2023-03-17,SKU_032,Retail,West,67,105007.76,0.12,1,1,1781
2023-05-09,SKU_042,Amazon,East,42,125154.96,0.18,1,0,3634
2023-04-27,SKU_027,Flipkart,West,11,36395.37,0.03,0,1,3411
2023-05-03,SKU_029,Flipkart,Central,70,251685.0,0.1,0,1,3995
2023-01-05,SKU_026,Flipkart,Central,43,95622.54000000001,0.22,0,1,2851
2023-02-02,SKU_024,Retail,East,46,43415.72,0.18,0,1,1151
2023-01-30,SKU_050,Flipkart,East,58,64919.4,0.09,0,1,1230
2023-02-28,SKU_038,Amazon,Central,57,185739.06,0.17,0,1,3926
2023-03-15,SKU_036,Distributor,North,59,60401.25,0.25,0,0,1365
2023-01-24,SKU_036,Distributor,North,17,80189.0,0.11,1,0,5300
2023-02-05,SKU_043,Retail,West,61,327072.24,0.01,1,0,5416
2023-03-03,SKU_043,D2C,South,11,62222.159999999996,0.02,0,0,5772
2023-04-20,SKU_002,Distributor,West,65,86759.4,0.16,1,0,1589
2023-03-29,SKU_023,Flipkart,North,72,324142.56,0.19,0,0,5558
2023-04-18,SKU_011,Amazon,North,22,65809.04,0.17,0,1,3604
2023-01-26,SKU_045,Amazon,East,56,280310.8,0.05,1,1,5269
2023-03-05,SKU_021,Amazon,Central,71,310580.27,0.09,1,1,4807
2023-06-03,SKU_046,Retail,South,41,155486.35,0.27,1,0,5195
2023-03-03,SKU_040,Amazon,Central,63,232577.09999999998,0.05,0,0,3886
2023-04-09,SKU_042,Flipkart,South,0,0.0,0.29,0,0,4921
2023-01-26,SKU_038,Retail,West,71,154246.08,0.07,1,1,2336
2023-06-11,SKU_024,Amazon,Central,50,128386.49999999999,0.07,0,0,2761
2023-06-04,SKU_015,Distributor,North,44,155461.68000000002,0.19,0,1,4362
2023-01-07,SKU_001,D2C,East,69,199993.05,0.05,0,0,3051
2023-04-28,SKU_022,Amazon,North,84,221195.52,0.04,0,1,2743
2023-02-22,SKU_044,D2C,Central,59,236220.66,0.13,0,0,4602
2023-02-17,SKU_015,D2C,West,82,67387.59999999999,0.3,0,1,1174
2023-06-11,SKU_010,D2C,South,18,89862.12,0.06,0,0,5311
2023-03-06,SKU_035,Retail,South,63,288268.47000000003,0.19,0,0,5649
2023-03-27,SKU_020,Amazon,West,47,35038.5,0.29,0,1,1050
2023-01-07,SKU_029,Flipkart,East,34,46227.76,0.24,0,1,1789
2023-05-30,SKU_020,Amazon,Central,11,12644.279999999999,0.07,0,0,1236
2023-04-27,SKU_026,Distributor,Central,62,57718.28,0.11,1,1,1046
2023-01-14,SKU_047,Flipkart,West,67,157458.04,0.18,1,1,2866
2023-06-08,SKU_022,Amazon,South,76,295305.60000000003,0.2,1,1,4857
2023-05-08,SKU_006,D2C,South,73,182094.12,0.22,1,0,3198
2023-05-14,SKU_024,Amazon,South,34,149850.24,0.04,0,1,4591
2023-03-30,SKU_019,Amazon,West,75,223440.0,0.2,0,1,3724
2023-05-21,SKU_044,D2C,South,77,382598.37,0.01,1,1,5019
2023-04-30,SKU_043,Amazon,East,44,181249.2,0.1,1,1,4577
2023-05-05,SKU_030,Distributor,East,50,152038.0,0.24,0,1,4001
2023-03-21,SKU_047,Retail,Central,31,27654.48,0.28,0,0,1239
2023-04-13,SKU_022,Distributor,South,79,260139.1,0.15,1,1,3874
2023-01-06,SKU_005,Flipkart,South,19,71756.16,0.16,1,1,4496
2023-02-28,SKU_011,Flipkart,West,60,337651.2,0.04,0,1,5862
2023-02-15,SKU_028,Distributor,North,38,65869.2,0.1,1,1,1926
2023-02-12,SKU_031,Flipkart,North,27,125738.19,0.03,1,1,4801
2023-04-19,SKU_029,Amazon,Central,12,50880.0,0.2,0,1,5300
2023-01-06,SKU_022,D2C,West,45,225311.4,0.14,1,1,5822
2023-01-09,SKU_007,Distributor,North,24,43513.2,0.15,1,1,2133
2023-01-21,SKU_001,Distributor,Central,51,176631.36000000002,0.21,0,0,4384
2023-04-17,SKU_028,D2C,East,85,157437.0,0.16,1,1,2205
2023-02-19,SKU_022,D2C,North,53,93128.42,0.23,1,1,2282
2023-06-16,SKU_045,Flipkart,West,89,297160.32,0.04,1,1,3478
2023-02-23,SKU_014,Distributor,East,30,117942.3,0.03,0,0,4053
2023-04-13,SKU_015,Flipkart,East,24,63000.0,0.25,1,1,3500
2023-02-07,SKU_007,Amazon,North,29,54105.3,0.1,0,1,2073
2023-01-05,SKU_023,Distributor,South,48,116484.0,0.15,0,0,2855
2023-05-27,SKU_026,Distributor,Central,104,114478.0,0.15,0,1,1295
2023-06-10,SKU_025,D2C,North,16,63829.759999999995,0.06,0,0,4244
2023-04-25,SKU_010,D2C,South,62,203699.76,0.24,0,0,4323
2023-05-13,SKU_038,Flipkart,East,36,144529.91999999998,0.04,0,1,4182
2023-03-10,SKU_048,Flipkart,West,45,96390.0,0.0,1,0,2142
2023-02-07,SKU_049,Flipkart,South,24,51561.36,0.27,1,0,2943
2023-06-11,SKU_040,Distributor,North,67,258539.6,0.12,1,1,4385
2023-05-26,SKU_017,Amazon,East,49,54488.979999999996,0.06,1,1,1183
2023-04-07,SKU_001,Amazon,North,71,312534.9,0.1,0,0,4891
2023-01-08,SKU_010,Retail,South,53,167570.1,0.1,0,0,3513
2023-04-13,SKU_043,Amazon,North,11,21711.140000000003,0.18,1,0,2407
2023-03-21,SKU_042,D2C,North,71,210317.62,0.26,1,1,4003
2023-04-13,SKU_037,D2C,West,9,16137.18,0.26,1,0,2423
2023-04-30,SKU_006,Flipkart,North,12,49450.799999999996,0.02,1,0,4205
2023-02-01,SKU_045,Amazon,East,31,133255.36000000002,0.24,0,0,5656
2023-02-01,SKU_037,Flipkart,Central,31,87006.15,0.01,0,0,2835
2023-02-24,SKU_034,Retail,East,77,287129.14999999997,0.15,1,1,4387
2023-06-21,SKU_041,Amazon,West,46,201468.96,0.16,0,0,5214
2023-03-25,SKU_002,D2C,North,74,133592.19999999998,0.3,0,0,2579
2023-02-08,SKU_049,D2C,East,38,59199.44,0.21,1,1,1972
2023-04-04,SKU_025,Retail,West,56,71978.48000000001,0.21,0,0,1627
2023-03-04,SKU_023,D2C,West,59,146640.96,0.04,1,1,2589
2023-05-14,SKU_005,D2C,South,63,297787.77,0.11,0,0,5311
2023-01-15,SKU_043,D2C,North,40,140335.2,0.11,1,0,3942
2023-04-16,SKU_017,D2C,East,42,173628.84,0.14,0,0,4807
2023-06-21,SKU_015,Retail,Central,44,78925.44,0.26,1,1,2424
2023-04-05,SKU_011,Distributor,South,16,67334.08,0.06,0,1,4477
2023-02-02,SKU_016,D2C,North,48,49893.119999999995,0.29,1,1,1464
2023-06-18,SKU_020,D2C,East,42,43659.0,0.1,1,1,1155
2023-03-16,SKU_006,Retail,North,61,238224.52,0.11,1,1,4388
2023-02-17,SKU_047,D2C,North,51,237711.0,0.0,0,0,4661
2023-05-02,SKU_031,Amazon,West,76,369676.16,0.14,0,0,5656
2023-05-13,SKU_029,D2C,West,51,91832.13,0.19,0,1,2223
2023-04-05,SKU_024,D2C,North,38,205890.84,0.07,1,1,5826
2023-06-15,SKU_039,Distributor,East,51,295531.74,0.02,0,0,5913
2023-02-20,SKU_026,Retail,West,64,317153.27999999997,0.13,0,0,5696
2023-03-13,SKU_023,Amazon,East,14,50096.619999999995,0.03,0,0,3689
2023-05-01,SKU_032,Flipkart,North,35,51003.75,0.13,0,1,1675
2023-03-11,SKU_030,Flipkart,East,36,50616.0,0.05,1,0,1480
2023-06-13,SKU_006,Flipkart,West,58,233855.99999999997,0.3,1,0,5760
2023-02-11,SKU_003,D2C,West,60,212464.80000000002,0.08,1,0,3849
2023-02-21,SKU_049,Distributor,South,52,195187.2,0.2,0,0,4692
2023-01-06,SKU_022,Retail,Central,0,0.0,0.1,0,0,3395
2023-06-19,SKU_050,Flipkart,West,16,26590.719999999998,0.06,1,1,1768
2023-03-15,SKU_002,Amazon,South,45,83917.8,0.08,1,0,2027
2023-04-27,SKU_003,D2C,West,39,152454.9,0.03,0,1,4030
2023-06-08,SKU_043,D2C,West,50,100835.0,0.14,0,1,2345
2023-03-24,SKU_006,Retail,Central,40,78355.2,0.23,0,0,2544
2023-02-13,SKU_029,Flipkart,West,80,131551.2,0.01,0,0,1661
2023-01-18,SKU_028,D2C,North,4,4867.12,0.17,1,0,1466
2023-01-26,SKU_043,Retail,South,56,118876.8,0.13,0,1,2440
2023-02-07,SKU_045,Retail,East,66,129692.64,0.12,1,0,2233
2023-01-10,SKU_009,Retail,Central,64,200027.52000000002,0.23,1,1,4059
2023-06-02,SKU_048,Amazon,North,65,108865.25,0.05,0,0,1763
2023-01-13,SKU_024,Distributor,North,68,183375.6,0.11,0,0,3030
2023-06-02,SKU_001,D2C,North,37,144112.78,0.14,1,0,4529
2023-04-17,SKU_006,Retail,East,27,73799.64,0.08,1,0,2971
2023-05-10,SKU_032,Amazon,Central,9,37354.95,0.05,1,0,4369
2023-03-02,SKU_010,Distributor,Central,42,37073.399999999994,0.3,1,1,1261
2023-05-28,SKU_030,Amazon,East,34,45070.74,0.01,1,0,1339
2023-06-21,SKU_033,D2C,North,73,257303.09999999998,0.07,1,0,3790
2023-04-06,SKU_030,Amazon,South,44,49198.6,0.05,1,1,1177
2023-03-08,SKU_012,Amazon,Central,29,30768.13,0.21,1,1,1343
2023-06-05,SKU_035,Distributor,South,26,41057.64,0.07,1,1,1698
2023-04-29,SKU_043,Amazon,North,89,382856.64,0.04,1,0,4481
2023-06-26,SKU_043,Amazon,South,49,281503.52999999997,0.01,1,0,5803
2023-05-24,SKU_043,Amazon,Central,34,72510.09999999999,0.15,0,0,2509
2023-03-26,SKU_050,Amazon,East,52,225223.44,0.26,1,1,5853
2023-02-15,SKU_020,D2C,North,87,150605.69999999998,0.3,0,0,2473
2023-04-10,SKU_048,Flipkart,North,42,139950.72,0.22,0,0,4272
2023-06-15,SKU_019,Flipkart,South,63,104266.26,0.17,0,0,1994
2023-03-31,SKU_024,D2C,South,73,308680.5,0.25,0,0,5638
2023-02-23,SKU_020,Distributor,West,12,20941.8,0.05,1,0,1837
2023-02-05,SKU_022,Flipkart,South,37,29686.58,0.23,1,1,1042
2023-03-18,SKU_017,D2C,West,71,123017.44,0.09,1,1,1904
2023-01-24,SKU_038,Flipkart,East,36,108449.28,0.04,1,0,3138
2023-03-07,SKU_021,Flipkart,South,58,197636.15999999997,0.07,1,0,3664
2023-03-19,SKU_042,Distributor,West,34,42564.6,0.22,0,0,1605
2023-01-20,SKU_049,Amazon,East,41,105591.40000000001,0.21,1,0,3260
2023-05-15,SKU_036,Distributor,East,38,144428.88,0.24,1,0,5001
2023-01-10,SKU_002,Flipkart,North,62,277535.56,0.18,0,1,5459
2023-04-14,SKU_049,D2C,North,54,210772.8,0.15,1,1,4592
2023-01-31,SKU_048,Retail,West,51,237244.86000000002,0.18,1,0,5673
2023-02-22,SKU_015,D2C,Central,100,342342.0,0.22,0,0,4389
2023-02-06,SKU_027,Retail,East,84,141435.0,0.25,0,0,2245
2023-04-03,SKU_006,D2C,East,10,30517.199999999997,0.16,0,0,3633
2023-01-15,SKU_037,Flipkart,North,41,184124.85,0.09,1,0,4935
2023-04-08,SKU_047,Retail,East,98,508841.48,0.11,1,0,5834
2023-06-05,SKU_034,D2C,South,38,69580.28,0.23,1,0,2378
2023-02-27,SKU_028,Distributor,South,91,99382.92,0.24,0,0,1437
2023-04-14,SKU_005,Retail,South,41,58394.659999999996,0.29,0,1,2006
2023-01-01,SKU_027,Retail,Central,45,69870.6,0.24,0,1,2043
2023-03-18,SKU_004,D2C,South,67,197045.66,0.02,1,0,3001
2023-04-26,SKU_008,Amazon,North,48,162552.96000000002,0.08,0,1,3681
2023-04-06,SKU_036,Distributor,North,59,103760.34999999999,0.15,0,1,2069
2023-05-06,SKU_028,Distributor,South,81,162486.81,0.07,1,1,2157
2023-03-29,SKU_039,Distributor,West,65,268457.8,0.21,1,0,5228
2023-02-02,SKU_041,Flipkart,North,52,107323.32,0.11,0,0,2319
2023-02-24,SKU_003,Flipkart,East,83,283000.12,0.17,1,0,4108
2023-05-25,SKU_016,Distributor,East,67,216936.62,0.03,1,0,3338
2023-05-21,SKU_035,D2C,North,35,63952.0,0.2,0,0,2284
2023-05-27,SKU_019,Distributor,South,89,218704.15,0.15,0,0,2891
2023-01-09,SKU_016,Distributor,North,62,272328.8,0.21,0,1,5560
2023-02-24,SKU_019,D2C,East,45,102297.59999999999,0.04,0,1,2368
2023-03-18,SKU_010,Retail,East,9,32198.4,0.2,1,1,4472
2023-05-15,SKU_017,D2C,South,22,84603.2,0.05,0,1,4048
2023-06-19,SKU_009,Distributor,East,84,178399.2,0.26,1,1,2870
2023-02-23,SKU_020,Retail,North,84,416786.16,0.17,1,1,5978
2023-03-02,SKU_020,Distributor,North,51,233686.08,0.14,1,1,5328
2023-01-24,SKU_012,D2C,North,14,42518.7,0.15,1,1,3573
2023-06-14,SKU_003,Flipkart,Central,28,42554.4,0.15,0,1,1788
2023-04-24,SKU_020,Amazon,West,17,63060.48,0.08,0,1,4032
2023-02-02,SKU_046,Amazon,North,16,78619.04000000001,0.11,0,0,5521
2023-05-18,SKU_013,D2C,West,90,93051.0,0.02,0,1,1055
2023-02-13,SKU_022,Distributor,West,91,461122.48,0.03,0,0,5224
2023-02-19,SKU_032,Amazon,North,27,91079.91,0.27,0,1,4621
2023-04-27,SKU_013,D2C,East,49,75430.6,0.14,0,1,1790
2023-02-02,SKU_034,Distributor,South,24,77871.59999999999,0.03,1,1,3345
2023-02-10,SKU_020,Distributor,Central,49,121863.0,0.25,1,0,3316
2023-05-09,SKU_029,Amazon,East,82,254286.91999999998,0.06,1,1,3299
2023-02-20,SKU_045,Flipkart,Central,71,331658.04,0.17,0,1,5628
2023-03-09,SKU_048,Distributor,East,66,246747.6,0.1,1,1,4154
2023-01-08,SKU_049,Distributor,South,46,204640.2,0.1,0,1,4943
2023-03-10,SKU_026,Amazon,Central,75,219696.75,0.09,1,1,3219
2023-03-29,SKU_019,Distributor,South,62,153233.62,0.29,1,1,3481
2023-03-13,SKU_008,Flipkart,South,58,158378.28,0.29,1,0,3846
2023-06-03,SKU_047,Distributor,Central,47,140227.32,0.08,1,1,3243
2023-05-14,SKU_047,Amazon,East,56,63190.4,0.09,0,0,1240
2023-02-13,SKU_024,Retail,North,55,152913.2,0.08,1,1,3022
2023-03-28,SKU_004,D2C,East,39,74899.11,0.21,0,1,2431
2023-03-03,SKU_045,Flipkart,West,34,149015.88,0.22,1,1,5619
2023-02-21,SKU_003,D2C,South,30,66339.0,0.19,1,0,2730
2023-05-12,SKU_038,Amazon,North,31,66833.52,0.22,0,1,2764
2023-04-06,SKU_025,Retail,North,46,77650.3,0.09,1,0,1855
2023-05-10,SKU_042,Flipkart,South,42,97526.52,0.22,0,0,2977
2023-02-13,SKU_001,Distributor,South,37,126799.0,0.08,0,1,3725
2023-03-25,SKU_038,D2C,West,36,108239.04,0.02,0,0,3068
2023-01-27,SKU_045,Flipkart,Central,55,151674.6,0.02,0,1,2814
2023-03-17,SKU_044,D2C,Central,77,187796.07,0.19,0,0,3011
2023-04-07,SKU_029,Distributor,South,49,47948.46,0.06,1,1,1041
2023-05-18,SKU_037,Retail,West,48,120230.88,0.23,0,0,3253
2023-05-31,SKU_024,Distributor,South,31,154097.28,0.04,0,1,5178
2023-04-01,SKU_006,Retail,South,45,81396.0,0.2,1,0,2261
2023-04-18,SKU_001,Flipkart,North,73,113443.45999999999,0.14,0,1,1807
2023-05-17,SKU_039,Amazon,Central,70,261206.4,0.04,0,1,3887
2023-01-09,SKU_041,Retail,East,69,312723.18,0.01,1,0,4578
2023-02-22,SKU_024,Amazon,West,68,311808.56,0.02,0,1,4679
2023-06-27,SKU_002,Flipkart,South,58,252473.41999999998,0.27,1,1,5963
2023-01-04,SKU_004,Retail,Central,58,186568.6,0.05,1,0,3386
2023-06-08,SKU_010,Flipkart,South,54,148282.91999999998,0.14,1,1,3193
2023-03-11,SKU_032,D2C,West,41,100092.07,0.11,1,1,2743
2023-02-19,SKU_002,Distributor,North,51,235650.6,0.1,0,1,5134
2023-01-29,SKU_024,Flipkart,West,54,144751.32,0.18,0,1,3269
2023-03-15,SKU_035,Flipkart,East,62,162836.18,0.11,0,0,2951
2023-05-09,SKU_004,Flipkart,North,52,227585.8,0.05,0,1,4607
2023-05-31,SKU_039,Flipkart,South,92,237992.04,0.01,1,0,2613
2023-01-28,SKU_010,D2C,North,25,71093.0,0.08,1,0,3091
2023-05-24,SKU_020,Distributor,South,65,221657.8,0.24,1,1,4487
2023-06-09,SKU_007,Flipkart,Central,49,50379.84,0.04,1,1,1071
2023-01-18,SKU_020,Flipkart,South,50,73606.5,0.01,0,0,1487
2023-04-24,SKU_006,Flipkart,Central,33,75039.36,0.12,0,0,2584
2023-03-04,SKU_026,Amazon,North,70,275062.2,0.21,0,1,4974
2023-06-22,SKU_005,Flipkart,East,63,110376.0,0.2,0,0,2190
2023-06-09,SKU_039,D2C,East,66,279118.62,0.13,1,1,4861
2023-05-17,SKU_009,Retail,South,53,233090.29,0.21,1,1,5567
2023-06-05,SKU_015,Flipkart,Central,43,125405.20000000001,0.08,1,1,3170
2023-04-15,SKU_027,D2C,West,48,174484.80000000002,0.1,1,0,4039
2023-05-02,SKU_026,Amazon,Central,58,202657.8,0.05,0,0,3678
2023-01-18,SKU_034,Distributor,West,9,13267.800000000001,0.22,1,1,1890
2023-04-20,SKU_016,Retail,South,67,239527.68,0.16,0,1,4256
2023-02-04,SKU_008,Distributor,South,98,97828.5,0.25,0,0,1331
2023-02-21,SKU_001,D2C,South,59,246704.96,0.27,1,0,5728
2023-06-26,SKU_049,Amazon,North,44,49925.92,0.24,0,0,1493
2023-06-26,SKU_037,Retail,South,46,41228.88,0.23,1,1,1164
2023-03-08,SKU_019,Distributor,West,64,217930.24,0.29,0,0,4796
2023-02-12,SKU_034,Distributor,South,44,113482.16,0.14,0,1,2999
2023-06-09,SKU_042,Distributor,North,67,194041.37999999998,0.06,1,0,3081
2023-02-14,SKU_002,Distributor,Central,46,178802.0,0.08,1,1,4225
2023-04-29,SKU_027,Retail,East,84,396829.44,0.04,1,1,4921
2023-01-28,SKU_046,D2C,North,83,198687.06,0.01,0,0,2418
2023-03-16,SKU_025,Flipkart,West,43,120560.81999999999,0.17,0,1,3378
2023-06-09,SKU_037,Retail,North,48,164260.8,0.15,1,0,4026
2023-06-30,SKU_022,Distributor,East,49,209381.9,0.05,1,0,4498
2023-06-25,SKU_040,D2C,West,49,57932.7,0.3,0,1,1689
2023-04-02,SKU_044,Distributor,South,31,57630.86,0.02,0,1,1897
2023-06-13,SKU_020,Distributor,East,28,85170.95999999999,0.14,1,0,3537
2023-03-12,SKU_009,Distributor,West,74,211225.6,0.2,1,0,3568
2023-06-23,SKU_025,Flipkart,North,71,295874.04,0.16,0,1,4961
2023-03-10,SKU_043,Amazon,Central,71,251783.03999999998,0.04,1,0,3694
2023-03-18,SKU_032,Distributor,West,48,107460.48,0.03,0,0,2308
2023-06-19,SKU_048,Distributor,East,87,270416.88,0.28,1,0,4317
2023-01-07,SKU_030,Amazon,North,49,193122.72,0.28,1,1,5474
2023-02-28,SKU_017,Distributor,Central,67,174477.38,0.23,0,1,3382
2023-06-06,SKU_049,Flipkart,North,22,47141.82,0.13,0,1,2463
2023-04-20,SKU_047,D2C,South,45,140616.0,0.1,1,1,3472
2023-03-24,SKU_046,Amazon,East,46,55561.560000000005,0.18,0,0,1473
2023-05-10,SKU_048,Amazon,East,48,142648.32,0.26,0,0,4016
2023-02-15,SKU_015,Flipkart,East,23,31803.94,0.17,0,0,1666
2023-03-14,SKU_013,Distributor,North,64,95869.44,0.27,1,1,2052
2023-03-11,SKU_011,Retail,East,70,335260.8,0.04,1,0,4989
2023-03-16,SKU_006,Flipkart,East,35,106814.4,0.04,0,0,3179
2023-03-26,SKU_023,D2C,West,27,97406.81999999999,0.27,1,1,4942
2023-02-13,SKU_049,Amazon,South,34,130743.6,0.22,1,0,4930
2023-03-14,SKU_001,Distributor,West,59,200736.87999999998,0.29,0,0,4792
2023-06-09,SKU_023,Amazon,Central,38,56339.939999999995,0.27,1,0,2031
2023-02-07,SKU_027,Retail,East,47,126216.62,0.26,0,0,3629
2023-01-15,SKU_010,Amazon,North,28,143139.36,0.13,1,1,5876
2023-04-25,SKU_032,Distributor,West,89,331085.33999999997,0.17,1,0,4482
2023-04-27,SKU_031,Retail,North,51,158168.34,0.26,1,1,4191
2023-04-06,SKU_024,Distributor,North,72,102098.88,0.22,0,1,1818
2023-06-10,SKU_011,D2C,Central,59,248369.94,0.09,0,1,4626
2023-03-20,SKU_048,Distributor,Central,49,116844.90999999999,0.17,1,1,2873
2023-05-24,SKU_027,Distributor,West,48,234446.4,0.1,0,0,5427
2023-01-02,SKU_043,Retail,North,35,187790.4,0.04,1,0,5589
2023-02-09,SKU_029,Flipkart,East,40,201456.0,0.1,0,1,5596
2023-06-17,SKU_015,Flipkart,North,29,128779.72,0.24,0,0,5843
2023-04-17,SKU_034,Retail,West,27,34752.24,0.07,1,1,1384
2023-03-29,SKU_040,Distributor,North,91,249252.64,0.24,1,1,3604
2023-05-11,SKU_017,Flipkart,North,55,199002.65,0.23,0,1,4699
2023-01-09,SKU_038,Amazon,East,79,202556.0,0.2,0,1,3205
2023-05-18,SKU_039,Flipkart,East,34,112428.81999999999,0.03,0,0,3409
2023-02-23,SKU_045,Retail,South,24,97111.68,0.26,0,1,5468
2023-01-22,SKU_050,Retail,West,30,97019.4,0.03,1,0,3334
2023-05-19,SKU_048,Flipkart,West,41,37892.61,0.19,0,0,1141
2023-02-09,SKU_001,Amazon,North,50,177858.0,0.18,1,1,4338
2023-06-28,SKU_005,Amazon,Central,46,147458.52,0.01,1,0,3238
2023-05-06,SKU_049,Distributor,South,34,179878.69999999998,0.05,0,0,5569
2023-01-17,SKU_010,Flipkart,Central,51,169499.52,0.28,1,0,4616
2023-05-01,SKU_050,Amazon,West,53,159867.08,0.27,1,0,4132
2023-04-20,SKU_048,D2C,West,64,78086.4,0.3,1,0,1743
2023-03-09,SKU_035,Distributor,Central,79,214366.5,0.25,0,0,3618
2023-01-22,SKU_008,Flipkart,South,42,67053.42,0.27,1,1,2187
2023-04-14,SKU_038,Flipkart,East,74,189866.24,0.24,1,1,3376
2023-06-10,SKU_031,Retail,East,51,210521.88,0.18,1,0,5034
2023-02-23,SKU_024,Amazon,West,19,54018.9,0.19,1,0,3510
2023-02-22,SKU_001,D2C,East,85,265426.1,0.14,0,1,3631
2023-02-27,SKU_013,Distributor,West,95,354391.8,0.16,0,0,4441
2023-01-07,SKU_050,Retail,East,62,139542.78,0.13,0,0,2587
2023-05-30,SKU_026,Amazon,North,51,140955.84,0.04,1,0,2879
2023-05-02,SKU_047,Distributor,West,44,139379.24,0.09,0,1,3481
2023-02-07,SKU_034,D2C,North,40,134393.6,0.17,0,0,4048
2023-05-04,SKU_006,D2C,Central,74,338409.39999999997,0.06,0,1,4865
2023-01-16,SKU_050,Distributor,North,49,55347.95,0.05,0,1,1189
2023-04-30,SKU_021,Flipkart,East,83,325904.48,0.03,1,0,4048
2023-06-09,SKU_026,Retail,East,50,227707.5,0.03,1,0,4695
2023-06-08,SKU_045,Distributor,East,41,172877.32,0.23,1,0,5476
2023-05-19,SKU_007,Distributor,East,37,168122.44999999998,0.05,0,1,4783
2023-04-09,SKU_018,D2C,West,35,40041.75,0.13,1,1,1315
2023-04-08,SKU_001,Distributor,East,60,157723.19999999998,0.28,1,1,3651
2023-04-12,SKU_029,Amazon,East,24,121666.31999999999,0.07,0,1,5451
2023-03-03,SKU_036,Amazon,North,33,88579.26,0.02,0,1,2739
2023-06-05,SKU_034,D2C,West,76,79138.8,0.1,0,0,1157
2023-03-01,SKU_035,Distributor,East,30,43039.200000000004,0.21,0,1,1816
2023-04-24,SKU_019,D2C,Central,67,71656.5,0.07,0,0,1150
2023-03-19,SKU_017,Flipkart,West,8,6969.36,0.29,1,0,1227
2023-05-28,SKU_039,Amazon,South,79,83945.40000000001,0.23,0,0,1380
2023-04-09,SKU_022,Flipkart,West,24,79161.6,0.24,1,1,4340
2023-06-26,SKU_049,D2C,West,32,139944.0,0.25,1,0,5831
2023-05-13,SKU_031,Amazon,North,63,134826.93,0.21,1,0,2709
2023-02-12,SKU_029,Amazon,South,55,192667.2,0.18,1,0,4272
2023-01-31,SKU_024,Distributor,Central,67,58306.08,0.26,1,1,1176
2023-01-13,SKU_024,D2C,South,24,75195.84,0.27,1,0,4292
2023-01-13,SKU_023,Flipkart,East,44,185021.75999999998,0.16,1,0,5006
2023-05-01,SKU_025,Distributor,West,37,55115.2,0.24,1,0,1960
2023-04-24,SKU_009,Amazon,West,27,90420.3,0.1,0,1,3721
2023-06-25,SKU_035,Distributor,South,61,127696.18,0.06,0,0,2227
2023-01-11,SKU_030,D2C,East,68,144914.12,0.03,1,0,2197
2023-05-05,SKU_020,Retail,Central,43,58328.64,0.04,0,0,1413
2023-01-07,SKU_001,Distributor,South,80,156640.0,0.0,1,1,1958
2023-04-24,SKU_037,D2C,South,34,53235.84,0.04,1,0,1631
2023-06-06,SKU_016,Retail,East,79,246518.71,0.03,0,1,3217
2023-02-19,SKU_010,D2C,Central,61,251991.0,0.15,0,0,4860
2023-05-02,SKU_008,D2C,East,25,34212.75,0.13,1,0,1573
2023-05-21,SKU_013,Distributor,North,89,203220.82,0.03,0,1,2354
2023-03-17,SKU_001,Retail,North,41,169549.35,0.05,1,1,4353
2023-03-30,SKU_028,D2C,North,74,167561.16,0.22,1,1,2903
2023-05-19,SKU_018,Distributor,East,52,187860.4,0.09,0,1,3970
2023-01-12,SKU_036,D2C,West,57,302817.06,0.09,1,0,5838
2023-02-24,SKU_027,Retail,East,68,232016.0,0.2,1,1,4265
2023-05-27,SKU_034,Flipkart,West,66,127935.72,0.11,1,0,2178
2023-02-17,SKU_018,Amazon,East,43,196010.34000000003,0.18,1,1,5559
2023-05-18,SKU_010,D2C,East,60,168825.6,0.28,1,1,3908
2023-06-26,SKU_004,Distributor,West,59,224473.76,0.14,0,1,4424
2023-01-07,SKU_014,Amazon,Central,54,243159.84,0.14,1,1,5236
2023-04-01,SKU_018,Amazon,West,45,108324.0,0.15,0,0,2832
2023-04-03,SKU_032,Amazon,South,54,85281.12,0.24,1,1,2078
2023-01-20,SKU_034,Amazon,South,89,314162.88,0.04,1,1,3677
2023-01-16,SKU_015,Distributor,Central,44,239359.12,0.09,0,1,5978
2023-02-19,SKU_036,Flipkart,Central,74,196576.56,0.06,1,0,2826
2023-02-15,SKU_024,Flipkart,North,37,50864.64,0.04,0,0,1432
2023-02-10,SKU_003,Retail,South,32,30647.04,0.08,1,0,1041
2023-05-25,SKU_016,Amazon,East,115,494347.05000000005,0.19,0,0,5307
2023-06-28,SKU_007,D2C,North,60,152208.0,0.3,0,0,3624
2023-02-01,SKU_005,Distributor,Central,61,120389.6,0.2,0,1,2467
2023-06-27,SKU_023,Retail,South,61,88572.0,0.12,0,1,1650
2023-03-11,SKU_035,D2C,East,78,64599.600000000006,0.18,0,0,1010
2023-04-08,SKU_028,Amazon,North,58,94809.12,0.16,0,0,1946
2023-03-24,SKU_048,Distributor,North,66,137406.06,0.13,1,0,2393
2023-06-12,SKU_021,D2C,North,28,46576.6,0.05,0,1,1751
2023-03-11,SKU_006,Amazon,Central,69,259580.07,0.11,1,1,4227
2023-04-07,SKU_045,Amazon,East,45,118953.45,0.23,1,0,3433
2023-05-20,SKU_009,Retail,South,63,53338.32,0.24,1,0,1114
2023-03-05,SKU_041,Retail,East,15,53179.2,0.04,1,1,3693
2023-06-30,SKU_024,Retail,South,62,249997.02000000002,0.09,0,0,4431
2023-05-15,SKU_017,Retail,East,5,14278.599999999999,0.06,1,0,3038
2023-03-20,SKU_048,Flipkart,Central,44,199990.56,0.02,1,1,4638
2023-01-06,SKU_036,Amazon,Central,15,32805.0,0.0,1,0,2187
2023-02-06,SKU_049,D2C,Central,62,129331.37999999999,0.07,1,0,2243
2023-05-05,SKU_045,Distributor,East,51,110621.54999999999,0.29,1,1,3055
2023-01-25,SKU_041,D2C,South,34,150573.76,0.11,1,1,4976
2023-02-03,SKU_019,Amazon,South,78,381091.62,0.09,1,0,5369
2023-03-04,SKU_012,Flipkart,Central,32,96466.56,0.06,1,0,3207
2023-06-28,SKU_035,Flipkart,East,0,0.0,0.01,1,1,2603
2023-05-28,SKU_012,Amazon,South,60,53222.4,0.12,0,0,1008
2023-04-24,SKU_029,Flipkart,North,14,27818.84,0.27,1,0,2722
2023-02-25,SKU_002,Flipkart,South,32,87870.72,0.16,0,1,3269
2023-05-22,SKU_019,D2C,South,39,176595.12,0.24,0,0,5958
2023-06-29,SKU_017,D2C,East,21,17587.920000000002,0.24,0,1,1102
2023-01-31,SKU_015,Flipkart,South,40,97362.0,0.19,0,1,3005
2023-04-07,SKU_016,D2C,West,21,25714.5,0.21,0,1,1550
2023-05-16,SKU_024,Amazon,North,53,98089.22,0.26,0,0,2501
2023-03-21,SKU_008,Retail,Central,25,97209.0,0.16,0,0,4629
2023-06-07,SKU_011,Flipkart,East,50,171255.0,0.02,0,1,3495
2023-06-24,SKU_037,D2C,South,73,416076.64,0.02,0,1,5816
2023-02-24,SKU_034,Retail,East,65,260715.0,0.25,0,0,5348
2023-02-10,SKU_015,Distributor,East,48,77400.0,0.25,0,0,2150
2023-06-24,SKU_021,D2C,North,30,63175.799999999996,0.29,1,0,2966
2023-04-06,SKU_039,Distributor,North,53,150453.75,0.25,0,1,3785
2023-02-23,SKU_026,D2C,South,36,126118.08,0.12,1,1,3981
2023-05-19,SKU_028,Retail,Central,54,122423.4,0.01,1,1,2290
2023-01-15,SKU_001,Distributor,West,15,26980.8,0.12,0,0,2044
2023-03-21,SKU_037,Distributor,South,66,310499.64,0.11,0,0,5286
2023-05-06,SKU_030,Distributor,East,50,98315.5,0.21,0,0,2489
2023-04-24,SKU_026,D2C,South,94,430315.08,0.22,1,0,5869
2023-03-25,SKU_023,Retail,North,76,250205.68,0.03,0,0,3394
2023-01-19,SKU_042,D2C,Central,61,254672.56,0.08,1,1,4538
2023-05-24,SKU_035,D2C,Central,47,240341.08,0.02,1,0,5218
2023-01-28,SKU_040,D2C,East,35,72203.95,0.09,0,1,2267
2023-04-24,SKU_024,Amazon,East,68,241560.47999999998,0.16,1,1,4229
2023-05-30,SKU_020,Retail,East,45,193218.75,0.25,0,1,5725
2023-02-28,SKU_002,Retail,West,73,77540.59999999999,0.06,1,0,1130
2023-04-18,SKU_026,Amazon,South,58,260554.56,0.16,0,1,5348
2023-06-25,SKU_008,Retail,North,58,284176.8,0.1,1,0,5444
2023-06-26,SKU_009,Flipkart,Central,61,69124.59000000001,0.19,1,1,1399
2023-01-20,SKU_036,Distributor,North,31,30900.18,0.26,0,1,1347
2023-02-15,SKU_001,Distributor,South,29,24238.489999999998,0.17,1,0,1007
2023-01-02,SKU_003,Retail,South,28,104673.23999999999,0.27,1,1,5121
2023-05-15,SKU_009,Amazon,Central,70,190845.2,0.09,1,1,2996
2023-06-10,SKU_044,Flipkart,East,31,58613.25,0.25,1,1,2521
2023-02-08,SKU_034,Flipkart,North,33,73967.84999999999,0.15,1,1,2637
2023-05-22,SKU_025,D2C,East,60,213267.6,0.22,1,0,4557
2023-01-09,SKU_036,Amazon,North,44,143828.96,0.29,1,0,4604
2023-01-19,SKU_010,Flipkart,Central,42,120155.28,0.26,1,1,3866
2023-01-26,SKU_022,D2C,North,40,111112.0,0.14,0,1,3230
2023-05-25,SKU_036,Retail,Central,3,12003.24,0.08,0,1,4349
2023-03-05,SKU_038,Amazon,North,30,119903.4,0.13,0,1,4594
2023-03-09,SKU_030,Amazon,South,73,320508.69,0.07,1,0,4721
2023-06-12,SKU_017,Flipkart,East,39,132609.36000000002,0.24,0,1,4474
2023-02-09,SKU_016,Amazon,East,11,52316.88,0.16,0,0,5662
2023-02-01,SKU_025,D2C,East,29,77308.2,0.1,1,1,2962
2023-01-19,SKU_017,Amazon,West,57,174217.08,0.14,1,0,3554
2023-01-22,SKU_013,D2C,West,56,41370.56,0.27,0,1,1012
2023-06-28,SKU_015,Flipkart,South,44,172307.52,0.26,1,0,5292
2023-06-06,SKU_008,Retail,East,36,169785.72,0.13,0,1,5421
2023-03-21,SKU_028,Amazon,North,21,111283.20000000001,0.08,0,1,5760
2023-04-24,SKU_011,Amazon,West,57,231585.3,0.13,1,0,4670
2023-06-21,SKU_011,Flipkart,North,66,100575.42,0.03,0,0,1571
2023-03-10,SKU_028,Amazon,North,75,266584.5,0.09,1,0,3906
2023-03-30,SKU_001,Flipkart,South,27,94534.02,0.11,0,1,3934
2023-02-15,SKU_025,Retail,North,77,284308.63999999996,0.06,0,0,3928
2023-06-02,SKU_030,Retail,West,48,94754.88,0.01,1,1,1994
2023-01-02,SKU_032,Flipkart,West,50,67977.0,0.09,0,1,1494
2023-03-08,SKU_035,Flipkart,West,67,75917.7,0.1,1,1,1259
2023-05-30,SKU_006,D2C,North,39,118538.93999999999,0.17,1,0,3662
2023-05-13,SKU_010,Retail,North,6,16098.240000000002,0.18,0,0,3272
2023-04-26,SKU_045,Retail,North,64,228275.2,0.26,0,1,4820
2023-04-03,SKU_010,Flipkart,Central,56,294134.4,0.1,0,0,5836
2023-06-07,SKU_030,Distributor,Central,42,135313.91999999998,0.04,1,0,3356
2023-03-29,SKU_032,D2C,West,62,117331.28,0.08,1,1,2057
2023-02-02,SKU_017,Retail,Central,66,121317.23999999999,0.27,0,1,2518
2023-06-12,SKU_014,Amazon,Central,19,49604.25,0.25,1,1,3481
2023-02-07,SKU_017,D2C,South,50,188208.0,0.04,0,0,3921
2023-06-06,SKU_016,Amazon,West,4,7040.88,0.23,1,0,2286
2023-03-23,SKU_009,Flipkart,West,47,159978.6,0.1,1,0,3782
2023-02-11,SKU_035,Retail,East,42,82071.36,0.28,0,1,2714
2023-03-31,SKU_016,Distributor,East,59,94263.12,0.16,1,0,1902
2023-02-22,SKU_023,Amazon,North,28,106649.20000000001,0.18,0,1,4645
2023-02-16,SKU_032,D2C,North,41,188632.80000000002,0.1,0,1,5112
2023-04-08,SKU_017,Flipkart,North,0,0.0,0.01,1,1,4587
2023-03-23,SKU_004,Flipkart,North,61,115466.29,0.27,1,1,2593
2023-06-21,SKU_015,Flipkart,East,48,45941.28,0.23,1,1,1243
2023-05-30,SKU_036,Flipkart,East,51,134251.38,0.27,0,1,3606
2023-06-21,SKU_007,Distributor,East,20,80427.2,0.14,1,0,4676
2023-01-05,SKU_025,Distributor,West,57,219004.83,0.01,0,0,3881
2023-04-18,SKU_010,Amazon,Central,83,300858.4,0.08,1,1,3940
2023-01-27,SKU_024,D2C,South,46,177665.34,0.07,1,0,4153
2023-05-21,SKU_006,Distributor,North,63,317300.13,0.11,1,1,5659
2023-02-06,SKU_002,Retail,West,32,59928.96,0.09,1,1,2058
2023-06-21,SKU_025,Retail,South,48,186648.0,0.23,1,0,5050
2023-02-08,SKU_047,Distributor,East,19,60775.68,0.16,0,0,3808
2023-04-03,SKU_043,Flipkart,East,65,155303.85,0.27,0,0,3273
2023-02-16,SKU_043,Flipkart,West,53,100305.15,0.07,0,1,2035
2023-01-21,SKU_027,Flipkart,North,25,44044.0,0.09,1,0,1936
2023-02-12,SKU_007,Amazon,East,33,43659.0,0.1,1,1,1470
2023-03-17,SKU_017,Retail,North,51,126551.4,0.05,0,0,2612
2023-06-01,SKU_026,Amazon,North,68,186011.28,0.09,1,1,3006
2023-04-19,SKU_042,Amazon,North,79,73643.8,0.21,1,1,1180
2023-06-13,SKU_030,D2C,East,47,179916.0,0.13,1,1,4400
2023-06-16,SKU_037,Distributor,East,22,49329.28,0.02,0,1,2288
2023-03-08,SKU_007,D2C,East,54,256591.8,0.06,1,0,5055
2023-03-30,SKU_049,Retail,North,85,331857.0,0.19,1,0,4820
2023-06-16,SKU_002,Flipkart,Central,17,47780.2,0.06,0,1,2990
2023-03-02,SKU_049,Retail,Central,30,104242.5,0.25,1,0,4633
2023-04-26,SKU_042,Flipkart,South,62,247325.44,0.08,0,1,4336
2023-04-20,SKU_030,Retail,Central,53,65205.9,0.1,1,0,1367
2023-05-19,SKU_015,D2C,Central,39,70680.48,0.06,0,0,1928
2023-01-25,SKU_022,D2C,South,54,210368.34,0.09,1,1,4281
2023-04-01,SKU_046,Distributor,Central,69,161029.44,0.22,0,1,2992
2023-01-06,SKU_022,Distributor,South,48,89794.56,0.26,1,1,2528
2023-03-12,SKU_048,Retail,East,46,231035.46,0.13,0,0,5773
2023-02-02,SKU_006,Retail,Central,61,129234.6,0.1,1,0,2354
2023-03-21,SKU_036,D2C,West,44,59903.799999999996,0.27,1,0,1865
2023-05-02,SKU_031,Flipkart,Central,72,291240.0,0.0,1,1,4045
2023-02-12,SKU_012,D2C,Central,90,230593.49999999997,0.07,0,0,2755
2023-01-20,SKU_024,Retail,West,32,97158.4,0.06,1,1,3230
2023-01-15,SKU_005,Flipkart,North,24,45696.0,0.15,1,0,2240
2023-06-05,SKU_027,Retail,Central,57,151349.25,0.05,0,0,2795
2023-06-30,SKU_033,D2C,Central,24,60712.8,0.18,1,1,3085
2023-02-12,SKU_001,D2C,East,23,71870.17,0.11,1,0,3511
2023-03-04,SKU_017,D2C,South,9,13694.4,0.04,0,1,1585
2023-03-07,SKU_007,Distributor,East,42,58121.28,0.28,1,0,1922
2023-06-20,SKU_031,Amazon,South,49,126699.3,0.1,1,1,2873
2023-03-19,SKU_045,Flipkart,West,39,123013.79999999999,0.16,0,1,3755
2023-03-13,SKU_026,D2C,North,77,152866.56,0.12,1,1,2256
2023-03-12,SKU_040,Distributor,South,76,99729.48,0.07,0,1,1411
2023-06-20,SKU_041,Distributor,Central,88,380540.16,0.16,0,0,5148
2023-01-31,SKU_030,D2C,North,50,47025.0,0.1,0,0,1045
2023-03-08,SKU_022,Flipkart,South,73,84811.4,0.26,0,0,1570
2023-01-11,SKU_014,D2C,South,56,87956.96,0.09,1,0,1726
2023-05-02,SKU_023,Distributor,East,54,114869.87999999999,0.27,1,0,2914
2023-06-28,SKU_014,Distributor,East,40,80548.8,0.03,0,0,2076
2023-06-24,SKU_028,Retail,North,4,8698.560000000001,0.18,1,1,2652
2023-05-19,SKU_048,Distributor,South,62,238645.44,0.19,1,0,4752
2023-02-25,SKU_007,D2C,Central,73,84612.84,0.22,0,1,1486
2023-04-16,SKU_018,Amazon,Central,19,25568.489999999998,0.07,0,0,1447
2023-02-23,SKU_046,Flipkart,Central,49,149887.57,0.11,1,1,3437
2023-06-12,SKU_030,Retail,East,69,285082.47,0.13,1,1,4749
2023-05-01,SKU_042,Retail,Central,42,149551.91999999998,0.16,0,0,4239
2023-01-10,SKU_018,Flipkart,West,73,282562.56,0.16,1,1,4608
2023-01-27,SKU_035,Flipkart,North,47,210078.72,0.04,0,0,4656
2023-04-25,SKU_029,D2C,North,39,101031.84,0.16,0,0,3084
2023-01-24,SKU_030,Amazon,East,75,99265.5,0.19,0,0,1634
2023-06-16,SKU_036,Amazon,Central,31,34771.77,0.01,1,1,1133
2023-05-23,SKU_006,Flipkart,Central,35,79370.2,0.11,1,1,2548
2023-02-18,SKU_029,Retail,East,32,121520.0,0.02,1,1,3875
2023-05-23,SKU_048,D2C,South,27,78804.90000000001,0.1,0,1,3243
2023-02-06,SKU_038,Distributor,East,53,51902.37,0.19,1,0,1209
2023-04-12,SKU_035,Distributor,North,39,169314.6,0.02,1,0,4430
2023-03-01,SKU_029,Flipkart,South,59,82954.0,0.0,1,1,1406
2023-01-18,SKU_035,Amazon,Central,15,15192.45,0.09,1,0,1113
2023-05-04,SKU_020,Flipkart,Central,27,103524.48,0.04,0,0,3994
2023-03-27,SKU_048,Distributor,East,51,212175.81,0.23,0,0,5403
2023-06-10,SKU_043,Flipkart,West,79,337138.82,0.21,1,0,5402
2023-05-24,SKU_019,D2C,West,57,127224.0,0.25,0,1,2976
2023-03-02,SKU_043,Amazon,North,38,170000.6,0.23,0,0,5810
2023-03-21,SKU_020,Retail,Central,20,24495.0,0.25,1,0,1633
2023-02-10,SKU_036,D2C,East,37,56388.0,0.25,0,1,2032
2023-01-13,SKU_005,Retail,West,49,208412.19,0.11,1,0,4779
2023-06-07,SKU_020,Retail,East,2,7979.4,0.01,0,0,4030
2023-02-17,SKU_039,Flipkart,Central,25,65136.0,0.08,1,1,2832
2023-04-29,SKU_024,Amazon,West,35,145706.4,0.02,1,0,4248
2023-06-09,SKU_028,Flipkart,South,44,39435.0,0.25,0,0,1195
2023-03-01,SKU_003,Distributor,East,48,51865.920000000006,0.19,0,1,1334
2023-05-19,SKU_046,Retail,East,37,115864.02,0.19,1,0,3866
2023-02-19,SKU_004,Amazon,North,60,138450.0,0.29,1,0,3250
2023-03-28,SKU_038,Amazon,West,52,162970.08,0.02,1,1,3198
2023-03-31,SKU_009,Distributor,West,42,196996.80000000002,0.18,0,0,5720
2023-05-08,SKU_012,D2C,Central,62,322884.84,0.13,0,0,5986
2023-04-17,SKU_037,Flipkart,South,61,107863.86,0.22,1,0,2267
2023-03-28,SKU_031,D2C,South,20,22392.8,0.08,0,0,1217
2023-02-24,SKU_023,Distributor,North,49,187744.48,0.23,1,0,4976
2023-05-08,SKU_030,Amazon,South,67,121504.5,0.1,1,1,2015
2023-03-21,SKU_019,Amazon,East,71,108953.76000000001,0.08,1,1,1668
2023-05-22,SKU_026,D2C,South,57,48797.7,0.3,0,0,1223
2023-06-25,SKU_033,D2C,North,45,156103.19999999998,0.28,1,1,4818
2023-01-17,SKU_025,Flipkart,West,58,87320.16,0.28,0,1,2091
2023-05-24,SKU_040,Flipkart,West,66,163584.3,0.05,1,1,2609
2023-06-07,SKU_002,Distributor,Central,52,206977.68,0.22,1,1,5103
2023-05-07,SKU_015,Amazon,East,54,94741.92,0.09,0,1,1928
2023-06-27,SKU_031,Flipkart,East,45,182315.7,0.14,1,1,4711
2023-04-19,SKU_012,Retail,North,23,77873.4,0.24,1,0,4455
2023-04-07,SKU_034,Amazon,Central,46,86053.12,0.26,1,1,2528
2023-03-07,SKU_032,Retail,East,36,158917.68,0.14,1,0,5133
2023-03-06,SKU_010,D2C,West,36,119901.6,0.09,1,0,3660
2023-06-02,SKU_011,D2C,West,78,157711.31999999998,0.06,1,0,2151
2023-05-01,SKU_044,Flipkart,Central,69,115820.64,0.22,0,0,2152
2023-05-20,SKU_035,D2C,Central,16,31087.68,0.22,0,0,2491
2023-02-28,SKU_042,Amazon,Central,28,60680.76,0.13,0,1,2491
2023-03-23,SKU_038,Amazon,Central,42,101786.16,0.14,0,1,2818
2023-06-09,SKU_027,D2C,South,37,33920.12,0.18,1,0,1118
2023-03-22,SKU_001,Amazon,South,56,164183.04,0.04,0,1,3054
2023-04-25,SKU_003,Amazon,North,25,40052.0,0.24,0,1,2108
2023-04-15,SKU_048,Retail,Central,69,231960.06,0.14,1,0,3909
2023-04-29,SKU_034,Flipkart,West,49,81561.48,0.03,1,1,1716
2023-04-03,SKU_050,Flipkart,South,43,131457.88,0.08,1,0,3323
2023-05-21,SKU_033,Flipkart,Central,49,215111.47,0.21,1,1,5557
2023-02-18,SKU_010,Distributor,South,41,176366.41999999998,0.26,0,0,5813
2023-01-09,SKU_035,Flipkart,West,9,41949.18,0.09,1,0,5122
2023-04-30,SKU_045,Amazon,East,50,76200.0,0.0,1,1,1524
2023-05-03,SKU_005,Amazon,West,43,76509.90000000001,0.1,1,0,1977
2023-01-09,SKU_026,Distributor,East,30,84216.0,0.12,0,0,3190
2023-03-16,SKU_018,Amazon,West,71,296814.07999999996,0.29,0,1,5888
2023-01-21,SKU_043,Retail,South,63,73061.73,0.07,0,1,1247
2023-02-03,SKU_015,Amazon,Central,98,231154.56,0.28,1,1,3276
2023-02-17,SKU_026,Retail,South,66,229614.66,0.11,1,0,3909
2023-03-24,SKU_004,Flipkart,Central,37,110686.98,0.27,1,0,4098
2023-01-29,SKU_017,Retail,Central,31,95842.7,0.14,1,1,3595
2023-02-24,SKU_026,Amazon,East,40,171877.2,0.13,0,0,4939
2023-06-07,SKU_045,Retail,Central,36,64198.799999999996,0.15,1,0,2098
2023-01-24,SKU_036,Retail,North,52,246177.36,0.01,1,0,4782
2023-04-05,SKU_018,Retail,West,19,78945.56999999999,0.01,0,0,4197
2023-01-30,SKU_015,D2C,North,62,100192.0,0.2,1,1,2020
2023-05-01,SKU_011,Distributor,East,51,75092.40000000001,0.1,1,0,1636
2023-03-03,SKU_001,D2C,Central,60,126463.20000000001,0.08,1,1,2291
2023-05-15,SKU_040,Retail,South,27,31143.149999999998,0.15,1,0,1357
2023-05-04,SKU_024,D2C,East,54,166414.5,0.25,1,0,4109
2023-01-06,SKU_011,Distributor,North,75,139242.0,0.08,0,1,2018
2023-04-18,SKU_043,Flipkart,East,32,98697.6,0.1,1,0,3427
2023-05-26,SKU_039,D2C,North,32,43402.88,0.27,0,0,1858
2023-02-21,SKU_043,Retail,North,64,152985.6,0.28,0,0,3320
2023-01-05,SKU_033,Distributor,Central,30,128667.3,0.21,0,0,5429
2023-06-14,SKU_022,Flipkart,North,45,243324.9,0.09,1,1,5942
2023-06-17,SKU_040,Flipkart,North,79,335440.32,0.04,0,1,4423
2023-05-28,SKU_004,Retail,South,32,41583.36,0.16,0,0,1547
2023-02-09,SKU_026,D2C,North,80,304121.60000000003,0.18,1,1,4636
2023-05-24,SKU_043,Flipkart,West,43,83417.85,0.19,1,1,2395
2023-01-09,SKU_014,Flipkart,North,27,126572.22,0.21,1,1,5934
2023-06-24,SKU_027,Flipkart,North,62,117596.64,0.16,1,0,2258
2023-04-24,SKU_027,Flipkart,East,52,135553.6,0.05,0,0,2744
2023-06-12,SKU_043,Retail,East,50,84568.0,0.12,0,1,1922
2023-01-31,SKU_025,Retail,South,34,31505.760000000002,0.19,1,1,1144
2023-04-11,SKU_029,Distributor,East,52,215386.08,0.16,0,1,4931
2023-04-10,SKU_016,Amazon,Central,8,10567.04,0.12,0,0,1501
2023-04-03,SKU_043,Distributor,Central,54,112431.24,0.14,0,0,2421
2023-03-21,SKU_001,Retail,West,75,180075.0,0.0,1,1,2401
2023-03-04,SKU_028,D2C,East,14,20818.98,0.07,0,1,1599
2023-03-17,SKU_039,Flipkart,Central,41,50316.84,0.16,1,0,1461
2023-05-24,SKU_005,Amazon,North,32,149878.08,0.01,0,1,4731
2023-03-29,SKU_011,Distributor,East,19,42819.92,0.12,0,1,2561
2023-01-24,SKU_032,Flipkart,South,8,15736.32,0.28,0,1,2732
2023-01-07,SKU_031,Amazon,South,26,40353.04,0.08,0,1,1687
2023-02-10,SKU_028,D2C,South,45,128479.49999999999,0.07,1,1,3070
2023-05-05,SKU_041,D2C,South,72,188530.56,0.29,1,1,3688
2023-01-19,SKU_022,Flipkart,East,19,54918.36,0.16,0,0,3441
2023-06-26,SKU_011,D2C,Central,55,242440.0,0.24,1,1,5800
2023-05-31,SKU_033,Flipkart,Central,54,53113.32,0.03,1,0,1014
2023-05-27,SKU_024,Flipkart,North,83,126027.20000000001,0.2,0,0,1898
2023-01-03,SKU_043,Flipkart,North,61,216384.08,0.12,0,1,4031
2023-05-23,SKU_022,Amazon,South,62,240529.62,0.11,0,0,4359
2023-05-16,SKU_031,D2C,West,63,194367.6,0.1,1,0,3428
2023-04-07,SKU_024,Flipkart,South,31,45283.56,0.06,1,1,1554
2023-03-09,SKU_037,Flipkart,East,38,159271.68,0.04,1,1,4366
2023-03-13,SKU_007,Retail,Central,72,249750.0,0.25,0,1,4625
2023-05-29,SKU_023,D2C,East,8,31109.76,0.01,0,0,3928
2023-03-10,SKU_025,Flipkart,West,36,85500.36,0.01,0,0,2399
2023-02-13,SKU_014,Distributor,South,23,63618.0,0.25,1,1,3688
2023-02-07,SKU_002,Amazon,South,54,238645.44,0.12,0,1,5022
2023-04-14,SKU_012,Flipkart,North,41,104597.56,0.06,0,0,2714
2023-01-29,SKU_018,Flipkart,West,62,224407.76,0.18,1,0,4414
2023-06-08,SKU_020,Distributor,West,47,181568.52,0.27,0,0,5292
2023-03-30,SKU_049,Amazon,West,19,76659.49,0.27,0,1,5527
2023-03-12,SKU_026,Flipkart,Central,20,19304.0,0.05,1,0,1016
2023-03-20,SKU_050,D2C,East,49,89572.0,0.0,0,1,1828
2023-03-20,SKU_042,Distributor,South,34,50473.68,0.11,1,0,1668
2023-06-10,SKU_008,Retail,Central,39,191580.47999999998,0.16,1,1,5848
2023-04-26,SKU_042,Flipkart,West,68,185256.47999999998,0.27,0,1,3732
2023-06-06,SKU_023,Amazon,West,65,140680.8,0.28,1,0,3006
2023-01-03,SKU_042,Distributor,South,85,229410.75,0.05,0,1,2841
2023-02-09,SKU_024,D2C,West,43,185594.88,0.04,1,0,4496
2023-05-15,SKU_035,D2C,Central,37,71632.0,0.12,0,1,2200
2023-06-21,SKU_028,Amazon,West,58,255884.4,0.14,0,1,5130
2023-03-11,SKU_037,D2C,South,38,164008.0,0.2,1,1,5395
2023-03-21,SKU_037,D2C,East,39,147152.85,0.15,0,1,4439
2023-03-24,SKU_050,Retail,Central,45,170172.45,0.11,1,0,4249
2023-06-11,SKU_044,Retail,South,83,167832.63999999998,0.29,0,0,2848
2023-05-02,SKU_008,Flipkart,South,64,137969.92,0.18,1,0,2629
2023-01-15,SKU_037,Flipkart,East,66,171446.88,0.24,0,0,3418
2023-01-22,SKU_043,D2C,North,82,146421.66,0.23,0,1,2319
2023-01-27,SKU_047,Amazon,Central,68,218598.24,0.11,0,1,3612
2023-01-17,SKU_044,D2C,Central,27,45223.92,0.16,1,1,1994
2023-02-07,SKU_002,Flipkart,South,67,318464.39999999997,0.15,0,0,5592
2023-06-28,SKU_021,D2C,West,70,98028.0,0.1,1,0,1556
2023-06-16,SKU_002,D2C,Central,63,106386.84,0.26,0,1,2282
2023-03-06,SKU_036,D2C,South,46,134543.1,0.15,1,0,3441
2023-01-03,SKU_024,Amazon,South,60,146772.0,0.19,1,1,3020
2023-06-30,SKU_013,Distributor,West,49,151748.09999999998,0.07,1,0,3330
2023-05-10,SKU_032,Amazon,South,30,24920.4,0.24,1,1,1093
2023-03-06,SKU_024,Amazon,West,35,70525.7,0.26,0,0,2723
2023-03-11,SKU_044,Flipkart,South,64,135820.16,0.29,0,0,2989
2023-06-09,SKU_042,Amazon,Central,31,32928.2,0.06,1,0,1130
2023-02-07,SKU_048,Amazon,Central,33,42025.5,0.1,0,1,1415
2023-05-08,SKU_007,D2C,West,65,77416.95,0.13,1,0,1369
2023-02-02,SKU_033,Retail,South,52,233970.88,0.12,1,1,5113
2023-02-02,SKU_044,Retail,East,61,302233.65,0.13,1,1,5695
2023-04-17,SKU_041,Retail,West,25,50136.0,0.04,1,0,2089
2023-03-23,SKU_028,Distributor,East,60,259016.4,0.13,0,0,4962
2023-04-13,SKU_044,Amazon,North,36,131100.48,0.02,1,1,3716
2023-01-17,SKU_003,D2C,West,29,77134.2,0.22,1,0,3410
2023-05-02,SKU_004,Retail,North,39,153955.62,0.09,1,0,4338
2023-01-13,SKU_028,D2C,East,77,213991.47,0.19,1,1,3431
2023-05-15,SKU_017,D2C,West,42,81406.08,0.04,1,0,2019
2023-05-28,SKU_036,D2C,South,94,464596.87999999995,0.06,0,0,5258
2023-02-12,SKU_042,Retail,North,8,6435.68,0.27,0,0,1102
2023-01-09,SKU_040,D2C,North,19,70587.66,0.22,1,1,4763
2023-01-04,SKU_028,Amazon,Central,76,179282.48,0.14,1,0,2743
2023-02-04,SKU_043,Retail,East,81,185822.91,0.09,0,1,2521
2023-02-01,SKU_045,Flipkart,East,32,72343.04000000001,0.23,1,1,2936
2023-06-21,SKU_031,Flipkart,South,51,156317.04,0.14,1,1,3564
2023-02-05,SKU_034,Distributor,North,64,283201.92000000004,0.19,0,0,5463
2023-04-01,SKU_029,Amazon,South,45,45670.5,0.15,0,0,1194
2023-02-25,SKU_035,D2C,Central,52,239756.4,0.06,0,1,4905
2023-01-27,SKU_047,Distributor,South,50,151430.0,0.05,1,0,3188
2023-06-01,SKU_036,Distributor,South,20,29156.0,0.26,1,1,1970
2023-03-04,SKU_016,Retail,East,43,53191.0,0.0,1,1,1237
2023-03-18,SKU_024,Retail,North,50,200725.0,0.3,1,1,5735
2023-02-24,SKU_049,Amazon,Central,52,225825.6,0.23,0,0,5640
2023-03-29,SKU_019,D2C,East,15,46641.600000000006,0.18,0,0,3792
2023-01-09,SKU_028,D2C,North,65,323154.0,0.1,0,0,5524
2023-03-13,SKU_046,Amazon,West,52,142881.44,0.27,0,0,3764
2023-03-01,SKU_050,Retail,South,28,51941.12,0.12,1,0,2108
2023-06-18,SKU_029,D2C,Central,85,444883.2,0.04,1,1,5452
2023-05-04,SKU_029,D2C,South,43,84968.0,0.05,1,0,2080
2023-02-05,SKU_001,Distributor,East,44,149050.88,0.21,1,0,4288
2023-01-12,SKU_013,D2C,West,62,201767.84,0.24,1,0,4282
2023-06-02,SKU_033,Retail,West,87,466882.01999999996,0.06,1,0,5709
2023-01-03,SKU_042,Distributor,North,63,70905.23999999999,0.17,1,1,1356
2023-02-16,SKU_021,Amazon,West,66,383130.0,0.0,1,1,5805
2023-04-08,SKU_037,D2C,Central,29,25357.02,0.22,0,1,1121
2023-01-04,SKU_041,Distributor,North,51,188116.56,0.28,0,1,5123
2023-05-22,SKU_001,Distributor,East,39,53562.6,0.16,0,0,1635
2023-04-08,SKU_002,Amazon,West,64,270857.6,0.15,0,0,4979
2023-01-25,SKU_027,D2C,Central,65,210600.0,0.04,0,0,3375
2023-01-28,SKU_036,Flipkart,East,82,445665.89999999997,0.05,1,1,5721
2023-03-18,SKU_037,Retail,South,6,9031.68,0.04,0,1,1568
2023-05-27,SKU_020,Amazon,West,37,170893.38,0.02,1,1,4713
2023-02-16,SKU_022,Retail,North,76,136116.0,0.25,0,1,2388
2023-05-17,SKU_034,Flipkart,South,21,47177.76,0.24,1,0,2956
2023-06-01,SKU_050,Flipkart,Central,66,211424.4,0.24,0,1,4215
2023-06-09,SKU_047,Flipkart,Central,72,312789.60000000003,0.1,1,0,4827
2023-02-06,SKU_029,Flipkart,Central,49,92325.31,0.23,0,0,2447
2023-06-18,SKU_032,Retail,North,21,80946.39,0.29,1,0,5429
2023-02-16,SKU_037,Distributor,Central,47,158707.72,0.18,0,0,4118
2023-03-22,SKU_006,Distributor,South,79,145739.2,0.2,0,0,2306
2023-05-16,SKU_038,Flipkart,North,80,351880.0,0.05,1,1,4630
2023-02-27,SKU_009,D2C,Central,54,133936.74,0.07,0,1,2667
2023-04-23,SKU_037,Amazon,South,30,63944.1,0.01,1,0,2153
2023-05-18,SKU_007,Amazon,West,84,405790.56,0.16,0,1,5751
2023-06-17,SKU_002,Amazon,East,66,179632.19999999998,0.15,1,1,3202
2023-01-07,SKU_026,Amazon,West,31,168808.64,0.09,0,0,5984
2023-03-01,SKU_021,Retail,East,56,86503.2,0.05,0,0,1626
2023-03-01,SKU_025,Distributor,Central,55,203703.5,0.09,1,1,4070
2023-06-10,SKU_033,Amazon,North,37,119999.88,0.19,0,0,4004
2023-06-09,SKU_013,Flipkart,East,56,300969.76,0.09,1,0,5906
2023-03-24,SKU_018,Retail,West,72,318816.0,0.0,1,0,4428
2023-01-12,SKU_006,Amazon,Central,44,182409.92,0.12,0,1,4711
2023-01-19,SKU_023,Flipkart,Central,74,97867.96,0.11,1,1,1486
2023-01-22,SKU_002,D2C,South,14,50379.84,0.28,0,0,4998
2023-04-10,SKU_028,Amazon,South,94,214744.88,0.18,0,1,2786
2023-02-17,SKU_043,Distributor,West,51,68372.64,0.24,1,0,1764
2023-04-08,SKU_020,D2C,South,71,60974.8,0.24,1,0,1130
2023-01-28,SKU_033,Retail,West,54,61965.0,0.15,1,1,1350
2023-04-26,SKU_037,Flipkart,Central,33,97144.74,0.14,0,1,3423
2023-02-25,SKU_037,D2C,East,49,235401.39,0.19,0,0,5931
2023-06-03,SKU_045,Retail,East,11,44501.600000000006,0.2,1,1,5057
2023-03-30,SKU_024,Distributor,East,63,110902.04999999999,0.05,0,1,1853
2023-05-14,SKU_026,Distributor,Central,53,53146.28,0.14,1,1,1166
2023-06-14,SKU_043,Distributor,North,46,164639.52,0.28,1,1,4971
2023-04-01,SKU_044,Retail,South,65,311079.60000000003,0.08,1,1,5202
2023-04-30,SKU_046,Distributor,North,50,68821.5,0.03,1,0,1419
2023-03-12,SKU_024,Flipkart,South,62,63896.58,0.01,1,1,1041
2023-03-13,SKU_026,Retail,South,69,263633.13,0.19,0,1,4717
2023-01-30,SKU_028,Flipkart,North,39,84935.37,0.11,1,1,2447
2023-03-30,SKU_024,Distributor,East,33,117391.89,0.11,1,0,3997
2023-01-19,SKU_034,D2C,Central,15,59923.5,0.09,0,1,4390
2023-01-29,SKU_047,Retail,North,52,141955.84,0.24,1,0,3592
2023-05-16,SKU_039,Distributor,West,59,176728.6,0.15,1,0,3524
2023-02-16,SKU_035,Flipkart,South,23,89018.28,0.22,0,0,4962
2023-05-03,SKU_049,Flipkart,North,78,266872.32,0.19,0,0,4224
2023-01-11,SKU_040,Distributor,East,33,162203.58,0.17,0,0,5922
2023-02-13,SKU_034,Retail,North,7,28043.05,0.05,0,0,4217
2023-01-24,SKU_028,Amazon,East,79,112217.92,0.08,0,0,1544
2023-06-05,SKU_007,Retail,South,10,27350.4,0.23,1,1,3552
2023-01-21,SKU_014,Flipkart,Central,69,140842.8,0.28,0,0,2835
2023-04-05,SKU_010,Distributor,Central,64,210300.16,0.02,1,0,3353
2023-05-05,SKU_012,D2C,West,56,236153.12000000002,0.21,1,0,5338
2023-03-10,SKU_048,Retail,South,39,201754.80000000002,0.1,0,0,5748
2023-01-07,SKU_018,Retail,East,60,99745.8,0.23,1,1,2159
2023-04-30,SKU_009,Retail,East,70,370042.4,0.08,0,0,5746
2023-02-16,SKU_012,Amazon,Central,30,61389.0,0.05,0,1,2154
2023-01-09,SKU_046,Amazon,North,69,158003.1,0.15,1,1,2694
2023-02-09,SKU_010,Retail,East,68,197778.0,0.25,0,0,3878
2023-02-14,SKU_029,Distributor,Central,55,233412.3,0.13,1,0,4878
2023-04-13,SKU_050,Retail,Central,39,132132.0,0.3,0,1,4840
2023-01-16,SKU_019,Flipkart,East,68,300551.16000000003,0.09,1,0,4857
2023-05-11,SKU_039,Flipkart,North,60,113189.40000000001,0.19,0,1,2329
2023-01-09,SKU_001,Flipkart,Central,29,94704.72,0.12,1,0,3711
2023-06-14,SKU_031,Flipkart,South,42,194948.46,0.07,1,0,4991
2023-03-31,SKU_016,Distributor,West,66,157273.38,0.17,0,0,2871
2023-04-18,SKU_009,Retail,Central,52,180149.84,0.17,1,1,4174
2023-02-04,SKU_013,D2C,South,71,291011.25,0.25,1,0,5465
2023-06-23,SKU_021,Amazon,South,43,38521.12,0.12,0,0,1018
2023-01-29,SKU_046,Retail,South,30,34770.0,0.05,1,0,1220
2023-01-16,SKU_044,D2C,Central,93,421843.35,0.17,1,0,5465
2023-02-26,SKU_044,Flipkart,North,16,53778.24,0.29,1,1,4734
2023-03-28,SKU_025,Flipkart,North,40,82994.0,0.15,0,0,2441
2023-02-25,SKU_049,D2C,Central,55,183905.15,0.11,1,1,3757
2023-03-21,SKU_003,Distributor,North,69,340886.91000000003,0.11,1,0,5551
2023-05-04,SKU_012,Retail,North,62,174165.44,0.03,1,0,2896
2023-05-16,SKU_040,Flipkart,Central,96,109294.08,0.24,1,0,1498
2023-04-09,SKU_043,Flipkart,East,47,52794.16,0.24,0,0,1478
2023-05-31,SKU_029,Retail,West,32,93976.0,0.15,1,1,3455
2023-02-06,SKU_043,D2C,East,45,110322.0,0.1,1,1,2724
2023-04-04,SKU_028,Distributor,South,43,76983.76000000001,0.08,0,1,1946
2023-05-09,SKU_039,D2C,North,48,195544.8,0.01,1,0,4115
2023-05-19,SKU_017,Retail,South,30,102654.0,0.1,0,0,3802
2023-03-13,SKU_012,Retail,West,65,304668.0,0.1,1,1,5208
2023-05-28,SKU_035,Flipkart,Central,57,140558.58,0.27,1,0,3378
2023-05-15,SKU_026,Distributor,South,24,90616.8,0.15,1,1,4442
2023-01-02,SKU_008,Distributor,Central,69,326350.68,0.03,1,0,4876
2023-01-16,SKU_003,Amazon,South,33,122855.04,0.16,1,0,4432
2023-04-25,SKU_041,Retail,South,26,146814.72,0.04,0,0,5882
2023-01-10,SKU_029,Distributor,Central,51,204876.18000000002,0.18,1,1,4899
2023-02-02,SKU_022,Retail,Central,14,27112.12,0.26,1,0,2617
2023-06-28,SKU_038,D2C,East,61,240630.36,0.29,0,0,5556
2023-02-15,SKU_005,Retail,Central,0,0.0,0.19,0,0,4909
2023-05-03,SKU_032,Amazon,East,29,139015.56,0.14,1,0,5574
2023-01-02,SKU_028,Retail,North,81,343900.08,0.27,0,0,5816
2023-04-01,SKU_029,Flipkart,East,36,31207.68,0.16,0,1,1032
2023-05-31,SKU_046,Amazon,West,39,172252.08,0.12,0,0,5019
2023-04-05,SKU_023,Distributor,Central,75,318384.0,0.28,1,0,5896
2023-01-07,SKU_050,Retail,East,34,70452.76000000001,0.18,0,0,2527
2023-06-25,SKU_031,Distributor,East,65,261918.8,0.12,1,0,4579
2023-06-30,SKU_023,Flipkart,North,73,108758.32,0.12,1,1,1693
2023-05-04,SKU_018,D2C,West,59,126736.72,0.12,1,0,2441
2023-02-07,SKU_030,Amazon,West,21,28222.53,0.27,1,0,1841
2023-02-06,SKU_024,Retail,South,37,89797.89,0.09,1,0,2667
2023-04-21,SKU_025,Retail,Central,104,437174.39999999997,0.07,1,1,4520
2023-06-14,SKU_039,Retail,North,40,68336.4,0.07,0,0,1837
2023-04-17,SKU_026,Amazon,South,109,346320.25,0.29,0,1,4475
2023-02-12,SKU_034,Amazon,South,84,249978.12000000002,0.21,0,1,3767
2023-05-06,SKU_008,D2C,North,60,86690.40000000001,0.18,0,0,1762
2023-04-03,SKU_039,D2C,Central,55,105138.0,0.19,0,0,2360
2023-05-03,SKU_028,Amazon,North,40,155540.0,0.23,1,0,5050
2023-05-26,SKU_002,Flipkart,East,48,65731.20000000001,0.18,0,1,1670
2023-03-02,SKU_012,Distributor,North,36,92093.76,0.12,1,0,2907
2023-05-02,SKU_023,D2C,Central,48,220202.4,0.05,0,0,4829
2023-06-27,SKU_027,D2C,Central,22,97828.72,0.24,0,0,5851
2023-06-15,SKU_042,Amazon,North,21,67194.96,0.08,0,0,3478
2023-01-27,SKU_050,Distributor,Central,76,239947.19999999998,0.28,1,1,4385
2023-02-12,SKU_007,Flipkart,East,17,18044.14,0.27,0,0,1454
2023-05-19,SKU_015,Flipkart,East,67,355994.45,0.05,0,1,5593
2023-05-26,SKU_008,D2C,Central,12,59222.159999999996,0.17,1,1,5946
2023-03-21,SKU_035,Amazon,North,62,92134.48,0.03,0,1,1532
2023-05-03,SKU_032,Amazon,East,45,40500.0,0.28,1,1,1250
2023-04-30,SKU_007,D2C,West,76,134429.56,0.21,1,0,2239
2023-04-21,SKU_001,Amazon,North,43,41309.24,0.27,0,0,1316
2023-03-26,SKU_015,Flipkart,South,9,32473.350000000002,0.09,0,0,3965
2023-05-24,SKU_022,Flipkart,North,46,75194.36,0.06,0,0,1739
2023-01-17,SKU_016,Amazon,West,53,168008.94,0.01,1,1,3202
2023-04-15,SKU_006,Retail,East,47,188549.9,0.23,0,0,5210
2023-03-11,SKU_010,Flipkart,East,61,67905.2,0.08,0,1,1210
2023-06-06,SKU_014,Flipkart,North,38,177716.88,0.01,1,1,4724
2023-03-21,SKU_034,Flipkart,North,24,42660.0,0.1,0,0,1975
2023-05-16,SKU_002,D2C,East,30,93105.0,0.25,0,1,4138
2023-02-14,SKU_019,Retail,South,39,145899.0,0.14,0,1,4350
2023-05-23,SKU_041,Amazon,North,39,93751.71,0.11,1,1,2701
2023-01-29,SKU_036,Distributor,North,98,239355.19999999998,0.29,0,0,3440
2023-02-03,SKU_008,Flipkart,East,75,249645.0,0.15,1,0,3916
2023-05-28,SKU_050,Retail,East,63,47722.5,0.25,1,1,1010
2023-01-09,SKU_038,Distributor,South,58,197810.16,0.03,0,1,3516
2023-06-20,SKU_029,Distributor,West,55,58916.0,0.2,1,0,1339
2023-03-26,SKU_013,Distributor,West,56,280280.0,0.0,1,0,5005
2023-05-10,SKU_033,Distributor,West,53,239186.88,0.04,0,0,4701
2023-05-11,SKU_038,D2C,West,50,104275.0,0.03,0,1,2150
2023-05-04,SKU_011,Amazon,North,8,26320.0,0.0,0,0,3290
2023-05-12,SKU_048,Distributor,West,42,185566.5,0.25,1,1,5891
2023-01-31,SKU_035,Amazon,West,45,82213.20000000001,0.18,1,1,2228
2023-05-18,SKU_001,Distributor,Central,35,71728.3,0.14,1,0,2383
2023-06-21,SKU_047,Flipkart,South,38,45246.6,0.02,0,1,1215
2023-01-22,SKU_026,Flipkart,East,56,122752.0,0.2,0,1,2740
2023-06-17,SKU_019,Retail,South,65,232490.69999999998,0.07,0,1,3846
2023-04-24,SKU_002,D2C,East,55,164146.4,0.08,1,1,3244
2023-05-17,SKU_007,Amazon,West,64,319119.36,0.02,0,0,5088
2023-03-02,SKU_022,Amazon,East,65,88545.6,0.01,1,1,1376
2023-05-13,SKU_038,D2C,Central,44,117623.0,0.15,0,0,3145
2023-01-15,SKU_045,Amazon,East,60,100305.0,0.25,1,1,2229
2023-04-16,SKU_043,Amazon,Central,15,70925.4,0.16,0,0,5629
2023-03-26,SKU_014,Flipkart,East,42,45899.28,0.16,0,1,1301
2023-04-19,SKU_016,Retail,North,39,150965.1,0.01,0,0,3910
2023-01-25,SKU_042,Amazon,East,80,225561.6,0.28,1,1,3916
2023-04-14,SKU_027,D2C,Central,56,119941.92,0.27,1,1,2934
2023-03-11,SKU_039,Amazon,Central,23,108426.59999999999,0.03,0,1,4860
2023-04-16,SKU_039,Flipkart,Central,61,144945.15,0.07,0,0,2555
2023-06-16,SKU_001,Distributor,East,68,311773.2,0.15,1,0,5394
2023-05-26,SKU_006,Flipkart,South,48,99964.8,0.1,1,1,2314
2023-03-24,SKU_016,D2C,South,63,138393.36,0.28,1,0,3051
2023-05-06,SKU_014,Distributor,Central,0,0.0,0.11,1,1,2884
2023-01-02,SKU_026,Retail,South,0,0.0,0.25,0,1,3825
2023-06-14,SKU_019,D2C,East,26,103057.24,0.14,1,1,4609
2023-01-10,SKU_037,Flipkart,Central,52,264356.04,0.03,0,0,5241
2023-02-01,SKU_038,Retail,North,80,104165.6,0.11,1,0,1463
2023-02-08,SKU_039,Distributor,West,27,114778.62,0.01,0,1,4294
2023-05-26,SKU_030,D2C,North,32,100830.4,0.15,1,1,3707
2023-05-11,SKU_004,Flipkart,North,51,57281.67,0.13,1,0,1291
2023-06-27,SKU_001,Distributor,Central,40,146791.19999999998,0.07,0,1,3946
2023-04-09,SKU_023,Flipkart,South,39,104042.25,0.25,0,1,3557
2023-01-25,SKU_030,D2C,West,41,51612.85,0.15,0,0,1481
2023-05-19,SKU_040,Distributor,Central,76,343267.68,0.24,1,1,5943
2023-03-03,SKU_008,D2C,South,72,250422.48,0.23,0,1,4517
2023-03-24,SKU_009,Flipkart,South,50,193530.5,0.11,0,1,4349
2023-05-16,SKU_031,Flipkart,Central,83,375794.94999999995,0.17,0,1,5455
2023-01-09,SKU_047,Flipkart,North,60,260164.80000000002,0.11,0,1,4872
2023-04-30,SKU_039,Flipkart,South,73,187831.19,0.21,0,1,3257
2023-05-01,SKU_018,Distributor,South,32,176990.08,0.03,1,0,5702
2023-03-01,SKU_008,Amazon,West,36,102150.72,0.16,1,0,3378
2023-06-21,SKU_016,Retail,East,36,156957.84000000003,0.18,1,0,5317
2023-03-13,SKU_025,Amazon,East,48,63083.52,0.04,0,1,1369
2023-05-23,SKU_027,Retail,South,51,96053.4,0.27,1,1,2580
2023-03-31,SKU_009,Flipkart,East,56,76458.48,0.29,1,0,1923
2023-02-05,SKU_040,Flipkart,West,89,304512.61,0.21,0,0,4331
2023-02-08,SKU_009,Amazon,North,64,280032.0,0.25,1,0,5834
2023-05-12,SKU_033,Flipkart,Central,39,75122.58,0.26,0,1,2603
2023-03-02,SKU_002,D2C,East,49,187524.96,0.16,0,1,4556
2023-01-11,SKU_034,Retail,West,80,364179.2,0.23,1,0,5912
2023-03-27,SKU_040,Flipkart,West,65,185276.0,0.2,1,1,3563
2023-02-14,SKU_039,Retail,North,79,342268.29000000004,0.09,1,0,4761
2023-05-11,SKU_017,Distributor,South,40,67023.6,0.21,1,1,2121
2023-06-20,SKU_014,Flipkart,North,35,100443.7,0.14,1,0,3337
2023-03-27,SKU_004,D2C,North,36,99727.20000000001,0.19,1,0,3420
2023-03-20,SKU_005,Amazon,South,41,137722.28,0.21,1,1,4252
2023-02-05,SKU_041,Distributor,East,28,100631.16,0.19,1,1,4437
2023-04-03,SKU_018,Distributor,Central,55,75284.0,0.2,0,0,1711
2023-06-25,SKU_045,Retail,East,56,145582.08,0.04,0,1,2708
2023-06-14,SKU_041,Distributor,East,76,221367.48,0.21,0,1,3687
2023-05-05,SKU_026,Retail,Central,14,62872.88,0.14,1,0,5222
2023-04-08,SKU_032,D2C,East,31,86435.44,0.09,1,1,3064
2023-04-11,SKU_026,Retail,North,66,198318.78,0.07,1,1,3231
2023-04-14,SKU_023,Retail,West,53,89701.44,0.18,1,0,2064
2023-06-05,SKU_010,Distributor,West,50,61627.5,0.01,1,0,1245
2023-05-12,SKU_028,Distributor,South,75,109723.5,0.26,1,1,1977
2023-03-30,SKU_045,Amazon,East,29,44781.799999999996,0.3,1,1,2206
2023-04-02,SKU_002,Distributor,North,35,35612.5,0.26,0,0,1375
2023-05-13,SKU_007,Amazon,East,33,47927.88,0.02,0,0,1482
2023-05-05,SKU_011,Distributor,East,9,18246.78,0.11,0,0,2278
2023-05-31,SKU_039,D2C,East,52,130782.6,0.19,1,1,3105
2023-05-14,SKU_046,Distributor,West,39,118085.76,0.24,0,1,3984
2023-03-26,SKU_050,Distributor,North,35,76281.8,0.08,0,1,2369
2023-06-19,SKU_004,Amazon,West,31,39019.700000000004,0.18,1,0,1535
2023-05-11,SKU_001,Amazon,East,49,106192.8,0.16,1,0,2580
2023-06-15,SKU_045,Distributor,South,34,42878.42,0.11,1,1,1417
2023-03-16,SKU_037,Amazon,North,54,163252.80000000002,0.2,0,0,3779
2023-01-17,SKU_045,Distributor,East,59,72248.45,0.05,1,0,1289
2023-02-02,SKU_049,D2C,South,44,111120.68,0.29,1,0,3557
2023-01-20,SKU_046,D2C,Central,42,182008.68,0.14,1,0,5039
2023-03-04,SKU_012,Retail,North,53,157404.69999999998,0.15,0,1,3494
2023-01-26,SKU_017,Retail,South,49,129736.31999999999,0.16,0,1,3152
2023-05-31,SKU_044,D2C,East,76,245480.0,0.0,0,1,3230
2023-03-15,SKU_040,Retail,Central,56,59483.2,0.06,0,1,1130
2023-05-07,SKU_006,Retail,East,71,149582.80000000002,0.08,0,1,2290
2023-04-29,SKU_009,Distributor,East,62,266500.8,0.1,0,1,4776
2023-05-04,SKU_022,D2C,East,23,49366.28,0.08,1,0,2333
2023-03-03,SKU_018,Retail,East,38,112695.08,0.21,1,1,3754
2023-01-13,SKU_013,Retail,Central,49,201485.55000000002,0.21,0,0,5205
2023-03-17,SKU_046,Retail,North,67,193852.44,0.19,0,0,3572
2023-05-24,SKU_035,D2C,North,88,333586.88,0.03,1,1,3908
2023-06-11,SKU_001,Amazon,Central,40,52070.4,0.28,0,0,1808
2023-01-12,SKU_035,Retail,East,51,168763.59,0.27,0,0,4533
2023-01-01,SKU_029,D2C,South,65,185812.9,0.02,0,1,2917
2023-06-08,SKU_016,D2C,East,48,101727.36,0.16,1,1,2523
2023-03-13,SKU_021,Amazon,Central,82,322604.4,0.21,1,0,4980
2023-01-06,SKU_008,Retail,North,23,54042.64,0.08,0,0,2554
2023-06-28,SKU_042,Amazon,South,63,133386.12000000002,0.18,1,0,2582
2023-06-14,SKU_001,Retail,West,63,88785.9,0.15,0,1,1658
2023-05-05,SKU_041,Retail,West,73,74424.95999999999,0.04,0,0,1062
2023-03-24,SKU_006,Distributor,North,51,137675.01,0.03,1,0,2783
2023-05-22,SKU_009,Amazon,South,67,190714.16,0.08,1,1,3094
2023-01-26,SKU_040,Amazon,Central,45,174257.55,0.11,1,0,4351
2023-05-20,SKU_027,Retail,East,33,146280.42,0.22,0,0,5683
2023-04-28,SKU_004,Amazon,East,31,122938.56,0.28,0,0,5508
2023-05-17,SKU_014,D2C,North,21,124199.45999999999,0.01,1,0,5974
2023-06-09,SKU_002,D2C,South,41,215792.02,0.03,0,1,5426
2023-04-01,SKU_018,Distributor,Central,56,205439.91999999998,0.29,0,0,5167
2023-03-01,SKU_006,Distributor,Central,45,200796.3,0.07,1,0,4798
2023-06-24,SKU_047,Flipkart,North,53,108611.31,0.17,0,1,2469
2023-04-05,SKU_029,Amazon,East,74,89661.36,0.08,1,1,1317
2023-05-07,SKU_032,Flipkart,East,39,86309.73,0.29,1,1,3117
2023-02-25,SKU_003,D2C,West,96,439675.19999999995,0.05,1,0,4821
2023-03-30,SKU_035,Amazon,Central,65,262224.3,0.29,0,1,5682
2023-05-06,SKU_035,Flipkart,South,46,126622.81999999999,0.29,1,1,3877
2023-02-02,SKU_013,Distributor,East,45,224232.3,0.06,0,1,5301
2023-01-02,SKU_019,Amazon,North,29,98619.43000000001,0.09,1,1,3737
2023-01-27,SKU_020,Distributor,Central,49,173665.8,0.01,0,1,3580
2023-04-25,SKU_009,Amazon,North,6,31201.2,0.1,0,0,5778
2023-03-11,SKU_010,Flipkart,East,75,298716.0,0.12,1,1,4526
2023-03-27,SKU_049,Retail,North,0,0.0,0.27,1,1,5037
2023-03-22,SKU_044,Distributor,Central,50,171530.0,0.15,0,1,4036
2023-05-13,SKU_013,Amazon,West,27,122640.21,0.23,0,0,5899
2023-05-11,SKU_026,Distributor,East,35,33579.0,0.1,0,1,1066
2023-01-30,SKU_048,Amazon,South,38,112458.72,0.24,1,0,3894
2023-04-10,SKU_032,Distributor,West,88,387200.0,0.0,0,1,4400
2023-03-25,SKU_047,Distributor,South,27,79891.11,0.19,1,0,3653
2023-04-01,SKU_024,Retail,East,68,192801.76,0.27,0,1,3884
2023-06-15,SKU_020,Flipkart,West,73,59746.12,0.21,1,1,1036
2023-04-16,SKU_021,Amazon,West,3,8484.39,0.07,1,0,3041
2023-02-25,SKU_044,Distributor,West,37,123048.68,0.29,0,0,4684
2023-04-23,SKU_014,Distributor,North,79,286839.52,0.12,1,0,4126
2023-06-28,SKU_034,Retail,West,23,103927.8,0.15,0,1,5316
2023-05-08,SKU_009,D2C,North,73,285002.22,0.07,1,1,4198
2023-06-03,SKU_005,Distributor,East,49,213689.97999999998,0.27,0,1,5974
2023-03-12,SKU_012,Distributor,Central,48,106782.72,0.21,0,0,2816
2023-03-23,SKU_045,Amazon,Central,51,105065.1,0.1,1,1,2289
2023-03-04,SKU_046,Amazon,Central,56,202690.88,0.18,1,0,4414
2023-03-22,SKU_010,D2C,West,30,139153.5,0.15,0,0,5457
2023-01-26,SKU_036,D2C,East,44,43140.24,0.22,1,1,1257
2023-04-10,SKU_003,Amazon,Central,57,264981.60000000003,0.2,0,1,5811
2023-05-18,SKU_046,Amazon,Central,53,130870.25,0.15,0,1,2905
2023-05-06,SKU_017,Retail,West,56,96571.44,0.19,1,0,2129
2023-02-11,SKU_025,Flipkart,West,35,87205.3,0.09,0,0,2738
2023-01-01,SKU_044,Retail,West,62,316775.36,0.12,1,0,5806
2023-01-03,SKU_019,Flipkart,North,52,159610.36000000002,0.09,0,1,3373
2023-06-10,SKU_033,Retail,South,18,44380.44,0.13,1,0,2834
2023-02-16,SKU_023,Retail,East,39,157847.03999999998,0.07,0,0,4352
2023-01-29,SKU_040,Amazon,South,32,31651.2,0.1,0,1,1099
2023-03-06,SKU_029,Flipkart,West,31,63240.0,0.15,1,1,2400
2023-03-14,SKU_012,D2C,Central,40,141972.8,0.11,0,1,3988
2023-02-23,SKU_012,Retail,East,62,267800.94,0.01,0,0,4363
2023-01-04,SKU_018,Distributor,North,37,112451.87999999999,0.07,0,0,3268
2023-01-12,SKU_034,D2C,North,54,163396.44,0.26,1,0,4089
2023-05-25,SKU_040,Amazon,South,51,198987.72,0.08,0,1,4241
2023-04-06,SKU_043,D2C,South,34,62346.479999999996,0.26,0,0,2478
2023-03-23,SKU_013,Distributor,Central,43,216887.69999999998,0.14,0,0,5865
2023-01-12,SKU_009,D2C,East,67,311184.18,0.19,0,1,5734
2023-05-01,SKU_022,Distributor,North,52,219419.2,0.23,1,0,5480
2023-01-17,SKU_006,D2C,East,60,264480.0,0.24,1,0,5800
2023-03-30,SKU_007,Distributor,Central,75,317988.75,0.05,0,0,4463
2023-06-04,SKU_021,D2C,Central,58,214614.5,0.05,1,0,3895
2023-02-27,SKU_011,Amazon,East,11,29964.0,0.2,1,1,3405
2023-02-22,SKU_009,Flipkart,West,55,156948.0,0.13,0,0,3280
2023-01-21,SKU_018,Distributor,North,37,31714.550000000003,0.21,0,0,1085
2023-06-27,SKU_007,Amazon,South,86,203144.9,0.15,1,1,2779
2023-01-03,SKU_013,D2C,North,57,261891.63,0.09,0,1,5049
2023-04-28,SKU_048,D2C,East,38,146420.46000000002,0.19,1,0,4757
2023-06-24,SKU_036,Retail,West,61,58601.479999999996,0.27,1,1,1316
2023-02-19,SKU_015,Flipkart,North,51,271148.63999999996,0.06,0,1,5656
2023-05-30,SKU_045,Distributor,North,15,65748.75,0.11,0,0,4925
2023-06-22,SKU_002,Flipkart,East,67,256942.32,0.13,0,1,4408
2023-05-23,SKU_004,Flipkart,North,41,210004.46,0.06,1,0,5449
2023-05-08,SKU_026,Distributor,West,78,191919.0,0.05,0,0,2590
2023-05-11,SKU_046,Amazon,Central,47,164276.28,0.16,0,1,4161
2023-03-18,SKU_018,D2C,East,78,266267.04,0.29,1,0,4808
2023-05-31,SKU_034,Retail,North,58,333968.64,0.04,1,1,5998
2023-02-18,SKU_006,D2C,West,69,132459.30000000002,0.21,1,0,2430
2023-01-28,SKU_020,D2C,North,40,179317.2,0.11,0,1,5037
2023-02-07,SKU_021,Amazon,South,57,123594.24,0.23,1,0,2816
2023-06-19,SKU_010,Distributor,East,15,50394.0,0.26,0,0,4540
2023-03-15,SKU_002,Flipkart,West,47,101179.25,0.21,1,1,2725
2023-02-10,SKU_016,D2C,Central,20,20826.0,0.11,0,0,1170
2023-05-19,SKU_036,Flipkart,West,27,127459.98000000001,0.18,0,1,5757
2023-05-25,SKU_043,Amazon,East,32,72416.96,0.23,1,0,2939
2023-01-17,SKU_043,Retail,South,63,85130.64,0.24,0,1,1778
2023-01-14,SKU_012,D2C,South,47,252086.38,0.09,1,0,5894
2023-03-27,SKU_015,Retail,South,50,64320.0,0.04,0,1,1340
2023-03-01,SKU_046,Amazon,South,46,122218.31999999999,0.16,1,1,3163
2023-06-09,SKU_047,Flipkart,West,71,85415.84,0.27,1,0,1648
2023-06-01,SKU_049,D2C,North,50,182493.0,0.19,1,1,4506
2023-01-23,SKU_041,Amazon,East,54,139605.12,0.04,1,1,2693
2023-04-16,SKU_027,Amazon,Central,38,182914.9,0.15,1,0,5663
2023-04-23,SKU_006,Distributor,Central,72,97152.48,0.14,1,0,1569
2023-05-22,SKU_031,D2C,South,74,222791.06,0.21,1,1,3811
2023-02-27,SKU_041,D2C,North,49,81884.88,0.12,1,0,1899
2023-02-20,SKU_015,Retail,East,38,145422.2,0.23,1,0,4970
2023-03-04,SKU_039,D2C,Central,17,45707.22,0.22,1,0,3447
2023-01-05,SKU_037,Flipkart,South,32,146504.96,0.17,0,0,5516
2023-01-11,SKU_019,Amazon,East,6,11780.64,0.28,0,0,2727
2023-02-25,SKU_050,D2C,South,31,158988.15,0.13,1,1,5895
2023-06-06,SKU_024,Distributor,Central,57,221899.86000000002,0.22,0,0,4991
2023-03-30,SKU_038,Flipkart,West,48,139599.36,0.17,0,0,3504
2023-02-26,SKU_042,Retail,South,96,484170.24000000005,0.08,1,0,5482
2023-02-04,SKU_011,Flipkart,North,42,148431.36000000002,0.12,0,0,4016
2023-02-27,SKU_040,Flipkart,North,41,83984.81,0.09,1,1,2251
2023-02-04,SKU_028,Distributor,East,71,281668.36000000004,0.18,1,1,4838
2023-06-28,SKU_035,Retail,South,11,42171.47,0.17,0,0,4619
2023-02-11,SKU_042,Flipkart,East,20,34988.8,0.12,1,0,1988
2023-03-11,SKU_004,Retail,South,63,103506.48,0.12,0,1,1867
2023-03-08,SKU_025,Amazon,North,46,162646.8,0.17,1,0,4260
2023-05-30,SKU_021,Retail,Central,46,58386.420000000006,0.19,0,0,1567
2023-01-23,SKU_026,Distributor,Central,31,44535.84,0.27,1,1,1968
2023-04-13,SKU_020,Retail,North,54,127634.40000000001,0.24,1,0,3110
2023-03-15,SKU_047,Amazon,West,33,103296.6,0.1,0,0,3478
2023-01-15,SKU_028,D2C,North,51,146319.0,0.05,0,0,3020
2023-06-23,SKU_035,Flipkart,North,26,83116.8,0.1,0,1,3552
2023-06-08,SKU_027,D2C,South,46,103983.0,0.25,1,1,3014
2023-05-21,SKU_032,Retail,North,90,395835.3,0.17,0,0,5299
2023-05-10,SKU_021,Distributor,West,41,142113.79,0.09,1,1,3809
2023-01-03,SKU_049,Retail,South,47,125119.17,0.01,0,0,2689
2023-01-01,SKU_023,D2C,East,45,189540.0,0.22,1,1,5400
2023-04-07,SKU_015,Distributor,East,53,66702.09,0.09,1,1,1383
2023-01-09,SKU_023,D2C,Central,59,114950.29000000001,0.09,1,0,2141
2023-04-20,SKU_006,Amazon,North,55,93088.6,0.24,1,0,2227
2023-02-15,SKU_050,Retail,East,55,128324.9,0.14,0,0,2713
2023-05-13,SKU_037,Distributor,East,46,191272.6,0.14,1,1,4835
2023-06-05,SKU_041,Retail,East,52,191621.56,0.03,0,1,3799
2023-01-22,SKU_037,Distributor,North,45,113836.50000000001,0.18,1,0,3085
2023-03-14,SKU_035,Flipkart,North,13,39826.8,0.1,1,1,3404
2023-04-23,SKU_039,Retail,Central,102,162028.02,0.23,1,1,2063
2023-02-20,SKU_027,Amazon,West,64,274959.36,0.22,0,0,5508
2023-05-08,SKU_042,D2C,North,30,100092.0,0.24,1,1,4390
2023-04-24,SKU_010,Distributor,North,54,168235.38,0.13,1,1,3581
2023-04-04,SKU_015,Amazon,East,23,128368.75,0.05,1,0,5875
2023-01-26,SKU_032,Retail,East,40,56409.6,0.04,1,1,1469
2023-02-26,SKU_012,Retail,North,20,91219.0,0.05,1,0,4801
2023-03-06,SKU_018,Distributor,East,48,91676.16,0.08,0,0,2076
2023-06-06,SKU_003,Flipkart,Central,18,57946.5,0.21,0,1,4075
2023-04-12,SKU_017,Distributor,East,57,242985.3,0.06,0,0,4535
2023-05-20,SKU_005,Amazon,North,63,149146.2,0.11,1,1,2660
2023-03-29,SKU_016,D2C,Central,33,155969.55000000002,0.19,0,0,5835
2023-03-19,SKU_015,Distributor,South,53,127337.8,0.18,0,1,2930
2023-02-20,SKU_007,Retail,East,32,96767.36,0.06,0,0,3217
2023-01-21,SKU_035,Amazon,Central,60,296340.0,0.0,1,1,4939
2023-05-24,SKU_032,Distributor,East,36,155763.36000000002,0.08,0,1,4703
2023-01-29,SKU_042,Flipkart,North,65,97206.2,0.02,1,1,1526
2023-06-14,SKU_042,Amazon,South,13,44588.96,0.03,0,1,3536
2023-02-03,SKU_017,D2C,North,29,116039.15000000001,0.21,0,0,5065
2023-04-03,SKU_022,Flipkart,East,27,107989.2,0.01,0,0,4040
2023-03-08,SKU_024,Amazon,North,54,100499.4,0.26,1,0,2515
2023-05-14,SKU_024,Amazon,South,61,298967.1,0.15,1,1,5766
2023-04-10,SKU_043,Amazon,East,55,145171.4,0.08,0,1,2869
2023-03-10,SKU_016,Retail,East,39,154112.4,0.26,1,0,5340
2023-06-07,SKU_031,Distributor,North,0,0.0,0.18,1,0,2248
2023-01-28,SKU_006,Amazon,West,50,160352.5,0.15,1,1,3773
2023-04-30,SKU_008,Retail,West,65,155603.5,0.26,0,0,3235
2023-05-17,SKU_043,Retail,Central,103,431116.8,0.04,1,1,4360
2023-03-29,SKU_006,D2C,North,41,148384.74,0.02,0,1,3693
2023-06-12,SKU_047,Amazon,West,36,34482.24,0.22,1,0,1228
2023-04-25,SKU_001,Retail,North,56,69898.08,0.29,0,0,1758
2023-06-13,SKU_048,D2C,West,44,59018.96,0.23,0,0,1742
2023-01-30,SKU_036,Flipkart,East,75,236376.0,0.16,0,1,3752
2023-03-26,SKU_012,Retail,North,33,33160.05,0.13,1,0,1155
2023-01-29,SKU_050,Retail,South,45,127512.9,0.17,1,0,3414
2023-05-06,SKU_039,Amazon,South,67,156309.66,0.22,1,0,2991
2023-01-20,SKU_048,Retail,Central,56,77948.64,0.01,1,1,1406
2023-03-19,SKU_036,Retail,South,73,238896.88,0.24,0,0,4306
2023-04-17,SKU_041,Retail,East,41,144411.84,0.04,1,1,3669
2023-03-02,SKU_018,Retail,East,75,182836.5,0.23,1,1,3166
2023-02-03,SKU_004,Amazon,South,16,46606.56,0.03,1,1,3003
2023-01-20,SKU_048,D2C,North,17,62884.7,0.29,1,1,5210
2023-03-08,SKU_019,Distributor,Central,75,324975.0,0.0,0,0,4333
2023-05-13,SKU_046,Flipkart,South,50,252110.0,0.15,0,0,5932
2023-03-23,SKU_015,Distributor,South,68,158709.28,0.17,0,1,2812
2023-03-28,SKU_028,Amazon,East,51,182327.03999999998,0.04,0,0,3724
2023-02-03,SKU_032,Retail,North,49,105448.48999999999,0.29,0,0,3031
2023-06-19,SKU_021,Amazon,Central,23,80012.40000000001,0.22,1,0,4460
2023-04-19,SKU_023,Retail,South,49,211150.80000000002,0.1,1,1,4788
2023-03-29,SKU_031,D2C,South,77,105446.87999999999,0.28,0,0,1902
2023-05-25,SKU_009,Retail,South,51,190004.58,0.07,0,1,4006
2023-01-09,SKU_042,Amazon,South,63,191424.24,0.24,1,1,3998
2023-03-30,SKU_031,D2C,West,63,74840.22,0.22,0,1,1523
2023-05-06,SKU_046,Flipkart,North,29,101926.88,0.12,1,1,3994
2023-06-16,SKU_019,Retail,South,67,353796.18,0.07,1,0,5678
2023-02-14,SKU_042,Flipkart,East,43,47115.53,0.23,0,0,1423
2023-01-27,SKU_006,Amazon,East,44,143591.36000000002,0.24,1,0,4294
2023-04-30,SKU_014,Retail,East,91,392426.58,0.18,1,1,5259
2023-05-08,SKU_013,D2C,East,61,157074.38999999998,0.01,0,1,2601
2023-01-09,SKU_042,Distributor,East,37,69503.76,0.28,1,1,2609
2023-02-02,SKU_031,Flipkart,South,51,129921.48000000001,0.08,0,0,2769
2023-01-12,SKU_016,Distributor,West,50,164640.0,0.2,0,0,4116
2023-02-23,SKU_042,Amazon,West,83,292672.94,0.11,0,0,3962
2023-01-12,SKU_018,Retail,North,50,58765.0,0.27,1,1,1610
2023-01-14,SKU_032,Distributor,South,94,376986.06,0.01,0,1,4051
2023-03-08,SKU_015,Amazon,East,24,137779.19999999998,0.04,1,0,5980
2023-03-11,SKU_010,Amazon,West,49,143864.0,0.2,0,1,3670
2023-06-29,SKU_036,Retail,Central,34,85300.56,0.08,0,0,2727
2023-06-23,SKU_018,Retail,East,40,59102.399999999994,0.16,1,1,1759
2023-03-10,SKU_040,Retail,West,40,121336.8,0.22,1,1,3889
2023-01-21,SKU_010,Amazon,East,35,145152.0,0.2,1,1,5184
2023-01-31,SKU_042,D2C,East,84,133145.04,0.18,0,1,1933
2023-01-30,SKU_007,Retail,South,78,68289.0,0.15,0,0,1030
2023-06-22,SKU_020,D2C,North,58,155495.68,0.29,0,1,3776
2023-03-07,SKU_034,Distributor,Central,40,61541.6,0.14,1,1,1789
2023-03-03,SKU_002,Amazon,East,36,154945.44,0.11,0,1,4836
2023-01-11,SKU_010,Retail,West,64,150760.96,0.06,1,1,2506
2023-01-05,SKU_027,D2C,Central,56,101133.76000000001,0.08,0,0,1963
2023-06-24,SKU_039,Flipkart,Central,47,70116.48,0.28,1,0,2072
2023-05-01,SKU_045,Distributor,West,60,242356.2,0.21,1,1,5113
2023-02-21,SKU_039,Flipkart,East,67,89353.88,0.23,0,0,1732
2023-04-02,SKU_013,Amazon,North,46,95299.12,0.02,0,1,2114
2023-05-14,SKU_022,D2C,North,34,84609.0,0.1,1,1,2765
2023-03-16,SKU_036,Distributor,North,23,65018.700000000004,0.19,1,1,3490
2023-04-14,SKU_007,Retail,West,55,43263.0,0.24,1,0,1035
2023-02-15,SKU_036,Flipkart,South,93,420676.2,0.1,1,1,5026
2023-02-13,SKU_006,Distributor,East,27,111222.72,0.16,0,1,4904
2023-06-11,SKU_025,Flipkart,South,71,221686.14,0.22,1,0,4003
2023-06-12,SKU_016,Flipkart,North,36,60952.32,0.26,1,0,2288
2023-02-06,SKU_020,Amazon,North,40,63073.600000000006,0.21,0,0,1996
2023-03-22,SKU_045,Amazon,Central,68,211401.12,0.16,0,0,3701
2023-04-03,SKU_040,Amazon,Central,44,172418.4,0.1,0,1,4354
2023-03-10,SKU_023,Flipkart,West,54,129954.78,0.03,0,0,2481
2023-06-08,SKU_026,Amazon,North,54,73717.56,0.02,0,1,1393
2023-01-03,SKU_024,Flipkart,Central,36,111569.4,0.29,0,0,4365
2023-03-06,SKU_009,D2C,South,67,281878.38,0.02,0,1,4293
2023-01-14,SKU_022,D2C,East,48,167990.4,0.05,0,0,3684
2023-03-10,SKU_043,Amazon,North,22,33336.159999999996,0.06,1,0,1612
2023-06-11,SKU_048,Amazon,Central,32,85321.6,0.09,0,0,2930
2023-02-09,SKU_017,Distributor,East,0,0.0,0.24,0,0,2080
2023-05-03,SKU_031,Distributor,West,51,235854.59999999998,0.05,1,1,4868
2023-04-18,SKU_007,Distributor,East,76,368096.88,0.11,0,0,5442
2023-01-22,SKU_029,Flipkart,West,29,97554.54999999999,0.05,0,0,3541
2023-04-18,SKU_001,Retail,East,61,183294.02000000002,0.09,0,0,3302
2023-04-20,SKU_005,Amazon,West,58,128275.7,0.11,0,0,2485
2023-06-04,SKU_013,Retail,South,34,132542.19999999998,0.3,0,1,5569
2023-03-26,SKU_004,Retail,North,80,312137.60000000003,0.08,1,1,4241
2023-05-14,SKU_013,D2C,West,44,156186.8,0.3,0,1,5071
2023-06-16,SKU_050,Distributor,Central,90,257266.80000000002,0.18,1,0,3486
2023-03-29,SKU_019,D2C,South,17,55976.240000000005,0.21,0,0,4168
2023-03-06,SKU_033,D2C,East,44,153410.4,0.1,1,0,3874
2023-01-18,SKU_050,D2C,Central,46,113602.52,0.03,0,1,2546
2023-06-06,SKU_015,Distributor,South,49,160268.22,0.19,0,1,4038
2023-05-25,SKU_021,D2C,North,64,193737.59999999998,0.07,1,0,3255
2023-04-02,SKU_036,Flipkart,South,117,525213.0,0.0,0,1,4489
2023-04-27,SKU_015,D2C,Central,59,143752.31999999998,0.06,0,1,2592
2023-02-11,SKU_020,Distributor,West,50,190365.0,0.3,0,0,5439
2023-06-14,SKU_007,Distributor,Central,28,107756.88,0.23,0,0,4998
2023-01-15,SKU_044,Retail,North,12,38760.0,0.24,0,0,4250
2023-02-14,SKU_013,D2C,Central,73,58672.29,0.27,1,0,1101
2023-01-06,SKU_046,Amazon,Central,39,135891.21,0.09,0,0,3829
2023-04-07,SKU_050,Amazon,East,102,191017.44,0.19,1,1,2312
2023-03-04,SKU_007,Retail,West,67,287511.07,0.23,0,1,5573
2023-03-09,SKU_032,D2C,West,56,74592.0,0.26,0,1,1800
2023-04-09,SKU_028,Amazon,East,57,66289.86,0.09,0,0,1278
2023-02-14,SKU_036,Retail,North,58,226116.47999999998,0.04,0,0,4061
2023-01-17,SKU_023,Retail,West,36,123724.79999999999,0.04,1,1,3580
2023-04-13,SKU_025,D2C,East,14,28084.84,0.11,1,1,2254
2023-04-15,SKU_001,D2C,Central,38,86153.22,0.19,0,0,2799
2023-05-10,SKU_046,Amazon,East,49,110026.56,0.04,1,0,2339
2023-02-17,SKU_013,D2C,North,37,76726.16,0.02,0,1,2116
2023-05-18,SKU_017,Flipkart,North,24,94573.44,0.22,1,0,5052
2023-05-26,SKU_050,Retail,North,35,69819.75,0.01,1,1,2015
2023-06-28,SKU_018,Flipkart,Central,70,351388.8,0.04,1,1,5229
2023-05-07,SKU_035,Distributor,West,64,70480.64,0.18,0,0,1343
2023-05-27,SKU_041,Amazon,Central,53,168858.0,0.1,1,1,3540
2023-03-29,SKU_011,Flipkart,East,61,171752.21,0.27,1,1,3857
2023-05-25,SKU_011,Distributor,West,27,157086.0,0.0,1,1,5818
2023-01-10,SKU_028,Retail,Central,34,113446.44,0.26,0,1,4509
2023-05-01,SKU_003,D2C,South,56,178328.63999999998,0.16,1,1,3791
2023-02-01,SKU_029,Retail,North,29,155589.93,0.07,1,0,5769
2023-06-15,SKU_035,Retail,West,52,243111.44,0.21,1,1,5918
2023-02-25,SKU_022,D2C,West,24,81509.04000000001,0.21,0,0,4299
2023-01-14,SKU_001,Amazon,South,17,72494.12,0.24,1,0,5611
2023-06-14,SKU_032,Amazon,East,64,186373.12,0.11,1,1,3272
2023-01-13,SKU_029,Distributor,Central,70,88519.2,0.12,0,0,1437
2023-06-13,SKU_001,D2C,South,37,31528.440000000002,0.19,0,0,1052
2023-04-16,SKU_030,Retail,Central,19,70734.72,0.04,1,1,3878
2023-01-01,SKU_041,Distributor,North,5,21067.8,0.26,1,1,5694
2023-06-11,SKU_038,D2C,Central,86,371636.96,0.24,1,0,5686
2023-03-22,SKU_007,D2C,East,52,61620.0,0.25,1,1,1580
2023-01-28,SKU_047,Retail,East,37,131424.37,0.23,0,1,4613
2023-04-02,SKU_042,Retail,Central,42,103773.59999999999,0.29,1,1,3480
2023-06-13,SKU_044,Distributor,South,11,27453.91,0.03,1,0,2573
2023-04-03,SKU_032,Distributor,West,62,59172.8,0.2,1,0,1193
2023-03-10,SKU_029,Amazon,Central,90,74220.3,0.23,1,0,1071
2023-03-07,SKU_023,Retail,East,34,64491.200000000004,0.2,1,1,2371
2023-04-05,SKU_044,Retail,Central,97,301580.76,0.22,0,1,3986
2023-05-29,SKU_033,Flipkart,Central,47,123478.40000000001,0.2,0,0,3284
2023-04-04,SKU_004,D2C,East,83,194677.33000000002,0.21,0,1,2969
2023-05-26,SKU_048,Flipkart,North,56,284961.60000000003,0.1,1,1,5654
2023-02-22,SKU_026,D2C,South,56,241379.6,0.15,0,0,5071
2023-03-24,SKU_042,D2C,South,86,85307.7,0.15,1,0,1167
2023-01-17,SKU_009,Distributor,West,65,213210.4,0.17,1,0,3952
2023-02-19,SKU_027,Amazon,East,57,190408.5,0.25,1,1,4454
2023-03-05,SKU_030,Flipkart,South,11,50752.9,0.14,0,1,5365
2023-04-27,SKU_007,Amazon,East,19,88722.01999999999,0.17,1,0,5626
2023-06-10,SKU_033,Flipkart,North,59,91159.72,0.24,1,0,2033
2023-01-07,SKU_020,Distributor,East,79,308130.81,0.27,1,0,5343
2023-02-02,SKU_003,Amazon,West,52,182422.24,0.23,0,0,4556
2023-06-22,SKU_040,D2C,West,38,50597.759999999995,0.04,1,0,1387
2023-06-05,SKU_001,Flipkart,East,13,27283.879999999997,0.29,0,1,2956
2023-03-27,SKU_030,Amazon,South,34,67873.18000000001,0.11,0,0,2243
2023-05-05,SKU_045,Flipkart,North,52,262106.0,0.15,0,0,5930
2023-01-18,SKU_035,Flipkart,South,32,152623.68,0.03,1,0,4917
2023-02-13,SKU_016,Amazon,South,30,129446.1,0.19,0,0,5327
2023-03-25,SKU_012,Retail,Central,48,158350.08,0.14,0,0,3836
2023-03-22,SKU_014,Flipkart,West,78,210424.5,0.01,0,0,2725
2023-01-19,SKU_049,Retail,South,63,226899.54,0.26,1,0,4867
2023-04-19,SKU_043,Retail,East,55,145980.45,0.23,1,0,3447
2023-02-15,SKU_010,Distributor,West,53,102574.08,0.04,1,1,2016
2023-01-17,SKU_010,D2C,Central,61,99676.44,0.11,1,0,1836
2023-03-26,SKU_044,Flipkart,North,47,120721.38,0.26,0,0,3471
2023-04-13,SKU_023,Amazon,North,41,70536.40000000001,0.08,1,1,1870
2023-05-08,SKU_031,D2C,Central,64,308719.36,0.14,0,1,5609
2023-05-27,SKU_041,Retail,West,45,59507.1,0.26,1,1,1787
2023-01-19,SKU_019,Retail,South,26,99424.0,0.2,1,1,4780
2023-05-22,SKU_045,Distributor,West,78,276310.32,0.03,0,1,3652
2023-04-16,SKU_039,D2C,North,12,52424.4,0.21,0,0,5530
2023-06-18,SKU_041,Flipkart,West,80,319865.60000000003,0.18,0,1,4876
2023-05-28,SKU_007,D2C,East,60,87804.0,0.1,1,1,1626
2023-05-08,SKU_029,Amazon,North,30,33915.0,0.3,0,0,1615
2023-04-06,SKU_021,Amazon,Central,50,104619.5,0.11,0,1,2351
2023-06-09,SKU_036,Retail,West,41,239727.0,0.0,0,1,5847
2023-06-13,SKU_029,Retail,Central,66,342342.0,0.09,1,1,5700
2023-01-30,SKU_011,Retail,South,65,89023.34999999999,0.29,0,1,1929
2023-01-28,SKU_043,Distributor,West,59,280594.56,0.04,1,0,4954
2023-02-10,SKU_043,Flipkart,West,64,240195.84,0.29,1,1,5286
2023-05-20,SKU_032,Distributor,South,47,138024.9,0.22,1,1,3765
2023-05-11,SKU_008,Amazon,West,85,467078.39999999997,0.04,1,0,5724
2023-06-27,SKU_037,D2C,East,74,383345.16,0.06,1,0,5511
2023-01-19,SKU_035,Distributor,North,40,52128.0,0.2,1,0,1629
2023-06-20,SKU_011,Retail,South,66,99015.84,0.24,1,1,1974
2023-04-11,SKU_026,Distributor,West,64,133299.2,0.18,0,0,2540
2023-06-28,SKU_025,Flipkart,South,44,98178.08,0.09,1,0,2452
2023-01-01,SKU_048,Flipkart,South,43,156285.22,0.09,0,1,3994
2023-06-08,SKU_027,D2C,Central,74,282117.60000000003,0.1,1,0,4236
2023-03-30,SKU_050,Amazon,Central,49,149234.40000000002,0.19,1,1,3760
2023-05-02,SKU_001,Amazon,West,55,97078.29999999999,0.29,0,1,2486
2023-05-17,SKU_007,Retail,Central,78,71432.4,0.24,0,1,1205
2023-01-31,SKU_029,Distributor,North,100,401056.0,0.17,1,1,4832
2023-01-14,SKU_048,D2C,Central,39,39458.25,0.29,1,1,1425
2023-05-26,SKU_040,Amazon,North,45,103761.9,0.06,1,0,2453
2023-03-14,SKU_014,Flipkart,West,51,140493.78,0.02,0,0,2811
2023-02-16,SKU_036,Retail,South,51,191530.5,0.26,0,0,5075
2023-05-30,SKU_025,Flipkart,South,57,144558.84,0.06,1,1,2698
2023-03-25,SKU_012,Flipkart,South,40,174004.0,0.18,0,1,5305
2023-06-14,SKU_023,Distributor,East,24,91717.2,0.27,0,0,5235
2023-02-25,SKU_004,Distributor,North,85,147441.0,0.16,0,1,2065
2023-01-13,SKU_037,D2C,East,62,199044.80000000002,0.2,0,0,4013
2023-06-19,SKU_018,Retail,South,41,217818.24,0.04,1,0,5534
2023-04-15,SKU_030,Retail,West,58,243982.8,0.24,1,0,5535
2023-05-18,SKU_049,Retail,East,86,141422.69999999998,0.05,0,1,1731
2023-04-04,SKU_022,D2C,North,34,40655.16,0.09,1,1,1314
2023-03-06,SKU_020,Retail,North,54,140959.98,0.11,0,1,2933
2023-02-12,SKU_044,Flipkart,West,22,85230.42,0.13,1,1,4453
2023-05-05,SKU_039,Amazon,East,47,144756.24000000002,0.18,0,1,3756
2023-02-16,SKU_009,D2C,Central,62,308638.48,0.03,1,0,5132
2023-06-05,SKU_023,Amazon,South,27,130891.95,0.05,1,1,5103
2023-01-06,SKU_030,Amazon,Central,46,58694.159999999996,0.07,1,1,1372
2023-01-22,SKU_030,Flipkart,Central,65,346585.85,0.03,1,0,5497
2023-05-18,SKU_002,Flipkart,East,61,99936.3,0.14,0,1,1905
2023-06-02,SKU_044,Retail,South,26,68421.6,0.1,0,0,2924
2023-04-28,SKU_036,Flipkart,West,57,101967.3,0.11,0,1,2010
2023-04-25,SKU_038,Distributor,East,61,121649.25,0.25,1,1,2659
2023-05-22,SKU_034,Retail,North,52,126009.0,0.25,0,0,3231
2023-05-19,SKU_022,Flipkart,East,71,180004.88,0.14,1,0,2948
2023-03-19,SKU_050,Distributor,South,38,182147.68,0.12,0,0,5447
2023-01-20,SKU_030,D2C,West,58,202067.36,0.26,1,1,4708
2023-03-08,SKU_039,Retail,East,26,144573.52,0.02,0,1,5674
2023-06-24,SKU_029,D2C,North,17,54108.62,0.14,1,1,3701
2023-01-20,SKU_035,D2C,North,65,73768.5,0.03,0,1,1170
2023-05-28,SKU_016,D2C,East,50,155622.0,0.26,0,0,4206
2023-03-25,SKU_002,Distributor,East,40,130380.8,0.12,0,0,3704
2023-05-28,SKU_019,Retail,East,28,43691.2,0.06,1,1,1660
2023-06-22,SKU_029,Retail,North,66,387303.83999999997,0.02,1,0,5988
2023-05-09,SKU_009,Amazon,North,19,35434.24,0.06,0,0,1984
2023-06-29,SKU_018,Flipkart,East,69,278826.24000000005,0.18,1,0,4928
2023-01-20,SKU_003,Flipkart,North,59,161565.59999999998,0.3,1,0,3912
2023-06-06,SKU_023,Retail,East,20,32731.199999999997,0.28,0,1,2273
2023-03-31,SKU_011,Retail,East,52,117542.88,0.22,0,0,2898
2023-02-14,SKU_019,Amazon,East,103,317914.64999999997,0.05,0,1,3249
2023-02-10,SKU_044,D2C,North,73,307914.0,0.24,0,0,5550
2023-01-09,SKU_049,Retail,Central,33,71086.62,0.26,0,1,2911
2023-01-05,SKU_025,Retail,South,64,263569.28,0.21,0,1,5213
2023-02-27,SKU_024,D2C,North,21,73203.06,0.02,1,1,3557
2023-03-31,SKU_011,Amazon,North,22,103463.14,0.21,0,1,5953
2023-02-04,SKU_017,Distributor,East,48,123849.59999999999,0.3,0,1,3686
2023-01-11,SKU_038,Amazon,South,61,49250.18,0.27,0,1,1106
2023-01-25,SKU_004,Flipkart,North,66,120274.44,0.14,0,0,2119
2023-01-22,SKU_017,Flipkart,East,66,241877.46000000002,0.21,1,0,4639
2023-06-05,SKU_042,Amazon,North,59,203007.2,0.08,0,0,3740
2023-02-04,SKU_039,Distributor,Central,17,49218.4,0.2,1,1,3619
2023-01-04,SKU_010,Amazon,East,48,176776.32,0.02,0,1,3758
2023-02-12,SKU_024,Flipkart,East,69,355743.3,0.14,0,1,5995
2023-05-23,SKU_012,Amazon,Central,58,180914.76,0.14,1,0,3627
2023-02-28,SKU_036,Distributor,West,53,204963.72,0.22,1,1,4958
2023-05-21,SKU_033,Amazon,East,56,77575.12,0.17,0,1,1669
2023-02-12,SKU_006,Retail,Central,56,182440.16,0.18,0,0,3973
2023-04-03,SKU_024,Retail,West,10,31257.6,0.26,1,1,4224
2023-03-15,SKU_001,Flipkart,South,73,225418.16,0.12,0,1,3509
2023-02-05,SKU_016,Retail,West,47,173185.59999999998,0.06,1,0,3920
2023-04-01,SKU_019,D2C,South,64,121904.64,0.26,1,1,2574
2023-04-11,SKU_012,Retail,West,3,6851.4,0.05,0,1,2404
2023-05-22,SKU_006,Retail,Central,83,327653.29000000004,0.21,1,1,4997
2023-05-04,SKU_040,Amazon,West,26,43582.5,0.25,1,0,2235
2023-05-04,SKU_042,Retail,East,100,225666.00000000003,0.19,0,0,2786
2023-01-19,SKU_046,Flipkart,West,92,255300.0,0.26,1,1,3750
2023-02-17,SKU_001,Amazon,West,23,65122.2,0.01,1,1,2860
2023-04-05,SKU_015,Flipkart,North,66,221907.84,0.21,0,0,4256
2023-05-20,SKU_041,Amazon,East,29,123048.16,0.08,0,1,4612
2023-05-24,SKU_030,Amazon,South,37,75036.0,0.25,0,1,2704
2023-01-08,SKU_019,Amazon,South,37,83556.36,0.19,0,1,2788
2023-03-11,SKU_034,D2C,North,58,88625.16,0.22,1,1,1959
2023-04-03,SKU_050,Distributor,South,56,228473.28,0.16,1,0,4857
2023-02-24,SKU_031,D2C,North,25,85040.0,0.2,0,1,4252
2023-04-24,SKU_022,Retail,East,58,149773.4,0.15,1,1,3038
2023-01-14,SKU_028,D2C,West,45,214946.55000000002,0.09,0,1,5249
2023-05-20,SKU_011,Amazon,East,13,36569.0,0.0,1,0,2813
2023-02-02,SKU_022,Flipkart,West,41,58733.729999999996,0.01,1,1,1447
2023-06-02,SKU_019,Amazon,Central,83,232658.96,0.26,0,1,3788
2023-03-18,SKU_035,Flipkart,South,41,162166.48,0.02,0,0,4036
2023-06-14,SKU_005,Flipkart,Central,13,38518.740000000005,0.19,0,0,3658
2023-02-26,SKU_041,Amazon,East,66,104802.72,0.08,0,0,1726
2023-01-28,SKU_010,Amazon,Central,31,92530.35,0.19,1,1,3685
2023-02-19,SKU_023,Retail,East,54,95651.28,0.13,0,0,2036
2023-03-26,SKU_010,Flipkart,West,46,186702.5,0.15,0,0,4775
2023-01-16,SKU_047,Distributor,North,85,89035.8,0.13,0,0,1204
2023-05-07,SKU_030,Retail,North,46,183470.08000000002,0.24,1,0,5248
2023-03-01,SKU_016,Distributor,North,27,57750.57,0.17,0,0,2577
2023-04-15,SKU_027,Amazon,West,40,98080.0,0.2,0,1,3065
2023-04-22,SKU_019,D2C,Central,25,104000.0,0.2,0,1,5200
2023-06-24,SKU_049,D2C,Central,45,93995.09999999999,0.07,0,1,2246
2023-05-25,SKU_019,Amazon,Central,85,109293.84999999999,0.29,1,1,1811
2023-06-26,SKU_006,Flipkart,South,74,97506.09999999999,0.27,1,0,1805
2023-03-12,SKU_044,Distributor,Central,90,208728.9,0.27,0,1,3177
2023-03-13,SKU_015,Distributor,South,59,233192.19,0.13,1,1,4543
2023-02-07,SKU_026,Retail,South,52,154875.24000000002,0.19,0,0,3677
2023-05-22,SKU_001,Flipkart,East,30,133684.2,0.22,1,0,5713
2023-04-22,SKU_018,Flipkart,East,55,288119.7,0.11,1,0,5886
2023-05-27,SKU_048,Flipkart,West,47,102631.07999999999,0.07,0,0,2348
2023-02-27,SKU_022,D2C,Central,65,159939.0,0.1,0,1,2734
2023-04-17,SKU_001,Amazon,East,27,50506.2,0.06,1,1,1990
2023-06-19,SKU_006,Amazon,West,51,195098.97,0.17,1,0,4609
2023-04-08,SKU_010,Flipkart,South,18,70729.2,0.1,1,0,4366
2023-05-29,SKU_004,Distributor,North,56,68063.51999999999,0.06,1,1,1293
2023-05-09,SKU_043,Distributor,North,63,109703.15999999999,0.16,1,0,2073
2023-05-17,SKU_022,D2C,South,17,68821.44,0.04,0,1,4217
2023-03-31,SKU_030,Amazon,South,23,100488.15,0.27,1,1,5985
2023-02-11,SKU_019,Retail,East,24,32853.6,0.1,1,0,1521
2023-03-03,SKU_028,Flipkart,South,46,198803.25999999998,0.17,0,1,5207
2023-06-09,SKU_030,Flipkart,Central,22,60677.76,0.22,1,1,3536
2023-02-04,SKU_031,Flipkart,Central,77,398730.64,0.02,0,1,5284
2023-06-03,SKU_015,Amazon,Central,58,142853.41999999998,0.29,0,0,3469
2023-01-20,SKU_028,Amazon,East,61,145452.06,0.22,0,0,3057
2023-06-14,SKU_037,Retail,North,18,82751.76000000001,0.22,1,1,5894
2023-04-28,SKU_005,Retail,North,75,270891.0,0.21,1,0,4572
2023-05-16,SKU_035,Amazon,North,62,300543.76,0.08,0,1,5269
2023-03-14,SKU_022,Amazon,South,36,41416.2,0.05,1,1,1211
2023-04-01,SKU_005,Flipkart,North,19,82888.26000000001,0.22,1,0,5593
2023-03-15,SKU_005,Flipkart,West,48,88024.32,0.19,0,1,2264
2023-03-15,SKU_038,Amazon,West,40,167340.0,0.25,0,0,5578
2023-01-08,SKU_004,D2C,East,41,116562.18,0.02,1,1,2901
2023-01-31,SKU_007,Distributor,East,35,150504.9,0.26,0,0,5811
2023-01-04,SKU_036,Amazon,Central,64,194511.36000000002,0.24,1,1,3999
2023-04-13,SKU_041,Distributor,South,0,0.0,0.21,0,1,1216
2023-03-15,SKU_010,Flipkart,North,78,137498.4,0.22,1,0,2260
2023-01-09,SKU_021,Amazon,North,69,210703.91999999998,0.02,0,0,3116
2023-06-25,SKU_002,Amazon,Central,54,224881.91999999998,0.04,0,1,4338
2023-04-12,SKU_027,Retail,West,47,59332.799999999996,0.04,0,0,1315
2023-01-07,SKU_004,D2C,Central,71,121541.34999999999,0.27,1,0,2345
2023-02-06,SKU_035,Amazon,Central,49,251730.15,0.13,0,1,5905
2023-03-02,SKU_003,Flipkart,South,44,214974.76,0.09,0,1,5369
2023-06-23,SKU_006,Flipkart,South,72,306028.8,0.08,0,1,4620
2023-05-23,SKU_050,D2C,East,91,311842.44,0.24,0,1,4509
2023-05-09,SKU_047,Amazon,South,30,132645.6,0.08,0,0,4806
2023-01-22,SKU_037,Amazon,Central,58,145268.54,0.27,0,1,3431
2023-06-30,SKU_011,Distributor,North,28,94557.4,0.15,0,0,3973
2023-03-29,SKU_042,Retail,North,60,256080.0,0.03,1,1,4400
2023-02-16,SKU_043,Retail,South,34,62906.12,0.21,0,0,2342
2023-01-05,SKU_050,Retail,East,74,380815.1,0.05,1,1,5417
2023-06-03,SKU_030,Distributor,North,47,81821.36,0.06,0,0,1852
2023-03-30,SKU_044,Distributor,South,50,261415.0,0.02,1,0,5335
2023-02-03,SKU_009,D2C,North,82,126198.0,0.0,0,1,1539
2023-04-23,SKU_047,D2C,North,35,31635.449999999997,0.17,1,1,1089
2023-06-03,SKU_012,Flipkart,North,63,308446.74,0.14,1,0,5693
2023-03-16,SKU_027,Distributor,South,37,216228.0,0.0,1,0,5844
2023-02-03,SKU_017,Amazon,South,73,88350.44,0.21,0,1,1532
2023-03-15,SKU_039,Retail,South,85,349276.89999999997,0.02,1,1,4193
2023-05-30,SKU_042,Retail,East,44,191193.19999999998,0.05,1,1,4574
2023-05-18,SKU_021,Flipkart,West,6,13673.88,0.01,0,1,2302
2023-01-08,SKU_019,D2C,South,36,143495.28,0.07,1,0,4286
2023-05-08,SKU_041,Distributor,West,98,109914.84,0.07,0,1,1206
2023-03-25,SKU_007,Retail,South,38,96409.04000000001,0.09,0,1,2788
2023-06-11,SKU_042,Amazon,Central,85,349401.0,0.15,1,1,4836
2023-02-03,SKU_045,Amazon,West,37,58976.52,0.26,1,1,2154
2023-04-27,SKU_023,Distributor,West,37,94357.40000000001,0.18,0,1,3110
2023-05-23,SKU_050,Flipkart,East,65,309555.35,0.11,0,1,5351
2023-02-27,SKU_046,D2C,Central,63,249429.6,0.2,1,1,4949
2023-01-08,SKU_008,D2C,West,67,187412.4,0.3,1,0,3996
2023-03-17,SKU_047,D2C,North,50,53505.0,0.1,0,1,1189
2023-02-02,SKU_009,Retail,West,70,282838.5,0.27,1,0,5535
2023-05-21,SKU_036,Amazon,South,69,309127.59,0.19,1,0,5531
2023-05-21,SKU_050,Amazon,South,72,181054.8,0.05,0,0,2647
2023-03-25,SKU_033,Retail,South,37,112314.23999999999,0.04,0,0,3162
2023-06-13,SKU_017,Flipkart,South,70,218013.6,0.24,1,1,4098
2023-03-30,SKU_046,D2C,East,39,158055.3,0.05,0,1,4266
2023-02-15,SKU_016,Retail,North,46,142137.24,0.02,1,1,3153
2023-01-18,SKU_035,Retail,West,46,218308.64,0.12,1,1,5393
2023-01-09,SKU_026,Distributor,South,30,113950.2,0.09,0,0,4174
2023-02-20,SKU_004,Retail,North,15,16234.8,0.17,0,1,1304
2023-06-12,SKU_025,Flipkart,South,74,328249.94,0.03,1,0,4573
2023-04-12,SKU_034,Retail,Central,35,194961.19999999998,0.02,0,1,5684
2023-04-21,SKU_034,Retail,East,44,47900.159999999996,0.04,0,1,1134
2023-03-25,SKU_008,D2C,West,35,141921.5,0.14,1,1,4715
2023-04-30,SKU_047,Amazon,Central,44,77781.44,0.24,0,0,2326
2023-05-17,SKU_043,Distributor,West,39,129227.28,0.03,1,1,3416
2023-05-19,SKU_022,Amazon,West,75,393739.5,0.02,1,0,5357
2023-04-12,SKU_032,Amazon,South,38,74672.28,0.19,0,0,2426
2023-05-26,SKU_039,Amazon,South,84,198702.0,0.25,0,0,3154
2023-05-01,SKU_035,Flipkart,North,72,173024.64,0.24,1,1,3162
2023-03-28,SKU_039,Distributor,South,40,149797.6,0.18,1,1,4567
2023-05-28,SKU_048,Amazon,South,56,141232.0,0.03,1,1,2600
2023-06-21,SKU_001,Retail,East,60,116622.0,0.05,0,0,2046
2023-03-11,SKU_037,Retail,Central,66,70424.64,0.24,1,0,1404
2023-04-13,SKU_046,D2C,West,68,266735.44,0.17,0,1,4726
2023-01-07,SKU_034,Distributor,North,53,49153.26,0.18,0,1,1131
2023-06-04,SKU_022,D2C,East,30,56133.0,0.01,0,0,1890
2023-03-22,SKU_006,D2C,West,62,92553.6,0.2,1,1,1866
2023-04-14,SKU_040,Flipkart,South,45,122360.40000000001,0.18,1,0,3316
2023-03-16,SKU_046,Flipkart,South,0,0.0,0.04,0,0,5193
2023-03-23,SKU_049,Flipkart,North,57,205659.42,0.11,1,1,4054
2023-02-10,SKU_016,Retail,North,35,168114.45,0.13,1,0,5521
2023-03-28,SKU_045,D2C,Central,40,92681.6,0.12,0,1,2633
2023-03-08,SKU_041,D2C,Central,50,217040.0,0.2,0,1,5426
2023-06-01,SKU_041,Distributor,West,18,35589.24,0.07,0,0,2126
2023-05-08,SKU_015,Retail,East,52,232514.87999999998,0.07,1,0,4808
2023-03-27,SKU_028,D2C,West,43,90094.03,0.29,0,1,2951
2023-04-25,SKU_024,Distributor,North,32,88675.2,0.1,0,0,3079
2023-03-28,SKU_050,Distributor,East,50,77240.0,0.2,0,1,1931
2023-04-06,SKU_007,Retail,West,16,28512.16,0.17,0,0,2147
2023-03-26,SKU_038,Distributor,North,51,191232.15,0.05,0,0,3947
2023-05-15,SKU_032,Distributor,East,59,266540.76,0.11,0,0,5076
2023-06-11,SKU_012,Flipkart,West,56,310839.19999999995,0.06,1,0,5905
2023-04-27,SKU_024,Flipkart,East,65,147804.8,0.24,0,1,2992
2023-03-14,SKU_003,Amazon,South,73,319867.02,0.01,1,0,4426
2023-03-11,SKU_002,D2C,West,48,77858.88,0.27,1,0,2222
2023-06-24,SKU_012,Retail,South,71,143633.0,0.15,1,1,2380
2023-02-01,SKU_008,Flipkart,West,48,175284.0,0.25,1,0,4869
2023-05-29,SKU_039,D2C,South,36,89638.2,0.05,0,0,2621
2023-01-02,SKU_003,Flipkart,South,42,73917.48,0.09,0,0,1934
2023-06-16,SKU_021,Flipkart,South,55,241040.80000000002,0.09,0,1,4816
2023-06-29,SKU_027,Flipkart,East,71,96383.21,0.23,1,0,1763
2023-03-07,SKU_036,Distributor,North,50,131979.0,0.13,0,0,3034
2023-03-18,SKU_015,Distributor,South,36,69530.4,0.13,0,0,2220
2023-04-01,SKU_050,Flipkart,West,78,358113.60000000003,0.2,0,1,5739
2023-03-29,SKU_019,Amazon,South,21,98050.68000000001,0.18,1,1,5694
2023-04-24,SKU_033,Retail,North,36,115747.92000000001,0.18,1,1,3921
2023-01-11,SKU_001,Distributor,Central,67,237311.32,0.27,1,1,4852
2023-02-28,SKU_006,Retail,East,85,184150.8,0.28,1,0,3009
2023-01-27,SKU_011,Flipkart,Central,59,275072.16,0.12,0,0,5298
2023-02-09,SKU_020,Distributor,North,54,173453.4,0.17,1,1,3870
2023-05-09,SKU_003,D2C,North,44,112485.12,0.04,0,1,2663
2023-01-14,SKU_022,Amazon,North,60,246413.99999999997,0.3,1,0,5867
2023-04-07,SKU_015,Distributor,North,52,208400.4,0.27,0,1,5490
2023-06-30,SKU_011,D2C,North,34,123653.23999999999,0.06,0,1,3869
2023-06-11,SKU_040,Amazon,South,43,45270.399999999994,0.06,0,0,1120
2023-02-20,SKU_012,Flipkart,East,32,30327.04,0.24,1,1,1247
2023-05-05,SKU_021,Flipkart,Central,50,74417.5,0.15,0,1,1751
2023-06-29,SKU_026,Distributor,North,53,229451.31,0.01,0,1,4373
2023-04-17,SKU_016,Distributor,North,82,327364.5,0.25,1,1,5323
2023-03-08,SKU_011,Flipkart,South,38,132385.91999999998,0.04,1,1,3629
2023-03-13,SKU_050,Distributor,West,46,47863.92,0.13,0,0,1196
2023-06-30,SKU_038,Flipkart,South,75,133245.0,0.06,0,1,1890
2023-03-01,SKU_033,D2C,South,86,209374.74,0.29,0,1,3429
2023-05-25,SKU_045,D2C,East,59,327273.0,0.0,1,0,5547
2023-02-17,SKU_049,Flipkart,North,44,117168.48000000001,0.22,0,0,3414
2023-01-10,SKU_015,Retail,South,40,36145.600000000006,0.18,1,0,1102
2023-05-14,SKU_015,Amazon,North,13,40122.68,0.24,1,1,4061
2023-03-13,SKU_020,D2C,East,31,119240.87999999999,0.07,0,1,4136
2023-03-06,SKU_041,D2C,West,52,68749.2,0.22,0,0,1695
2023-01-15,SKU_027,Amazon,South,46,192598.32,0.26,1,0,5658
2023-01-08,SKU_023,Distributor,South,62,241149.0,0.25,1,0,5186
2023-03-19,SKU_002,Distributor,West,46,216679.32,0.01,0,0,4758
2023-02-01,SKU_020,D2C,East,35,144331.94999999998,0.27,0,0,5649
2023-03-04,SKU_007,D2C,Central,56,111229.44,0.04,0,1,2069
2023-03-23,SKU_022,Retail,Central,100,158730.0,0.26,1,0,2145
2023-02-14,SKU_038,D2C,North,43,113767.25,0.05,1,0,2785
2023-06-27,SKU_002,D2C,North,52,212217.72,0.17,1,0,4917
2023-04-02,SKU_011,Amazon,South,66,365333.76,0.04,0,1,5766
2023-02-17,SKU_050,Amazon,South,38,173487.86000000002,0.09,1,1,5017
2023-05-06,SKU_034,Flipkart,North,75,387450.0,0.0,0,1,5166
2023-01-14,SKU_015,D2C,South,18,92989.26000000001,0.09,1,0,5677
2023-03-03,SKU_042,D2C,Central,41,181707.9,0.21,0,0,5610
2023-06-13,SKU_002,Retail,West,43,134906.05,0.15,1,0,3691
2023-04-24,SKU_050,Flipkart,West,53,210299.75999999998,0.28,0,0,5511
2023-05-27,SKU_047,D2C,South,10,17542.0,0.02,1,0,1790
2023-05-27,SKU_014,Distributor,North,77,182542.36,0.03,1,0,2444
2023-05-20,SKU_038,D2C,East,58,182358.38,0.27,1,0,4307
2023-05-17,SKU_034,D2C,Central,72,220008.96,0.28,1,1,4244
2023-01-29,SKU_007,Amazon,South,82,338367.26,0.23,0,0,5359
2023-06-19,SKU_020,Amazon,West,35,59846.850000000006,0.19,1,0,2111
2023-02-15,SKU_043,Distributor,South,0,0.0,0.16,1,1,2301
2023-04-10,SKU_010,Flipkart,East,72,315216.0,0.12,0,0,4975
2023-06-10,SKU_027,Flipkart,West,44,213897.63999999998,0.17,1,1,5857
2023-01-23,SKU_046,Flipkart,North,27,102049.2,0.12,0,0,4295
2023-06-11,SKU_008,D2C,Central,61,191458.87,0.21,1,0,3973
2023-01-16,SKU_009,Distributor,South,99,188278.2,0.26,0,1,2570
2023-02-25,SKU_010,D2C,South,47,66035.0,0.0,1,0,1405
2023-03-12,SKU_041,D2C,Central,69,243316.08,0.16,1,1,4198
2023-01-27,SKU_032,Amazon,West,30,141930.0,0.17,0,0,5700
2023-06-29,SKU_020,D2C,South,16,87369.59999999999,0.05,0,0,5748
2023-04-13,SKU_025,Flipkart,South,68,195099.47999999998,0.29,0,1,4041
2023-03-05,SKU_034,Distributor,Central,60,135123.0,0.27,0,1,3085
2023-05-03,SKU_012,Retail,East,40,94923.20000000001,0.18,1,0,2894
2023-04-01,SKU_013,Amazon,East,84,107503.2,0.1,1,0,1422
2023-01-10,SKU_014,Retail,East,14,49697.34,0.07,0,1,3817
2023-01-13,SKU_010,Flipkart,North,25,114797.5,0.06,0,0,4885
2023-04-09,SKU_034,Flipkart,Central,39,120684.71999999999,0.06,0,0,3292
2023-04-15,SKU_037,Distributor,Central,42,68884.2,0.29,1,0,2310
2023-02-24,SKU_040,Flipkart,South,79,231485.8,0.3,1,0,4186
2023-04-11,SKU_029,Distributor,East,50,241878.0,0.09,0,0,5316
2023-03-31,SKU_023,Amazon,North,46,119761.00000000001,0.18,0,1,3175
2023-01-15,SKU_001,D2C,West,24,80068.08,0.21,1,0,4223
2023-03-06,SKU_044,Amazon,East,71,307411.54,0.26,0,0,5851
2023-04-09,SKU_039,Distributor,North,27,52598.7,0.3,0,0,2783
2023-01-23,SKU_003,D2C,East,24,35372.88,0.27,1,1,2019
2023-01-28,SKU_049,Flipkart,West,41,210043.82,0.14,1,0,5957
2023-03-06,SKU_045,Amazon,North,53,169441.0,0.0,1,0,3197
2023-05-31,SKU_028,Flipkart,East,35,70339.5,0.23,0,1,2610
2023-05-19,SKU_039,Flipkart,West,64,195802.88,0.09,1,1,3362
2023-01-01,SKU_004,Retail,West,44,146000.8,0.06,0,1,3530
2023-02-01,SKU_040,Distributor,East,71,184031.29,0.21,0,0,3281
2023-04-14,SKU_019,Distributor,North,60,246506.4,0.27,0,0,5628
2023-06-04,SKU_032,Flipkart,North,85,79505.6,0.26,1,0,1264
2023-01-02,SKU_009,Retail,South,41,166357.5,0.25,1,0,5410
2023-03-07,SKU_025,Distributor,East,66,306163.44,0.14,1,1,5394
2023-02-21,SKU_015,Distributor,East,14,13984.599999999999,0.3,0,1,1427
2023-02-02,SKU_017,Amazon,West,107,201690.72,0.16,1,0,2244
2023-05-25,SKU_031,Distributor,Central,65,194260.3,0.27,1,1,4094
2023-05-30,SKU_019,D2C,Central,44,87194.79999999999,0.3,1,0,2831
2023-05-03,SKU_035,Distributor,East,44,162909.56,0.03,0,0,3817
2023-04-29,SKU_018,Distributor,East,45,85039.2,0.07,1,1,2032
2023-03-04,SKU_046,Retail,North,86,239630.4,0.28,0,1,3870
2023-05-23,SKU_016,D2C,South,67,120629.48000000001,0.08,1,1,1957
2023-02-10,SKU_006,D2C,Central,41,29844.719999999998,0.28,0,0,1011
2023-06-15,SKU_003,Amazon,South,25,64859.0,0.21,1,0,3284
2023-05-12,SKU_001,Retail,West,73,320908.0,0.0,0,1,4396
2023-02-27,SKU_043,Amazon,Central,66,83201.58,0.13,0,1,1449
2023-02-26,SKU_014,Amazon,South,64,45248.0,0.3,0,1,1010
2023-03-13,SKU_002,Retail,North,48,178375.68,0.16,1,0,4424
2023-03-05,SKU_037,D2C,East,44,200200.0,0.0,0,1,4550
2023-06-02,SKU_010,Flipkart,West,83,156536.34,0.14,0,1,2193
2023-03-29,SKU_010,Retail,South,85,108557.75,0.11,1,0,1435
2023-06-27,SKU_006,Retail,Central,62,120448.02,0.23,1,0,2523
2023-02-07,SKU_022,Amazon,North,69,286156.8,0.28,0,1,5760
2023-04-22,SKU_043,Flipkart,West,54,138221.63999999998,0.26,1,0,3459
2023-04-29,SKU_010,Flipkart,West,22,40896.9,0.15,1,0,2187
2023-06-16,SKU_048,Retail,South,30,116424.0,0.1,0,1,4312
2023-01-29,SKU_005,Flipkart,East,72,300583.44,0.07,0,0,4489
2023-01-23,SKU_016,Flipkart,West,75,129273.00000000001,0.18,0,0,2102
2023-01-26,SKU_012,Retail,South,71,343725.2,0.02,1,1,4940
2023-06-25,SKU_021,Distributor,East,56,144096.96000000002,0.18,1,1,3138
2023-03-15,SKU_027,Amazon,Central,71,127152.48000000001,0.09,0,0,1968
2023-04-25,SKU_021,Amazon,West,48,255679.19999999998,0.05,0,0,5607
2023-01-24,SKU_015,Flipkart,West,62,70299.31999999999,0.02,0,0,1157
2023-01-30,SKU_035,Retail,South,45,231662.25,0.05,1,1,5419
2023-02-09,SKU_033,Flipkart,Central,28,35909.159999999996,0.07,0,1,1379
2023-01-01,SKU_008,Distributor,North,67,338236.1,0.05,1,0,5314
2023-06-05,SKU_041,Distributor,South,75,106659.0,0.16,1,1,1693
2023-05-30,SKU_030,D2C,Central,99,92432.34,0.09,0,0,1026
2023-02-11,SKU_017,Distributor,West,55,223960.0,0.0,0,1,4072
2023-06-14,SKU_042,Amazon,West,29,107699.91,0.21,0,0,4701
2023-06-02,SKU_012,Retail,East,43,112971.32,0.23,1,0,3412
2023-01-16,SKU_026,Retail,West,47,123378.76,0.27,1,1,3596
2023-01-12,SKU_002,Amazon,West,52,200239.0,0.27,0,0,5275
2023-01-21,SKU_024,D2C,Central,59,124678.79999999999,0.28,1,0,2935
2023-05-15,SKU_044,Flipkart,West,57,99411.42,0.03,0,0,1798
2023-02-15,SKU_021,Flipkart,South,65,147404.4,0.12,1,1,2577
2023-04-11,SKU_023,Amazon,West,53,119591.32,0.24,0,1,2969
2023-05-19,SKU_026,Flipkart,West,5,5501.9,0.26,1,1,1487
2023-06-17,SKU_028,Distributor,West,54,295193.16,0.07,1,1,5878
2023-04-25,SKU_016,Amazon,West,51,245579.28,0.08,1,1,5234
2023-05-18,SKU_039,Amazon,South,61,161670.74,0.23,1,1,3442
2023-05-14,SKU_011,Amazon,Central,42,86173.92,0.17,0,0,2472
2023-05-07,SKU_005,Amazon,South,54,151558.02,0.29,0,1,3953
2023-04-14,SKU_036,D2C,North,61,119692.98,0.01,1,0,1982
2023-02-07,SKU_041,Amazon,South,46,271418.4,0.01,1,0,5960
2023-02-27,SKU_006,Distributor,East,63,187669.44,0.04,0,1,3103
2023-06-17,SKU_001,Amazon,North,51,178948.8,0.04,1,1,3655
2023-01-25,SKU_001,Distributor,North,53,46234.549999999996,0.27,1,1,1195
2023-01-29,SKU_025,Distributor,South,0,0.0,0.06,0,1,3715
2023-04-23,SKU_050,Flipkart,North,27,62993.159999999996,0.27,1,0,3196
2023-05-19,SKU_006,Flipkart,West,27,76654.35,0.19,0,1,3505
2023-04-21,SKU_038,Flipkart,West,54,125394.48,0.26,1,0,3138
2023-04-21,SKU_040,Flipkart,West,75,238599.75,0.21,0,0,4027
2023-04-06,SKU_013,Retail,East,47,215075.76,0.08,1,1,4974
2023-05-16,SKU_004,Flipkart,East,66,291000.60000000003,0.1,0,1,4899
2023-03-04,SKU_025,Flipkart,Central,62,153514.48,0.26,1,0,3346
2023-01-13,SKU_009,Flipkart,East,52,156349.44,0.13,0,0,3456
2023-01-07,SKU_044,Flipkart,West,61,117151.72,0.24,1,0,2527
2023-05-03,SKU_015,Amazon,Central,54,244966.68,0.02,1,0,4629
2023-04-17,SKU_031,Retail,Central,47,149971.36,0.26,0,1,4312
2023-01-08,SKU_015,Flipkart,North,57,85409.94,0.02,0,0,1529
2023-03-10,SKU_024,Flipkart,East,78,143844.47999999998,0.04,0,1,1921
2023-04-29,SKU_031,Amazon,South,59,262290.4,0.2,0,1,5557
2023-02-10,SKU_020,D2C,South,54,75713.4,0.3,0,1,2003
2023-06-17,SKU_002,Distributor,North,32,117030.40000000001,0.18,1,1,4460
2023-06-28,SKU_021,Distributor,Central,78,255900.06,0.13,0,0,3771
2023-02-12,SKU_044,Amazon,North,21,79919.7,0.05,1,0,4006
2023-04-15,SKU_033,Flipkart,East,15,26352.0,0.2,0,1,2196
2023-04-07,SKU_003,Retail,Central,57,79433.49,0.27,1,1,1909
2023-04-22,SKU_003,D2C,North,32,124876.8,0.1,1,1,4336
2023-02-16,SKU_039,Flipkart,East,71,133382.02000000002,0.18,1,1,2291
2023-01-22,SKU_040,Retail,Central,16,16229.76,0.21,1,1,1284
2023-05-16,SKU_030,Amazon,West,69,291944.52,0.08,0,1,4599
2023-05-31,SKU_013,Retail,South,66,213029.52,0.24,1,1,4247
2023-04-29,SKU_035,Amazon,Central,52,207979.19999999998,0.28,1,0,5555
2023-02-06,SKU_027,Amazon,Central,8,20678.4,0.1,0,1,2872
2023-02-21,SKU_024,Flipkart,North,15,35458.5,0.3,0,0,3377
2023-02-07,SKU_050,Retail,North,54,54946.08,0.21,0,0,1288
2023-01-05,SKU_008,Amazon,North,45,148365.0,0.25,0,0,4396
2023-05-11,SKU_040,Flipkart,Central,64,295165.44,0.08,1,0,5013
2023-02-13,SKU_038,Flipkart,North,48,188435.52000000002,0.09,0,0,4314
2023-03-06,SKU_020,Distributor,North,46,176709.0,0.22,0,0,4925
2023-06-30,SKU_043,Distributor,West,1,2732.2,0.05,1,0,2876
2023-06-05,SKU_037,D2C,East,66,276895.74,0.29,0,0,5909
2023-02-26,SKU_030,Retail,South,37,136051.22,0.26,0,1,4969
2023-02-25,SKU_028,Distributor,South,42,174817.44,0.06,0,1,4428
2023-06-04,SKU_044,Flipkart,West,28,28345.52,0.02,1,1,1033
2023-02-05,SKU_041,Retail,East,19,80567.41,0.23,1,1,5507
2023-03-04,SKU_028,Distributor,South,79,103598.23,0.29,1,0,1847
2023-01-20,SKU_006,Retail,East,65,72238.40000000001,0.08,1,0,1208
2023-01-17,SKU_008,D2C,Central,66,65957.76,0.04,1,1,1041
2023-03-19,SKU_029,Amazon,East,45,147487.5,0.25,1,0,4370
2023-05-08,SKU_026,D2C,South,15,21110.399999999998,0.04,1,0,1466
2023-03-13,SKU_036,Amazon,West,92,404531.36,0.26,1,0,5942
2023-06-10,SKU_019,Flipkart,South,58,234132.08000000002,0.09,1,1,4436
2023-05-25,SKU_015,Retail,East,52,111427.68,0.16,1,1,2551
2023-02-13,SKU_027,Flipkart,North,42,71971.2,0.28,1,1,2380
2023-05-09,SKU_013,Amazon,South,9,21969.9,0.21,0,1,3090
2023-05-17,SKU_013,Distributor,East,72,147744.0,0.25,0,1,2736
2023-02-08,SKU_018,Distributor,West,28,103237.68,0.13,0,0,4238
2023-05-13,SKU_016,Amazon,South,60,189240.0,0.0,0,0,3154
2023-02-02,SKU_014,Flipkart,East,65,137996.95,0.09,1,1,2333
2023-02-04,SKU_047,Amazon,East,56,229909.12,0.24,1,1,5402
2023-06-26,SKU_004,Amazon,West,59,65249.28,0.04,0,1,1152
2023-05-12,SKU_050,Distributor,Central,76,288552.24,0.11,0,0,4266
2023-02-20,SKU_039,Flipkart,Central,34,63881.24,0.26,1,1,2539
2023-03-17,SKU_017,Flipkart,West,53,171041.6,0.2,0,1,4034
2023-06-10,SKU_042,Retail,North,45,117976.5,0.1,1,0,2913
2023-04-25,SKU_002,Amazon,East,13,27073.67,0.03,1,0,2147
2023-03-17,SKU_044,D2C,Central,55,217509.6,0.12,0,0,4494
2023-01-05,SKU_013,Distributor,East,75,361215.0,0.08,0,0,5235
2023-02-03,SKU_041,Retail,North,77,343370.72,0.06,1,0,4744
2023-05-13,SKU_019,Retail,West,87,233521.91999999998,0.04,0,1,2796
2023-02-04,SKU_022,Distributor,North,14,24684.66,0.01,0,0,1781
2023-03-09,SKU_007,Flipkart,West,82,302334.0,0.0,1,1,3687
2023-03-05,SKU_014,Flipkart,South,53,155543.34000000003,0.18,1,1,3579
2023-01-29,SKU_048,Amazon,West,82,184529.52,0.16,0,1,2679
2023-01-07,SKU_042,Amazon,East,42,62157.48,0.23,0,1,1922
2023-06-22,SKU_045,Distributor,South,39,61311.9,0.21,1,0,1990
2023-01-16,SKU_044,Distributor,East,25,42446.25,0.01,0,1,1715
2023-03-11,SKU_005,Amazon,South,65,155727.0,0.01,0,1,2420
2023-04-06,SKU_026,Amazon,South,60,217056.0,0.15,1,1,4256
2023-04-18,SKU_006,Distributor,Central,27,119861.64,0.14,0,0,5162
2023-05-08,SKU_008,Flipkart,South,6,28891.68,0.08,1,0,5234
2023-06-19,SKU_007,Retail,North,58,131292.28,0.26,0,0,3059
2023-02-08,SKU_029,Amazon,South,60,319989.6,0.02,1,0,5442
2023-06-16,SKU_045,Retail,North,30,73476.0,0.22,0,1,3140
2023-03-05,SKU_031,Retail,South,26,85675.72,0.27,1,0,4514
2023-06-08,SKU_004,Flipkart,West,63,289686.6,0.17,1,1,5540
2023-01-19,SKU_013,Amazon,East,87,205870.71,0.17,1,1,2851
2023-02-03,SKU_025,D2C,South,40,199987.19999999998,0.07,0,1,5376
2023-01-14,SKU_038,Distributor,East,32,158505.6,0.05,1,0,5214
2023-04-27,SKU_016,Amazon,North,55,102305.5,0.11,0,0,2090
2023-03-05,SKU_044,Amazon,North,62,220473.24,0.06,1,1,3783
2023-01-23,SKU_040,Amazon,South,42,55389.6,0.16,0,0,1570
2023-04-16,SKU_035,Flipkart,North,90,285247.8,0.26,1,1,4283
2023-05-20,SKU_040,Distributor,Central,68,215077.2,0.22,0,0,4055
2023-01-27,SKU_002,D2C,Central,42,178432.8,0.14,1,0,4940
2023-01-10,SKU_024,Retail,Central,18,65664.0,0.05,1,0,3840
2023-05-08,SKU_037,Flipkart,North,76,261544.12,0.29,1,0,4847
2023-03-12,SKU_003,Flipkart,West,73,177232.32,0.28,0,0,3372
2023-02-28,SKU_038,Amazon,North,43,183066.48,0.19,0,0,5256
2023-04-09,SKU_001,Flipkart,North,57,246059.31,0.17,1,0,5201
2023-06-02,SKU_010,Flipkart,Central,46,227695.86,0.03,0,1,5103
2023-01-18,SKU_045,Flipkart,East,60,91424.4,0.06,1,0,1621
2023-05-27,SKU_036,Retail,East,29,137069.66,0.02,1,1,4823
2023-05-14,SKU_018,Retail,West,26,132808.52,0.03,1,1,5266
2023-02-18,SKU_038,Amazon,West,66,135146.88,0.04,0,0,2133
2023-06-11,SKU_044,Flipkart,West,68,280744.8,0.3,0,0,5898
2023-06-26,SKU_018,Retail,South,40,151334.0,0.15,0,1,4451
2023-02-07,SKU_019,Amazon,West,35,61477.5,0.25,0,1,2342
2023-06-13,SKU_016,D2C,South,72,171820.8,0.24,0,0,3140
2023-01-25,SKU_047,D2C,North,35,155282.4,0.22,0,0,5688
2023-06-13,SKU_016,Retail,North,51,109131.84,0.04,0,1,2229
2023-03-15,SKU_042,Amazon,North,48,123693.12,0.13,1,0,2962
2023-03-28,SKU_027,Distributor,West,20,94689.40000000001,0.21,1,1,5993
2023-01-24,SKU_031,Flipkart,East,53,144417.58000000002,0.18,1,1,3323
2023-06-26,SKU_038,Retail,Central,51,218729.82,0.14,1,0,4987
2023-06-01,SKU_048,Retail,East,57,274814.1,0.01,0,0,4870
2023-05-18,SKU_033,Distributor,North,53,53869.200000000004,0.23,0,1,1320
2023-05-20,SKU_004,Flipkart,East,92,116148.16,0.14,1,1,1468
2023-06-06,SKU_023,D2C,North,73,325679.27999999997,0.13,1,1,5128
2023-03-14,SKU_003,Flipkart,Central,50,219735.0,0.05,0,1,4626
2023-02-07,SKU_036,D2C,Central,52,94217.76,0.16,0,1,2157
2023-05-17,SKU_018,Distributor,North,85,165153.30000000002,0.22,0,1,2491
2023-04-30,SKU_041,D2C,East,67,168136.5,0.25,1,0,3346
2023-03-15,SKU_008,Amazon,North,25,52425.0,0.0,1,1,2097
2023-01-03,SKU_039,Retail,West,68,161445.6,0.1,1,0,2638
2023-06-09,SKU_028,Amazon,East,74,266758.89999999997,0.15,1,1,4241
2023-01-25,SKU_013,Amazon,North,82,69249.82,0.21,1,0,1069
2023-02-24,SKU_020,D2C,South,41,104271.2,0.12,0,0,2890
2023-04-15,SKU_025,Retail,Central,40,161970.0,0.25,1,0,5399
2023-01-30,SKU_013,Retail,North,31,78028.24,0.27,1,1,3448
2023-02-16,SKU_032,D2C,East,56,250089.84,0.01,1,1,4511
2023-04-23,SKU_019,Flipkart,South,64,333133.44,0.13,1,0,5983
2023-02-21,SKU_028,Retail,North,39,168049.44,0.06,0,0,4584
2023-04-01,SKU_025,Amazon,East,47,124756.79999999999,0.04,0,0,2765
2023-06-20,SKU_015,D2C,South,8,31464.0,0.25,1,0,5244
2023-06-19,SKU_042,D2C,East,80,126316.8,0.14,0,0,1836
2023-04-04,SKU_019,Retail,Central,18,38292.479999999996,0.04,1,0,2216
2023-02-15,SKU_050,Retail,West,57,256253.75999999998,0.16,1,0,5352
2023-06-20,SKU_044,Amazon,West,54,215306.09999999998,0.05,1,1,4197
2023-06-16,SKU_025,Flipkart,South,50,124616.0,0.26,0,0,3368
2023-05-21,SKU_007,Retail,West,51,264129.0,0.0,0,0,5179
2023-04-05,SKU_031,Retail,Central,29,48608.06,0.14,1,1,1949
2023-01-06,SKU_042,Flipkart,Central,43,90134.88,0.12,0,0,2382
2023-05-15,SKU_021,Flipkart,East,69,84532.59,0.03,0,0,1263
2023-06-20,SKU_028,Retail,South,75,388575.0,0.0,1,1,5181
2023-02-11,SKU_012,Flipkart,South,41,74951.28,0.28,1,1,2539
2023-05-23,SKU_040,Distributor,East,18,51375.24,0.26,0,1,3857
2023-01-23,SKU_009,D2C,North,34,130904.76,0.11,1,0,4326
2023-06-28,SKU_017,Flipkart,West,87,179150.4,0.01,1,1,2080
2023-01-23,SKU_032,Amazon,North,35,34265.7,0.02,1,0,999
2023-02-02,SKU_048,Retail,West,48,111343.2,0.15,0,0,2729
2023-06-01,SKU_012,D2C,South,78,145296.06,0.11,0,1,2093
2023-06-21,SKU_027,Distributor,West,39,132912.0,0.2,0,1,4260
2023-01-06,SKU_045,Distributor,North,46,199611.47999999998,0.07,1,1,4666
2023-05-04,SKU_012,Distributor,Central,65,288051.4,0.02,0,0,4522
2023-05-02,SKU_036,Retail,Central,84,224343.0,0.25,1,1,3561
2023-03-25,SKU_010,Amazon,North,37,83164.9,0.05,1,1,2366
2023-05-24,SKU_027,Retail,Central,77,175578.47999999998,0.28,1,0,3167
2023-06-13,SKU_022,Amazon,South,44,87483.0,0.25,1,0,2651
2023-03-25,SKU_012,Retail,South,32,60469.76,0.08,0,1,2054
2023-05-29,SKU_033,D2C,South,54,150867.36,0.16,1,0,3326
2023-05-20,SKU_045,Retail,North,26,63857.56,0.26,0,0,3319
2023-03-09,SKU_027,D2C,North,59,164461.32,0.11,1,0,3132
2023-01-23,SKU_011,Retail,South,112,286590.07999999996,0.29,1,1,3604
2023-04-29,SKU_040,Flipkart,Central,72,211701.6,0.19,1,0,3630
2023-01-10,SKU_011,Retail,East,47,116580.21,0.11,1,1,2787
2023-06-04,SKU_045,Flipkart,East,71,107047.41,0.13,1,1,1733
2023-04-21,SKU_047,Distributor,East,31,117552.0,0.21,0,1,4800
2023-05-05,SKU_015,Retail,South,34,123412.52,0.23,0,0,4714
2023-06-12,SKU_031,Amazon,West,48,164989.44,0.07,0,1,3696
2023-05-13,SKU_025,D2C,South,51,97231.5,0.07,1,1,2050
2023-02-13,SKU_011,D2C,Central,24,33862.560000000005,0.21,1,0,1786
2023-02-28,SKU_021,Retail,South,43,63571.200000000004,0.2,1,0,1848
2023-06-30,SKU_020,Flipkart,North,47,56546.64,0.28,1,1,1671
2023-06-10,SKU_028,Distributor,Central,80,180099.2,0.08,1,1,2447
2023-05-01,SKU_015,Distributor,South,24,49271.04,0.09,0,1,2256
2023-02-12,SKU_043,D2C,East,22,82533.87999999999,0.06,0,1,3991
2023-03-14,SKU_001,D2C,East,53,189581.0,0.27,0,1,4900
2023-06-30,SKU_006,Amazon,East,73,73857.75,0.29,1,1,1425
2023-04-15,SKU_035,D2C,South,61,63455.25,0.27,1,1,1425
2023-01-16,SKU_040,Flipkart,West,56,272311.2,0.1,1,1,5403
2023-04-15,SKU_041,D2C,South,44,86566.48,0.06,1,1,2093
2023-02-18,SKU_031,Retail,East,63,224988.12,0.26,1,1,4826
2023-03-11,SKU_048,Distributor,South,66,92258.76,0.26,0,0,1889
2023-05-09,SKU_033,D2C,North,44,92948.24,0.21,0,1,2674
2023-06-04,SKU_037,Flipkart,West,31,46812.479999999996,0.04,1,0,1573
2023-04-04,SKU_040,Distributor,South,31,60756.899999999994,0.06,0,0,2085
2023-05-16,SKU_001,Distributor,North,67,162325.59,0.17,0,1,2919
2023-01-06,SKU_032,Retail,East,19,58185.6,0.04,1,0,3190
2023-02-15,SKU_012,Distributor,Central,83,121277.93999999999,0.29,0,1,2058
2023-06-07,SKU_024,Retail,South,40,123009.59999999999,0.02,1,0,3138
2023-06-29,SKU_025,Retail,South,56,224266.0,0.17,0,1,4825
2023-03-23,SKU_039,D2C,South,64,217011.19999999998,0.02,0,0,3460
2023-04-15,SKU_009,Amazon,South,36,72897.12,0.29,1,1,2852
2023-06-04,SKU_039,Amazon,North,40,208524.8,0.12,1,0,5924
2023-06-27,SKU_035,Flipkart,South,52,142313.6,0.12,1,1,3110
2023-06-27,SKU_047,Flipkart,West,32,101591.04,0.04,0,1,3307
2023-04-18,SKU_046,Amazon,South,28,69521.76,0.01,1,1,2508
2023-03-23,SKU_036,D2C,West,30,125449.8,0.02,1,1,4267
2023-02-04,SKU_010,Amazon,Central,74,300567.27999999997,0.27,0,0,5564
2023-03-23,SKU_001,Distributor,South,57,265797.84,0.12,1,0,5299
2023-01-17,SKU_047,Distributor,North,34,189977.04,0.01,0,0,5644
2023-06-03,SKU_027,D2C,East,67,208342.53000000003,0.19,1,0,3839
2023-04-19,SKU_037,Retail,West,35,96681.2,0.14,0,0,3212
2023-02-16,SKU_020,Amazon,Central,10,9468.0,0.28,1,0,1315
2023-06-24,SKU_043,Amazon,Central,63,131634.72,0.28,0,1,2902
2023-01-23,SKU_050,Retail,North,82,377744.48,0.11,1,1,5176
2023-05-01,SKU_032,Flipkart,South,61,336415.0,0.0,0,0,5515
2023-02-04,SKU_036,Retail,South,12,9874.800000000001,0.22,0,0,1055
2023-04-05,SKU_047,Amazon,Central,49,191147.03999999998,0.28,0,1,5418
2023-04-26,SKU_045,Amazon,North,44,85053.76,0.27,1,1,2648
2023-05-07,SKU_013,D2C,East,57,145301.55,0.15,0,0,2999
2023-04-11,SKU_023,Flipkart,East,33,39029.76,0.23,1,1,1536
2023-03-19,SKU_042,D2C,West,43,116080.22,0.27,1,0,3698
2023-03-21,SKU_010,D2C,West,21,70914.69,0.01,0,1,3411
2023-01-30,SKU_001,D2C,Central,54,173745.0,0.01,1,1,3250
2023-03-28,SKU_047,Flipkart,East,22,42639.299999999996,0.27,1,0,2655
2023-02-17,SKU_032,Flipkart,North,58,97765.38,0.19,1,0,2081
2023-05-02,SKU_041,D2C,North,34,76533.66,0.19,1,0,2779
2023-01-25,SKU_037,Distributor,West,0,0.0,0.1,0,0,3801
2023-05-08,SKU_009,Distributor,West,65,154654.5,0.23,1,1,3090
2023-06-01,SKU_010,D2C,West,59,117473.72,0.09,0,1,2188
2023-03-27,SKU_003,Retail,West,77,229500.81,0.17,1,0,3591
2023-04-14,SKU_022,Distributor,Central,8,11111.199999999999,0.15,0,0,1634
2023-04-13,SKU_015,Flipkart,South,36,137867.04,0.24,0,0,5039
2023-04-22,SKU_035,D2C,South,52,159562.0,0.05,1,1,3230
2023-02-14,SKU_049,Retail,North,61,79476.9,0.14,0,0,1515
2023-01-15,SKU_041,Retail,Central,20,70220.0,0.0,1,1,3511
2023-01-22,SKU_028,Retail,West,58,80564.31999999999,0.03,1,0,1432
2023-04-24,SKU_029,Distributor,South,38,147379.2,0.2,0,0,4848
2023-02-01,SKU_042,Distributor,North,12,57041.88,0.11,1,1,5341
2023-02-26,SKU_042,Retail,South,34,77142.6,0.1,1,1,2521
2023-05-30,SKU_039,D2C,Central,60,176997.59999999998,0.07,0,0,3172
2023-05-10,SKU_024,Flipkart,Central,13,19661.2,0.24,1,1,1990
2023-02-25,SKU_042,Retail,North,62,148009.5,0.25,1,0,3183
2023-02-21,SKU_010,Flipkart,North,55,136439.6,0.12,1,0,2819
2023-02-25,SKU_004,Flipkart,Central,44,213593.6,0.18,1,1,5920
2023-01-10,SKU_028,Retail,North,17,59232.93,0.27,1,0,4773
2023-06-15,SKU_043,D2C,Central,18,73694.16,0.24,0,1,5387
2023-06-26,SKU_021,Amazon,South,42,109201.68,0.06,1,1,2766
2023-04-07,SKU_042,Flipkart,West,27,55666.44,0.08,1,0,2241
2023-02-13,SKU_033,Flipkart,South,43,124368.9,0.07,1,0,3110
2023-05-31,SKU_048,Amazon,Central,68,96073.12,0.24,0,0,1859
2023-03-04,SKU_009,Distributor,East,44,231855.36000000002,0.12,0,1,5988
2023-06-11,SKU_005,D2C,East,43,65611.98,0.02,0,0,1557
2023-02-26,SKU_039,Flipkart,Central,44,166196.8,0.29,1,0,5320
2023-02-01,SKU_020,Flipkart,South,70,264869.5,0.05,1,0,3983
2023-03-28,SKU_007,Flipkart,West,75,115017.75,0.03,0,1,1581
2023-01-28,SKU_049,Flipkart,Central,58,80852.0,0.15,1,1,1640
2023-03-17,SKU_018,Amazon,Central,52,237779.36,0.02,1,0,4666
2023-05-05,SKU_050,Amazon,South,54,253260.0,0.0,0,0,4690
2023-05-06,SKU_037,D2C,East,78,152394.06,0.09,1,0,2147
2023-01-16,SKU_004,Retail,West,59,200887.91999999998,0.28,0,1,4729
2023-04-26,SKU_003,Flipkart,South,80,146493.59999999998,0.07,1,0,1969
2023-01-11,SKU_039,D2C,South,41,190140.37,0.03,0,1,4781
2023-05-11,SKU_048,Flipkart,East,23,31699.52,0.27,0,0,1888
2023-06-13,SKU_020,Distributor,West,36,132269.76,0.19,0,0,4536
2023-03-10,SKU_006,Distributor,South,38,61444.1,0.27,0,1,2215
2023-05-13,SKU_018,Flipkart,Central,82,116161.2,0.1,0,1,1574
2023-05-15,SKU_007,Distributor,West,64,236545.92,0.19,1,1,4563
2023-03-16,SKU_050,Distributor,South,37,104846.9,0.14,1,0,3295
2023-02-21,SKU_007,Distributor,South,66,273773.28,0.24,1,0,5458
2023-04-07,SKU_043,Retail,West,47,82738.8,0.1,1,1,1956
2023-01-05,SKU_037,Retail,Central,82,309234.3,0.07,1,0,4055
2023-03-18,SKU_028,Distributor,North,43,147402.28,0.14,0,1,3986
2023-02-11,SKU_036,Distributor,West,19,33555.9,0.13,1,0,2030
2023-04-14,SKU_022,Distributor,Central,46,78455.3,0.23,1,0,2215
2023-05-09,SKU_023,D2C,East,43,152123.25,0.11,0,1,3975
2023-03-31,SKU_038,Amazon,Central,23,49593.060000000005,0.19,0,1,2662
2023-04-27,SKU_031,Distributor,South,61,144433.97,0.03,0,0,2441
2023-03-03,SKU_006,D2C,East,78,286668.72,0.17,0,0,4428
2023-06-15,SKU_001,Distributor,Central,27,88763.84999999999,0.07,1,0,3535
2023-05-17,SKU_035,Retail,North,69,209587.5,0.1,0,1,3375
2023-06-28,SKU_039,Flipkart,North,37,164941.56,0.13,1,0,5124
2023-06-21,SKU_027,Flipkart,North,49,180980.52,0.16,1,1,4397
2023-04-23,SKU_046,Distributor,Central,47,115390.17000000001,0.19,0,0,3031
2023-03-24,SKU_007,Amazon,South,49,129818.64,0.16,1,0,3154
2023-03-17,SKU_015,Retail,West,59,116234.12999999999,0.03,1,0,2031
2023-05-12,SKU_033,Flipkart,North,29,30352.56,0.11,0,0,1176
2023-05-11,SKU_045,Amazon,East,75,113157.0,0.01,0,1,1524
2023-04-11,SKU_043,Retail,West,60,296438.39999999997,0.06,0,0,5256
2023-01-07,SKU_020,Distributor,South,66,50798.88,0.28,1,0,1069
2023-01-20,SKU_029,Amazon,East,34,134067.1,0.15,1,0,4639
2023-01-17,SKU_046,Flipkart,East,27,139336.2,0.1,1,0,5734
2023-03-20,SKU_017,Distributor,South,73,61390.08,0.27,0,0,1152
2023-03-03,SKU_021,D2C,East,26,48152.26,0.27,1,0,2537
2023-01-18,SKU_044,Retail,East,52,56616.56,0.02,0,1,1111
2023-01-05,SKU_009,Distributor,East,70,229713.4,0.29,0,0,4622
2023-04-29,SKU_001,D2C,Central,47,103599.75,0.25,0,1,2939
2023-05-23,SKU_020,Retail,West,73,69723.03,0.21,0,0,1209
2023-04-13,SKU_050,Retail,Central,44,112412.96,0.08,0,0,2777
2023-03-09,SKU_003,D2C,South,24,77715.36,0.13,1,1,3722
2023-02-04,SKU_021,Distributor,West,57,137403.06,0.14,0,0,2803
2023-03-25,SKU_001,Distributor,North,53,225553.69,0.21,0,1,5387
2023-04-16,SKU_005,Flipkart,West,103,467715.79,0.17,0,0,5471
2023-02-05,SKU_002,D2C,Central,31,100998.0,0.0,1,1,3258
2023-02-01,SKU_015,D2C,South,44,236379.0,0.05,1,1,5655
2023-02-14,SKU_006,Distributor,East,35,168176.75,0.15,1,1,5653
2023-03-15,SKU_048,Retail,West,47,224364.84,0.16,1,1,5683
2023-01-11,SKU_038,Amazon,Central,46,150555.24,0.01,1,0,3306
2023-02-17,SKU_004,D2C,South,32,30704.0,0.05,0,0,1010
2023-01-26,SKU_034,Amazon,North,59,192761.26,0.14,1,0,3799
2023-06-22,SKU_027,Flipkart,East,45,133337.25,0.05,0,0,3119
2023-02-08,SKU_004,D2C,South,76,413126.88,0.03,0,0,5604
2023-04-26,SKU_030,Amazon,Central,37,196894.02,0.07,1,0,5722
2023-03-19,SKU_019,Flipkart,North,87,304012.8,0.04,0,1,3640
2023-01-10,SKU_016,Amazon,South,55,239173.0,0.15,0,1,5116
2023-03-13,SKU_008,Amazon,East,75,83226.0,0.03,0,0,1144
2023-02-21,SKU_007,Flipkart,Central,52,81614.0,0.14,0,1,1825
2023-03-21,SKU_036,Amazon,West,34,159174.40000000002,0.2,1,0,5852
2023-06-11,SKU_043,Amazon,East,44,180180.0,0.25,1,1,5460
2023-03-07,SKU_001,Amazon,Central,22,31900.440000000002,0.22,0,1,1859
2023-01-24,SKU_030,Retail,Central,47,171614.86000000002,0.21,0,0,4622
2023-03-08,SKU_034,Amazon,South,53,156538.15,0.05,0,0,3109
2023-05-14,SKU_005,D2C,West,50,272271.0,0.06,1,1,5793
2023-05-13,SKU_032,Retail,North,76,104775.12000000001,0.19,1,1,1702
2023-03-22,SKU_023,Amazon,East,47,155790.9,0.1,1,1,3683
2023-06-29,SKU_043,Amazon,South,12,31000.32,0.04,0,0,2691
2023-01-11,SKU_014,Distributor,East,120,133488.0,0.1,1,1,1236
2023-04-08,SKU_009,Amazon,North,36,53091.0,0.15,1,1,1735
2023-03-07,SKU_045,Amazon,West,69,103464.12,0.24,1,0,1973
2023-02-17,SKU_019,Distributor,West,19,43738.38,0.02,1,1,2349
2023-02-26,SKU_011,Retail,West,54,148692.24,0.27,0,1,3772
2023-04-24,SKU_007,Amazon,Central,34,117082.74,0.21,1,1,4359
2023-02-01,SKU_031,Flipkart,Central,0,0.0,0.2,0,0,1990
2023-03-10,SKU_038,Amazon,East,44,221126.4,0.1,0,1,5584
2023-03-20,SKU_034,D2C,North,48,259710.71999999997,0.06,1,0,5756
2023-03-02,SKU_002,D2C,South,45,193800.6,0.16,1,1,5127
2023-02-21,SKU_021,Retail,Central,54,104728.68,0.02,1,1,1979
2023-06-13,SKU_012,D2C,South,44,47622.079999999994,0.17,0,1,1304
2023-01-28,SKU_034,Retail,South,51,152505.3,0.15,0,0,3518
2023-06-23,SKU_019,Flipkart,North,53,112220.08,0.24,0,0,2786
2023-05-03,SKU_021,Distributor,East,49,196598.28999999998,0.29,1,0,5651
2023-04-25,SKU_006,D2C,South,46,50243.04,0.26,0,0,1476
2023-05-10,SKU_014,Retail,West,32,40392.0,0.15,0,1,1485
2023-06-06,SKU_012,Retail,Central,61,293703.41000000003,0.09,0,0,5291
2023-03-30,SKU_026,Flipkart,West,44,174098.32,0.26,1,1,5347
2023-01-13,SKU_043,Distributor,Central,42,133176.12,0.29,1,0,4466
2023-03-19,SKU_007,Flipkart,Central,60,261715.19999999998,0.14,1,1,5072
2023-03-29,SKU_050,Retail,North,54,220739.58000000002,0.11,1,1,4593
2023-03-07,SKU_046,Retail,Central,36,93127.31999999999,0.01,0,0,2613
2023-04-08,SKU_034,Flipkart,West,75,414864.0,0.04,0,0,5762
2023-04-13,SKU_013,Amazon,East,26,73216.0,0.2,1,1,3520
2023-02-12,SKU_018,Amazon,North,29,146368.80000000002,0.1,0,1,5608
2023-01-12,SKU_016,Retail,East,63,249243.75,0.25,0,1,5275
2023-02-16,SKU_041,Flipkart,North,85,120729.75,0.15,1,0,1671
2023-03-10,SKU_047,Retail,West,38,170644.69999999998,0.05,0,0,4727
2023-05-30,SKU_049,Retail,East,58,180478.6,0.26,0,1,4205
2023-04-24,SKU_013,D2C,Central,26,116894.7,0.03,1,0,4635
2023-01-24,SKU_006,D2C,West,31,127927.39,0.27,1,0,5653
2023-06-24,SKU_025,Retail,East,72,68309.28,0.11,0,0,1066
2023-04-17,SKU_028,Retail,East,57,259778.64,0.12,0,1,5179
2023-02-02,SKU_044,Retail,North,73,203524.0,0.0,0,1,2788
2023-01-10,SKU_041,Retail,East,71,288955.8,0.1,0,0,4522
2023-05-15,SKU_048,Amazon,North,8,19951.36,0.12,1,1,2834
2023-02-03,SKU_028,Amazon,East,26,138221.72,0.09,1,1,5842
2023-04-04,SKU_008,Retail,North,55,103265.8,0.27,0,1,2572
2023-04-16,SKU_003,D2C,East,16,69871.04,0.03,1,1,4502
2023-03-16,SKU_022,Retail,East,28,73461.36,0.27,0,1,3594
2023-06-16,SKU_037,Amazon,East,78,376559.82,0.03,1,0,4977
2023-03-23,SKU_034,Amazon,North,39,111915.18000000001,0.22,1,1,3679
2023-03-29,SKU_037,D2C,Central,64,241408.0,0.08,0,0,4100
2023-01-16,SKU_012,Flipkart,East,49,58882.32,0.28,1,0,1669
2023-05-27,SKU_021,Retail,South,36,174530.16,0.03,0,1,4998
2023-03-19,SKU_019,Distributor,North,16,14823.04,0.08,1,0,1007
2023-01-09,SKU_005,Flipkart,West,54,186366.41999999998,0.07,0,0,3711
2023-06-18,SKU_007,Amazon,East,79,298174.44,0.29,1,1,5316
2023-03-18,SKU_016,D2C,Central,36,90570.96,0.19,0,0,3106
2023-06-12,SKU_020,Retail,North,51,239754.06000000003,0.18,0,0,5733
2023-05-13,SKU_015,Amazon,East,19,60247.67,0.03,0,0,3269
2023-02-25,SKU_002,Flipkart,North,36,151215.48,0.21,1,0,5317
2023-01-29,SKU_021,Retail,South,56,213423.28,0.03,1,0,3929
2023-01-03,SKU_008,Retail,Central,64,145152.0,0.19,1,1,2800
2023-03-22,SKU_004,Flipkart,South,61,94990.42,0.02,0,0,1589
2023-03-21,SKU_043,Amazon,Central,9,38476.8,0.2,0,0,5344
2023-03-29,SKU_040,Amazon,North,40,93139.2,0.12,0,1,2646
2023-04-25,SKU_025,Distributor,East,30,51013.5,0.29,1,0,2395
2023-06-25,SKU_009,Flipkart,North,43,121602.28,0.24,1,0,3721
2023-01-10,SKU_012,Amazon,North,47,115533.99,0.01,1,1,2483
2023-01-22,SKU_033,Amazon,West,71,326492.07999999996,0.06,1,1,4892
2023-06-08,SKU_037,Flipkart,South,55,159429.6,0.01,0,1,2928
2023-04-07,SKU_044,Amazon,South,78,336838.32,0.03,0,1,4452
2023-04-04,SKU_038,D2C,North,36,144361.44,0.06,0,1,4266
2023-02-14,SKU_036,Flipkart,South,21,110143.32,0.08,0,1,5701
2023-01-14,SKU_012,Flipkart,South,79,285292.7,0.23,1,1,4690
2023-01-29,SKU_004,Amazon,West,58,95342.72,0.12,1,0,1868
2023-06-16,SKU_040,D2C,East,35,105168.0,0.2,0,1,3756
2023-05-29,SKU_027,Amazon,North,58,147998.6,0.21,0,0,3230
2023-02-27,SKU_011,Amazon,North,66,149460.3,0.07,0,1,2435
2023-04-22,SKU_001,Amazon,South,52,180248.64,0.12,1,0,3939
2023-01-09,SKU_007,D2C,North,35,149597.0,0.14,1,1,4970
2023-05-26,SKU_027,Distributor,North,41,194783.62,0.11,0,0,5338
2023-06-15,SKU_028,Flipkart,Central,55,261795.6,0.01,0,1,4808
2023-06-01,SKU_046,Retail,North,53,222303.19999999998,0.02,1,1,4280
2023-04-11,SKU_039,Amazon,Central,74,106360.2,0.1,0,0,1597
2023-03-15,SKU_042,D2C,East,44,106040.0,0.0,0,1,2410
2023-04-26,SKU_044,Retail,North,30,94888.8,0.28,0,1,4393
2023-06-04,SKU_011,D2C,Central,101,121547.44,0.02,1,0,1228
2023-04-28,SKU_030,Flipkart,East,53,219429.54,0.01,1,1,4182
2023-06-26,SKU_010,Distributor,Central,66,241715.1,0.11,1,0,4115
2023-06-10,SKU_019,Amazon,Central,60,216577.8,0.13,0,0,4149
2023-05-18,SKU_002,Flipkart,West,53,150936.58000000002,0.18,0,1,3473
2023-06-12,SKU_048,Amazon,Central,45,81551.7,0.26,0,0,2449
2023-01-03,SKU_025,Amazon,North,0,0.0,0.21,1,0,3719
2023-03-29,SKU_047,Retail,Central,28,33516.0,0.25,1,1,1596
2023-04-01,SKU_036,Distributor,West,56,272539.68,0.13,1,0,5594
2023-05-25,SKU_044,D2C,South,0,0.0,0.21,1,0,3201
2023-04-19,SKU_005,D2C,South,51,51007.649999999994,0.17,1,1,1205
2023-04-26,SKU_001,Amazon,South,63,273074.76,0.18,0,1,5286
2023-05-26,SKU_007,D2C,West,66,182393.64,0.22,0,0,3543
2023-04-04,SKU_035,D2C,East,61,239275.55,0.05,1,1,4129
2023-03-19,SKU_033,D2C,East,69,147953.25,0.25,1,1,2859
2023-04-25,SKU_043,Flipkart,South,82,110109.6,0.1,0,1,1492
2023-05-04,SKU_005,Amazon,Central,71,99897.0,0.3,0,0,2010
2023-03-29,SKU_018,Amazon,East,53,228053.7,0.1,1,1,4781
2023-04-08,SKU_003,Flipkart,West,47,108303.04000000001,0.24,0,0,3032
2023-02-10,SKU_040,Distributor,Central,52,62946.0,0.1,0,1,1345
2023-04-25,SKU_022,Distributor,Central,44,128896.23999999999,0.29,0,1,4126
2023-04-20,SKU_047,D2C,East,72,97524.0,0.25,1,0,1806
2023-06-30,SKU_043,Amazon,West,61,287166.04,0.14,1,1,5474
2023-04-15,SKU_028,Amazon,South,42,60970.14,0.17,1,1,1749
2023-05-29,SKU_032,Distributor,West,76,143065.44,0.19,0,0,2324
2023-03-19,SKU_011,Distributor,East,44,177848.0,0.06,1,0,4300
2023-03-06,SKU_004,Flipkart,West,31,132470.44,0.06,1,0,4546
2023-04-07,SKU_017,Retail,North,49,41345.22,0.18,1,0,1029
2023-06-21,SKU_022,Amazon,Central,33,119506.53,0.11,1,0,4069
2023-03-05,SKU_002,D2C,Central,68,124542.0,0.01,0,0,1850
2023-01-15,SKU_012,Distributor,Central,33,50062.32,0.16,1,1,1806
2023-02-19,SKU_049,Distributor,West,47,59607.75,0.11,1,1,1425
2023-03-14,SKU_017,Amazon,Central,68,123868.8,0.1,1,0,2024
2023-03-11,SKU_031,Retail,West,35,57356.25,0.25,0,1,2185
2023-01-31,SKU_046,Amazon,North,58,86339.95999999999,0.02,1,1,1519
2023-03-09,SKU_015,D2C,North,30,40235.7,0.29,1,0,1889
2023-05-16,SKU_033,Flipkart,South,54,198244.80000000002,0.2,0,1,4589
2023-05-06,SKU_049,D2C,North,61,235630.8,0.28,1,0,5365
2023-01-01,SKU_020,Distributor,East,49,246234.8,0.15,0,1,5912
2023-04-17,SKU_010,Retail,North,50,180570.0,0.22,1,0,4630
2023-04-21,SKU_014,D2C,South,58,125614.08,0.28,0,1,3008
2023-01-02,SKU_046,Flipkart,West,44,180257.44,0.08,1,1,4453
2023-06-05,SKU_031,D2C,North,67,234938.85,0.03,1,0,3615
2023-03-22,SKU_031,Distributor,East,77,289116.52,0.14,1,0,4366
2023-01-29,SKU_049,D2C,South,31,53537.31,0.07,1,0,1857
2023-01-30,SKU_042,Amazon,South,85,214036.8,0.14,1,0,2928
2023-06-22,SKU_048,Flipkart,East,43,100217.51999999999,0.17,1,0,2808
2023-05-14,SKU_026,Amazon,North,89,294985.16000000003,0.18,0,1,4042
2023-02-13,SKU_016,D2C,East,44,128877.76,0.24,1,1,3854
2023-06-23,SKU_041,Retail,East,64,230942.72,0.24,0,1,4748
2023-05-27,SKU_047,D2C,South,64,222127.36000000002,0.09,1,0,3814
2023-03-05,SKU_035,Amazon,West,42,75578.58,0.23,1,0,2337
2023-02-16,SKU_015,Amazon,North,51,110087.58,0.26,0,1,2917
2023-04-15,SKU_031,D2C,North,78,390957.84,0.09,0,1,5508
2023-04-16,SKU_016,Retail,West,43,104242.32,0.22,1,0,3108
2023-02-13,SKU_027,Retail,South,41,84765.45,0.23,1,0,2685
2023-06-22,SKU_010,Amazon,Central,26,90370.8,0.1,1,0,3862
2023-01-29,SKU_033,Distributor,South,81,224352.18000000002,0.22,0,0,3551
2023-01-11,SKU_046,Flipkart,Central,40,185961.6,0.12,1,0,5283
2023-02-02,SKU_046,Retail,West,73,284028.39999999997,0.29,0,1,5480
2023-06-17,SKU_039,Distributor,West,37,165233.12,0.24,1,1,5876
2023-03-12,SKU_049,Retail,South,73,134617.84,0.11,0,1,2072
2023-03-25,SKU_014,Retail,North,66,79569.6,0.2,0,1,1507
2023-01-07,SKU_047,Retail,Central,45,103316.85,0.13,1,1,2639
2023-04-13,SKU_037,Flipkart,West,35,180580.4,0.12,0,0,5863
2023-03-31,SKU_035,Retail,West,36,160110.0,0.25,0,1,5930
2023-04-20,SKU_027,Distributor,South,36,91902.59999999999,0.07,1,0,2745
2023-02-01,SKU_021,Amazon,East,71,346469.35,0.15,0,0,5741
2023-04-16,SKU_016,D2C,South,53,152000.81999999998,0.06,1,0,3051
2023-02-01,SKU_027,Amazon,East,27,69937.56,0.23,1,1,3364
2023-06-03,SKU_023,Amazon,Central,44,107325.68,0.02,1,0,2489
2023-05-25,SKU_022,Flipkart,West,47,88717.2,0.12,1,1,2145
2023-01-26,SKU_021,Amazon,West,7,31728.97,0.09,1,0,4981
2023-02-01,SKU_030,Amazon,East,46,145398.64,0.24,0,0,4159
2023-04-14,SKU_050,D2C,Central,64,189061.12,0.26,1,1,3992
2023-04-23,SKU_039,Amazon,North,47,151129.44,0.13,1,1,3696
2023-01-12,SKU_038,Distributor,Central,55,156766.5,0.1,1,1,3167
2023-06-09,SKU_035,Flipkart,West,59,108851.45999999999,0.03,1,0,1902
2023-03-24,SKU_041,Amazon,South,43,120506.20999999999,0.27,0,0,3839
2023-06-01,SKU_047,Amazon,East,64,299648.0,0.0,0,0,4682
2023-01-20,SKU_048,D2C,East,79,241269.94999999998,0.15,1,0,3593
2023-03-23,SKU_008,Retail,North,19,27009.45,0.19,1,1,1755
2023-01-09,SKU_049,Retail,Central,43,87423.3,0.1,0,1,2259
2023-06-14,SKU_026,Distributor,East,96,276946.56,0.01,0,1,2914
2023-05-10,SKU_016,Distributor,West,53,92222.12000000001,0.18,1,1,2122
2023-06-16,SKU_038,Flipkart,South,49,101569.16,0.23,1,1,2692
2023-03-10,SKU_029,Amazon,North,44,108136.59999999999,0.05,0,0,2587
2023-04-06,SKU_030,Retail,Central,75,183429.0,0.11,1,0,2748
2023-06-11,SKU_046,Amazon,West,31,79291.8,0.13,1,0,2940
2023-01-02,SKU_036,D2C,West,68,129437.99999999999,0.06,1,0,2025
2023-01-02,SKU_014,Flipkart,East,44,73396.4,0.3,1,0,2383
2023-01-14,SKU_046,Amazon,West,35,96650.4,0.12,1,1,3138
2023-05-08,SKU_001,Amazon,East,45,156823.2,0.08,0,1,3788
2023-01-12,SKU_041,D2C,West,49,151235.56,0.27,1,1,4228
2023-03-09,SKU_028,D2C,North,40,125326.4,0.26,1,1,4234
2023-06-23,SKU_042,Amazon,South,72,86526.72,0.26,1,0,1624
2023-01-11,SKU_005,D2C,South,35,106759.8,0.26,1,1,4122
2023-02-28,SKU_048,Retail,East,52,114756.2,0.05,1,0,2323
2023-04-02,SKU_010,Retail,East,60,192466.8,0.29,1,1,4518
2023-01-21,SKU_023,Flipkart,Central,52,254647.12,0.02,0,1,4997
2023-04-20,SKU_027,Retail,East,65,157006.85,0.23,1,0,3137
2023-04-23,SKU_026,Amazon,West,41,52495.17,0.09,1,1,1407
2023-06-19,SKU_025,Retail,West,62,160158.40000000002,0.2,1,1,3229
2023-06-01,SKU_011,D2C,Central,63,112268.52,0.08,1,0,1937
2023-03-26,SKU_001,Retail,South,69,295259.28,0.11,0,0,4808
2023-05-10,SKU_046,Amazon,South,12,22756.2,0.15,1,1,2231
2023-06-21,SKU_021,Distributor,Central,60,248572.8,0.28,1,1,5754
2023-04-10,SKU_028,Amazon,North,68,215305.0,0.15,0,0,3725
2023-06-28,SKU_027,Flipkart,South,41,131118.0,0.25,1,0,4264
2023-05-23,SKU_018,Flipkart,South,39,41572.439999999995,0.16,0,1,1269
2023-04-25,SKU_036,Flipkart,Central,35,107610.3,0.13,0,1,3534
2023-05-18,SKU_041,Retail,North,29,102165.84,0.28,1,1,4893
2023-03-07,SKU_018,Amazon,West,63,273918.96,0.08,1,0,4726
2023-05-17,SKU_037,D2C,East,95,175525.8,0.11,1,1,2076
2023-02-08,SKU_015,D2C,East,38,137727.19999999998,0.15,1,0,4264
2023-02-10,SKU_044,Retail,West,40,86169.59999999999,0.04,0,1,2244
2023-04-29,SKU_028,Flipkart,West,50,140790.0,0.05,0,0,2964
2023-02-16,SKU_043,Flipkart,South,17,28259.44,0.12,0,0,1889
2023-02-26,SKU_011,D2C,East,36,131023.79999999999,0.17,0,0,4385
2023-06-11,SKU_011,Retail,East,48,57708.479999999996,0.06,0,0,1279
2023-04-12,SKU_010,D2C,Central,32,119746.56,0.04,1,1,3898
2023-04-26,SKU_031,Distributor,South,73,311953.82,0.14,1,1,4969
2023-02-27,SKU_044,Distributor,West,24,119836.8,0.1,1,0,5548
2023-02-27,SKU_048,D2C,West,68,299513.48,0.11,0,0,4949
2023-03-16,SKU_007,D2C,South,79,240687.72,0.16,0,1,3627
2023-05-21,SKU_028,Retail,South,57,208565.28,0.28,0,1,5082
2023-01-19,SKU_039,Distributor,South,47,156837.59,0.09,0,0,3667
2023-02-05,SKU_016,D2C,Central,54,263731.68,0.18,0,0,5956
2023-05-19,SKU_041,Flipkart,North,41,87940.08,0.28,0,0,2979
2023-01-29,SKU_025,Amazon,East,9,49341.149999999994,0.07,0,0,5895
2023-01-25,SKU_030,Distributor,East,30,70912.8,0.28,0,0,3283
2023-04-27,SKU_022,Flipkart,South,49,120571.36,0.09,0,0,2704
2023-01-13,SKU_004,Distributor,West,31,117097.23,0.17,1,0,4551
2023-04-11,SKU_039,Retail,West,41,164127.92,0.12,1,0,4549
2023-05-07,SKU_007,Amazon,East,59,166500.95,0.23,0,0,3665
2023-03-01,SKU_012,Distributor,Central,52,109980.0,0.25,0,1,2820
2023-02-09,SKU_033,Amazon,North,71,92660.68000000001,0.21,1,1,1652
2023-03-26,SKU_021,Distributor,North,55,60673.8,0.13,1,1,1268
2023-01-22,SKU_009,Retail,North,57,235148.37,0.03,1,1,4253
2023-06-19,SKU_023,Distributor,North,35,123832.79999999999,0.28,1,0,4914
2023-04-19,SKU_011,Distributor,Central,23,55778.68,0.24,0,0,3191
2023-06-25,SKU_029,Flipkart,North,41,91098.31,0.17,1,1,2677
2023-04-21,SKU_048,Amazon,Central,35,112590.1,0.18,0,1,3923
2023-03-28,SKU_031,Retail,South,46,208618.74000000002,0.19,0,1,5599
2023-06-21,SKU_029,Flipkart,East,28,129415.43999999999,0.06,1,0,4917
2023-02-24,SKU_030,Flipkart,South,66,272450.64,0.08,0,0,4487
2023-03-22,SKU_008,Distributor,Central,35,58049.6,0.29,1,1,2336
2023-04-22,SKU_041,Retail,Central,42,225488.34,0.01,1,0,5423
2023-05-06,SKU_010,Retail,East,49,197656.2,0.19,1,1,4980
2023-02-04,SKU_016,Retail,East,72,187032.96,0.24,0,1,3418
2023-05-13,SKU_005,Amazon,East,85,141389.85,0.11,1,1,1869
2023-06-30,SKU_027,Distributor,South,86,356790.77999999997,0.07,0,0,4461
2023-01-25,SKU_016,Retail,North,24,30307.68,0.22,1,1,1619
2023-03-31,SKU_014,D2C,East,42,39858.0,0.27,0,0,1300
2023-03-03,SKU_045,Amazon,West,38,89521.92,0.28,1,1,3272
2023-05-25,SKU_013,Amazon,North,57,253465.32,0.24,1,0,5851
2023-01-02,SKU_005,Amazon,Central,56,241878.0,0.25,1,1,5759
2023-03-14,SKU_040,D2C,Central,38,112546.5,0.25,1,1,3949
2023-03-01,SKU_046,Amazon,South,36,189462.24,0.01,1,1,5316
2023-05-17,SKU_016,Flipkart,South,30,50928.299999999996,0.29,0,1,2391
2023-01-24,SKU_038,Flipkart,South,0,0.0,0.06,0,1,5888
2023-06-30,SKU_050,Flipkart,North,24,34617.36,0.03,1,1,1487
2023-01-31,SKU_049,Retail,Central,67,385708.95,0.01,1,0,5815
2023-05-09,SKU_001,Retail,East,79,72022.72,0.12,0,0,1036
2023-06-25,SKU_020,D2C,South,76,127825.16,0.21,1,1,2129
2023-05-17,SKU_002,Retail,East,68,125013.92,0.24,1,1,2419
2023-04-24,SKU_001,Retail,North,29,108146.51,0.17,0,0,4493
2023-06-10,SKU_049,Distributor,South,26,90774.06,0.13,0,0,4013
2023-04-06,SKU_026,D2C,West,13,28725.84,0.28,1,1,3069
2023-04-28,SKU_039,Flipkart,East,38,32206.14,0.27,0,0,1161
2023-06-14,SKU_013,Amazon,North,51,144493.19999999998,0.28,0,1,3935
2023-05-29,SKU_034,Distributor,Central,29,61619.2,0.17,0,0,2560
2023-01-27,SKU_003,Retail,North,58,65103.84,0.28,0,0,1559
2023-02-23,SKU_006,Distributor,Central,63,179361.0,0.0,1,0,2847
2023-05-08,SKU_007,Retail,North,40,152544.0,0.2,1,0,4767
2023-01-06,SKU_041,D2C,East,23,66211.02,0.19,1,0,3554
2023-02-06,SKU_046,Amazon,West,77,383469.24,0.06,1,1,5298
2023-06-06,SKU_036,Retail,East,50,167247.5,0.05,0,0,3521
2023-05-05,SKU_024,Retail,East,88,219576.71999999997,0.07,1,0,2683
2023-06-02,SKU_020,Retail,East,51,175104.93,0.23,1,0,4459
2023-02-20,SKU_016,D2C,Central,53,125193.42,0.01,0,1,2386
2023-05-27,SKU_004,Flipkart,Central,30,124534.8,0.22,1,0,5322
2023-02-06,SKU_034,Amazon,East,41,58810.4,0.12,1,1,1630
2023-03-13,SKU_040,Amazon,West,18,17477.46,0.23,0,0,1261
2023-01-20,SKU_046,D2C,West,23,85473.52,0.12,0,0,4223
2023-03-13,SKU_031,Flipkart,Central,64,284549.76,0.19,0,0,5489
2023-06-17,SKU_050,Distributor,South,44,79362.8,0.15,1,0,2122
2023-05-30,SKU_048,Amazon,Central,41,56245.439999999995,0.04,0,1,1429
2023-05-30,SKU_039,D2C,West,35,175513.1,0.02,0,0,5117
2023-04-26,SKU_022,D2C,Central,42,156744.0,0.25,1,1,4976
2023-04-12,SKU_020,D2C,East,72,258137.28,0.08,0,0,3897
2023-01-16,SKU_045,Retail,North,52,144535.04,0.14,1,1,3232
2023-04-22,SKU_013,Retail,East,26,78853.31999999999,0.13,1,0,3486
2023-06-22,SKU_024,D2C,West,70,98597.1,0.13,0,0,1619
2023-06-10,SKU_017,D2C,East,84,142611.84,0.19,1,1,2096
2023-06-22,SKU_011,Distributor,North,59,246353.31999999998,0.06,1,0,4442
2023-02-17,SKU_006,D2C,West,67,359749.8,0.1,1,1,5966
2023-05-19,SKU_049,Amazon,North,74,355762.39999999997,0.15,1,1,5656
2023-05-27,SKU_003,Distributor,East,16,76935.84,0.13,0,1,5527
2023-03-26,SKU_031,Amazon,North,87,182681.73,0.23,0,0,2727
2023-03-25,SKU_013,Flipkart,West,71,292982.92,0.29,0,0,5812
2023-05-21,SKU_037,Retail,West,59,213627.19999999998,0.27,0,0,4960
2023-05-19,SKU_037,D2C,South,47,44147.1,0.07,0,0,1010
2023-05-11,SKU_031,D2C,South,23,34266.549999999996,0.17,0,1,1795
2023-03-14,SKU_026,D2C,West,43,90300.0,0.3,1,1,3000
2023-05-08,SKU_040,Amazon,East,58,207884.76,0.18,1,0,4371
2023-02-07,SKU_021,Flipkart,West,27,28350.0,0.25,0,0,1400
2023-05-12,SKU_013,Distributor,West,48,163758.72,0.24,1,0,4489
2023-03-10,SKU_013,Amazon,Central,26,54777.84,0.03,1,0,2172
2023-02-22,SKU_029,Flipkart,Central,42,72554.58,0.11,0,0,1941
2023-03-17,SKU_025,Amazon,West,22,118148.8,0.02,0,1,5480
2023-06-04,SKU_031,D2C,South,20,50489.6,0.02,1,1,2576
2023-02-19,SKU_027,Flipkart,South,56,159054.0,0.25,1,1,3787
2023-03-04,SKU_002,Distributor,East,38,124184.0,0.05,0,1,3440
2023-02-08,SKU_019,D2C,North,40,40470.799999999996,0.17,0,1,1219
2023-05-10,SKU_023,Flipkart,South,37,52323.18,0.22,1,0,1813
2023-03-07,SKU_008,Flipkart,East,104,307525.92,0.22,1,1,3791
2023-04-09,SKU_041,Amazon,North,62,213736.31999999998,0.16,0,1,4104
2023-03-22,SKU_046,Retail,West,64,101221.12000000001,0.09,1,0,1738
2023-03-26,SKU_014,D2C,West,34,126937.64000000001,0.18,1,0,4553
2023-06-02,SKU_022,Distributor,Central,60,204124.8,0.12,0,1,3866
2023-06-28,SKU_050,Distributor,West,45,175223.25,0.15,1,1,4581
2023-04-30,SKU_016,Retail,East,34,82169.15999999999,0.06,1,1,2571
2023-02-02,SKU_028,Amazon,West,88,258292.32,0.22,0,1,3763
2023-04-28,SKU_049,Amazon,South,61,160376.32,0.21,0,0,3328
2023-05-11,SKU_021,Flipkart,North,60,166941.6,0.24,1,0,3661
2023-04-15,SKU_047,Retail,South,30,94465.8,0.22,0,0,4037
2023-06-15,SKU_001,D2C,North,24,88088.64,0.11,1,0,4124
2023-04-14,SKU_036,Flipkart,South,48,172707.84,0.04,1,1,3748
2023-04-04,SKU_029,Distributor,South,38,103828.92,0.22,0,1,3503
2023-04-03,SKU_027,Retail,East,62,93778.72,0.26,1,0,2044
2023-01-11,SKU_025,Retail,North,63,237869.1,0.15,1,0,4442
2023-03-26,SKU_008,Flipkart,South,51,68397.12,0.04,1,1,1397
2023-05-30,SKU_036,Flipkart,Central,66,157546.62000000002,0.19,0,1,2947
2023-06-13,SKU_016,Flipkart,Central,53,291895.38,0.06,1,0,5859
2023-06-06,SKU_027,D2C,West,32,52095.36,0.14,0,0,1893
2023-05-12,SKU_023,Amazon,North,46,209081.03999999998,0.16,1,1,5411
2023-06-25,SKU_045,Amazon,West,52,225905.68,0.02,0,1,4433
2023-04-10,SKU_033,Flipkart,Central,68,165214.16,0.29,0,1,3422
2023-05-31,SKU_002,D2C,West,54,162221.94,0.13,1,1,3453
2023-03-17,SKU_002,Amazon,East,38,112844.8,0.2,1,1,3712
2023-04-04,SKU_033,Retail,East,69,78441.95999999999,0.03,0,0,1172
2023-01-10,SKU_018,Amazon,South,57,144346.22999999998,0.07,1,1,2723
2023-03-16,SKU_047,Amazon,Central,80,448742.39999999997,0.04,0,0,5843
2023-02-07,SKU_014,D2C,West,51,276819.83999999997,0.04,1,0,5654
2023-04-08,SKU_014,Distributor,East,29,155437.1,0.05,1,1,5642
2023-02-24,SKU_032,D2C,Central,73,294495.87,0.13,0,1,4637
2023-05-31,SKU_017,Flipkart,West,38,107908.59999999999,0.27,1,0,3890
2023-05-24,SKU_042,Retail,Central,55,198166.65,0.17,1,1,4341
2023-03-22,SKU_013,Flipkart,North,53,147256.79,0.21,1,1,3517
2023-05-16,SKU_018,D2C,North,50,94230.5,0.09,1,1,2071
2023-01-25,SKU_019,Flipkart,North,46,198583.84,0.09,1,0,4744
2023-01-06,SKU_041,Distributor,Central,16,21285.120000000003,0.08,0,1,1446
2023-01-25,SKU_044,Flipkart,Central,29,51399.6,0.16,1,1,2110
2023-01-08,SKU_025,D2C,South,72,327061.44,0.14,1,0,5282
2023-04-29,SKU_047,Amazon,North,58,72732.0,0.0,1,0,1254
2023-06-03,SKU_006,Retail,Central,88,486942.72,0.04,1,1,5764
2023-03-07,SKU_046,Amazon,North,29,101170.56,0.08,1,0,3792
2023-04-15,SKU_038,Amazon,East,49,119295.4,0.06,0,0,2590
2023-04-26,SKU_002,Distributor,North,73,184879.8,0.16,0,1,3015
2023-01-25,SKU_008,Distributor,West,38,131571.2,0.2,1,1,4328
2023-01-27,SKU_027,D2C,Central,40,128505.59999999999,0.03,0,0,3312
2023-01-30,SKU_031,Amazon,North,44,77991.76,0.23,1,0,2302
2023-03-08,SKU_044,Flipkart,East,41,145799.28,0.28,1,1,4939
2023-04-21,SKU_014,Flipkart,East,60,210330.00000000003,0.18,1,1,4275
2023-06-01,SKU_022,D2C,East,14,55243.439999999995,0.03,1,0,4068
2023-04-26,SKU_022,Retail,Central,82,80400.18,0.13,1,1,1127
2023-04-14,SKU_005,Distributor,North,30,69395.4,0.29,1,0,3258
2023-05-14,SKU_036,Retail,East,7,36540.0,0.0,0,1,5220
2023-04-16,SKU_017,Amazon,Central,49,94993.36,0.12,1,1,2203
2023-06-30,SKU_033,D2C,South,42,207545.52,0.14,0,0,5746
2023-02-01,SKU_050,Retail,North,46,115610.88,0.12,1,1,2856
2023-04-03,SKU_021,Retail,West,56,135955.68,0.14,0,0,2823
2023-02-27,SKU_048,Distributor,West,62,274807.56,0.07,0,0,4766
2023-04-23,SKU_043,D2C,Central,83,110144.32,0.12,0,1,1508
2023-04-24,SKU_009,Flipkart,Central,36,113646.24,0.21,0,1,3996
2023-06-08,SKU_010,Distributor,North,65,124897.49999999999,0.3,1,1,2745
2023-02-24,SKU_020,Retail,West,64,102576.0,0.25,1,0,2137
2023-03-19,SKU_021,Flipkart,North,0,0.0,0.16,1,1,5938
2023-06-08,SKU_028,Retail,East,33,95399.37000000001,0.19,1,1,3569
2023-03-16,SKU_002,Amazon,North,24,26107.2,0.02,1,0,1110
2023-02-24,SKU_028,Retail,North,58,69371.48,0.21,0,1,1514
2023-01-07,SKU_026,D2C,Central,56,204429.12,0.13,0,1,4196
2023-03-18,SKU_010,Flipkart,Central,57,277618.5,0.15,0,1,5730
2023-02-03,SKU_044,Distributor,East,43,114352.48,0.12,0,1,3022
2023-02-11,SKU_037,Retail,West,45,169387.19999999998,0.04,0,0,3921
2023-06-23,SKU_006,Amazon,West,49,150914.61,0.01,0,0,3111
2023-06-12,SKU_008,Distributor,East,41,59076.079999999994,0.17,0,1,1736
2023-05-08,SKU_007,Distributor,West,65,162138.6,0.22,1,0,3198
2023-01-12,SKU_044,Retail,North,28,86577.4,0.29,0,0,4355
2023-02-18,SKU_033,Flipkart,East,34,93421.8,0.14,1,1,3195
2023-01-13,SKU_035,Amazon,Central,52,197974.40000000002,0.2,1,1,4759
2023-04-10,SKU_042,Amazon,East,42,156866.22,0.13,1,0,4293
2023-04-22,SKU_001,Retail,North,27,54025.11,0.27,1,0,2741
2023-04-05,SKU_034,Retail,North,60,110600.4,0.06,1,1,1961
2023-02-12,SKU_015,Distributor,Central,38,177466.08,0.12,0,0,5307
2023-06-19,SKU_049,Retail,Central,33,50003.25,0.05,1,1,1595
2023-02-25,SKU_008,Distributor,North,46,68650.40000000001,0.09,0,1,1640
2023-02-22,SKU_002,Retail,South,32,143241.6,0.14,0,0,5205
2023-02-14,SKU_026,Retail,West,49,80841.67,0.09,0,1,1813
2023-06-24,SKU_041,Distributor,South,42,108992.09999999999,0.29,0,1,3655
2023-05-21,SKU_018,D2C,Central,39,82700.28000000001,0.18,0,0,2586
2023-01-26,SKU_042,Flipkart,East,39,221707.19999999998,0.05,0,0,5984
2023-01-20,SKU_048,D2C,North,69,95286.23999999999,0.28,1,1,1918
2023-03-05,SKU_004,Retail,West,57,228592.80000000002,0.2,0,0,5013
2023-05-31,SKU_003,Amazon,South,15,56962.5,0.02,0,1,3875
2023-03-06,SKU_034,Flipkart,East,67,309287.41,0.03,1,0,4759
2023-06-23,SKU_050,Retail,South,60,249955.2,0.01,1,0,4208
2023-01-02,SKU_009,Flipkart,South,59,254616.27,0.03,0,1,4449
2023-04-18,SKU_005,Amazon,Central,67,111209.28,0.24,0,1,2184
2023-05-03,SKU_005,Distributor,West,50,52688.0,0.11,0,0,1184
2023-04-09,SKU_005,Retail,South,62,133235.52,0.12,0,0,2442
2023-02-06,SKU_015,Amazon,North,40,109116.8,0.14,0,0,3172
2023-01-17,SKU_037,Retail,East,66,89193.72,0.02,1,0,1379
2023-05-18,SKU_022,Retail,East,54,73483.2,0.2,0,0,1701
2023-02-26,SKU_020,Retail,North,22,23177.0,0.14,0,0,1225
2023-03-17,SKU_009,Retail,South,70,99855.0,0.25,1,1,1902
2023-01-19,SKU_038,Distributor,Central,47,177072.97,0.21,1,1,4769
2023-02-17,SKU_011,Retail,West,44,125762.56,0.12,0,1,3248
2023-06-30,SKU_034,D2C,East,41,205412.05,0.03,0,0,5165
2023-01-17,SKU_043,Flipkart,North,42,221523.12,0.08,0,1,5733
2023-06-16,SKU_050,Distributor,West,54,230629.13999999998,0.03,1,1,4403
2023-04-28,SKU_045,Distributor,Central,30,84928.8,0.12,1,1,3217
2023-04-21,SKU_020,Retail,South,18,103230.0,0.0,1,1,5735
2023-03-14,SKU_009,Flipkart,South,28,103783.68000000001,0.12,0,0,4212
2023-04-09,SKU_027,Retail,North,57,70219.44,0.28,0,0,1711
2023-04-05,SKU_046,Distributor,North,46,144522.80000000002,0.08,0,0,3415
2023-05-04,SKU_010,Distributor,North,72,218181.6,0.1,1,1,3367
2023-01-20,SKU_050,Retail,West,48,145803.84,0.09,1,1,3338
2023-06-08,SKU_003,Retail,South,66,240119.88,0.09,0,0,3998
2023-04-30,SKU_001,D2C,Central,36,95703.48,0.11,0,0,2987
2023-06-24,SKU_042,D2C,South,41,152275.23,0.13,0,0,4269
2023-03-02,SKU_034,Retail,East,50,185925.0,0.26,0,1,5025
2023-01-22,SKU_036,Flipkart,North,47,159975.78,0.06,1,1,3621
2023-01-02,SKU_012,Distributor,Central,45,69508.8,0.04,0,1,1609
2023-03-22,SKU_033,D2C,East,32,119119.36,0.21,0,1,4712
2023-06-29,SKU_024,Retail,South,18,24422.58,0.09,1,0,1491
2023-05-31,SKU_018,Retail,South,62,127797.5,0.03,1,0,2125
2023-05-03,SKU_019,Flipkart,Central,60,165434.4,0.26,1,0,3726
2023-04-27,SKU_046,D2C,South,37,62801.95,0.17,0,1,2045
2023-03-14,SKU_009,Amazon,North,57,140623.56,0.16,1,1,2937
2023-02-14,SKU_021,Amazon,South,46,194669.7,0.11,1,1,4755
2023-04-15,SKU_045,Retail,West,72,280294.56,0.09,0,0,4278
2023-03-31,SKU_006,Amazon,West,23,66721.16,0.24,0,0,3817
2023-03-21,SKU_018,Flipkart,Central,47,119926.61,0.11,0,1,2867
2023-05-11,SKU_040,Retail,North,45,71582.4,0.04,0,1,1657
2023-05-01,SKU_043,D2C,South,53,101352.95999999999,0.28,0,0,2656
2023-05-16,SKU_012,Flipkart,Central,80,270412.8,0.04,0,1,3521
2023-01-18,SKU_012,Retail,East,47,74222.40000000001,0.2,1,0,1974
2023-05-28,SKU_021,D2C,Central,64,190974.72,0.18,1,1,3639
2023-05-06,SKU_025,D2C,West,47,207076.36000000002,0.08,1,1,4789
2023-02-21,SKU_050,Amazon,West,71,393198.0,0.0,0,1,5538
2023-06-30,SKU_028,Flipkart,North,65,208224.9,0.22,1,0,4107
2023-06-23,SKU_027,Amazon,Central,43,47268.18,0.07,0,0,1182
2023-06-30,SKU_041,Amazon,East,41,58019.1,0.11,1,1,1590
2023-05-31,SKU_013,Distributor,West,59,159045.12,0.04,0,0,2808
2023-01-21,SKU_007,Distributor,West,36,157703.04,0.12,0,0,4978
2023-06-27,SKU_020,Distributor,East,53,249623.63999999998,0.16,0,1,5607
2023-01-12,SKU_013,Flipkart,East,42,74340.84,0.06,1,0,1883
2023-06-16,SKU_035,D2C,East,57,101209.20000000001,0.08,0,1,1930
2023-04-19,SKU_033,Distributor,North,46,73588.5,0.25,0,0,2133
2023-01-11,SKU_039,Distributor,West,36,100120.31999999999,0.04,1,0,2897
2023-01-14,SKU_029,Retail,Central,72,418128.48,0.01,1,1,5866
2023-05-09,SKU_012,Distributor,Central,54,190581.12000000002,0.18,0,0,4304
2023-05-18,SKU_041,Distributor,Central,48,226521.6,0.2,1,0,5899
2023-06-05,SKU_037,Flipkart,East,58,181769.68,0.06,1,0,3334
2023-01-20,SKU_001,D2C,Central,16,13692.0,0.25,0,0,1141
2023-02-25,SKU_015,Retail,Central,91,493429.3,0.03,0,1,5590
2023-03-29,SKU_037,D2C,East,50,195775.00000000003,0.18,1,0,4775
2023-05-16,SKU_026,D2C,West,10,17204.0,0.12,0,0,1955
2023-02-07,SKU_019,Retail,East,73,362939.94,0.01,0,1,5022
2023-05-10,SKU_034,D2C,South,34,62529.740000000005,0.09,0,0,2021
2023-04-03,SKU_022,Retail,North,70,59251.50000000001,0.19,1,1,1045
2023-06-12,SKU_049,Distributor,West,52,67360.8,0.15,0,0,1524
2023-05-16,SKU_017,Distributor,East,18,26264.16,0.08,1,1,1586
2023-01-22,SKU_036,Flipkart,North,55,207014.5,0.05,1,0,3962
2023-03-24,SKU_006,Amazon,East,53,44764.33,0.27,0,1,1157
2023-02-15,SKU_024,D2C,North,73,153421.91,0.27,0,1,2879
2023-03-23,SKU_043,Retail,East,60,51459.6,0.26,1,1,1159
2023-04-20,SKU_034,Amazon,West,25,69437.0,0.08,1,0,3019
2023-06-04,SKU_050,Distributor,East,70,182840.0,0.0,0,0,2612
2023-01-21,SKU_048,Amazon,North,41,61895.24,0.27,0,1,2068
2023-05-10,SKU_050,Distributor,East,84,312614.4,0.2,0,0,4652
2023-03-03,SKU_008,Distributor,South,42,98704.2,0.29,1,1,3310
2023-02-25,SKU_026,D2C,North,45,147508.2,0.08,1,0,3563
2023-01-11,SKU_032,Distributor,South,33,85894.37999999999,0.29,1,0,3666
2023-01-29,SKU_045,D2C,Central,40,115623.2,0.23,0,1,3754
2023-04-21,SKU_017,Amazon,Central,34,115498.0,0.14,1,1,3950
2023-05-03,SKU_043,Amazon,South,73,70037.66,0.11,1,1,1078
2023-06-16,SKU_038,Distributor,North,23,92517.04,0.12,1,0,4571
2023-06-14,SKU_024,Distributor,East,66,230622.48,0.26,0,0,4722
2023-04-03,SKU_002,D2C,North,66,63483.420000000006,0.09,0,0,1057
2023-06-11,SKU_008,Distributor,South,77,363367.62,0.19,0,1,5826
2023-03-28,SKU_006,Distributor,East,50,102329.5,0.09,1,1,2249
2023-04-02,SKU_050,Retail,East,29,90276.42,0.22,1,0,3991
2023-04-21,SKU_045,Distributor,East,46,220667.52,0.04,0,1,4997
2023-04-02,SKU_017,Distributor,South,61,108621.48,0.29,0,1,2508
2023-04-13,SKU_016,Retail,North,51,138165.12,0.17,1,1,3264
2023-02-11,SKU_006,Flipkart,South,57,79766.37,0.27,0,1,1917
2023-03-02,SKU_046,Distributor,West,77,278373.48,0.06,1,0,3846
2023-03-02,SKU_036,Retail,West,61,252198.4,0.24,0,1,5440
2023-01-20,SKU_009,Distributor,Central,53,281501.55,0.01,0,1,5365
2023-03-19,SKU_020,Amazon,North,13,56026.880000000005,0.09,0,0,4736
2023-05-24,SKU_036,Retail,West,34,82403.76,0.24,0,1,3189
2023-04-24,SKU_001,Amazon,North,41,35128.799999999996,0.15,0,0,1008
2023-01-10,SKU_037,Distributor,North,10,18997.4,0.14,1,0,2209
2023-03-29,SKU_015,Amazon,Central,27,73452.95999999999,0.02,0,0,2776
2023-01-09,SKU_025,Distributor,South,44,174669.44,0.14,0,1,4616
2023-05-21,SKU_024,Retail,Central,47,94199.28,0.16,1,0,2386
2023-06-13,SKU_009,Flipkart,Central,60,172795.8,0.03,0,1,2969
2023-02-11,SKU_022,D2C,South,45,194472.0,0.2,0,0,5402
2023-06-29,SKU_015,Retail,North,54,237130.74000000002,0.23,1,0,5703
2023-02-25,SKU_046,Retail,East,41,184452.44,0.06,1,1,4786
2023-03-10,SKU_031,Flipkart,East,50,232313.99999999997,0.07,1,0,4996
2023-04-22,SKU_039,Retail,West,59,85762.40000000001,0.08,0,1,1580
2023-05-27,SKU_006,Amazon,West,79,153504.9,0.15,0,1,2286
2023-02-09,SKU_015,Amazon,South,39,127545.6,0.2,0,0,4088
2023-03-13,SKU_018,Flipkart,West,52,178393.28,0.24,0,1,4514
2023-06-05,SKU_004,Amazon,South,67,121693.44,0.04,0,1,1892
2023-01-18,SKU_029,D2C,West,21,90269.76,0.24,0,0,5656
2023-06-23,SKU_037,Retail,North,89,291116.32999999996,0.29,1,1,4607
2023-04-13,SKU_002,Distributor,North,73,339134.64,0.22,0,1,5956
2023-01-16,SKU_030,D2C,East,15,53676.0,0.29,1,0,5040
2023-04-05,SKU_031,Amazon,East,57,187567.62000000002,0.18,0,1,4013
2023-05-05,SKU_032,Amazon,South,38,74967.92,0.26,0,1,2666
2023-01-26,SKU_028,Retail,South,42,113107.68,0.16,1,0,3206
2023-06-03,SKU_043,Retail,South,57,179546.58,0.06,1,0,3351
2023-01-06,SKU_004,Distributor,South,71,330911.12,0.08,1,1,5066
2023-04-27,SKU_030,Amazon,West,40,92834.4,0.06,1,0,2469
2023-04-19,SKU_007,Distributor,Central,40,213007.19999999998,0.07,1,1,5726
2023-04-11,SKU_028,D2C,Central,57,109640.06999999999,0.03,0,0,1983
2023-04-28,SKU_048,Distributor,East,61,273392.24,0.12,1,1,5093
2023-02-08,SKU_047,Distributor,West,29,101719.81999999999,0.17,1,1,4226
2023-06-28,SKU_029,Distributor,West,84,210415.8,0.15,1,1,2947
2023-02-03,SKU_035,D2C,Central,37,78176.56,0.23,0,1,2744
2023-04-09,SKU_035,Amazon,West,69,146052.99,0.13,0,0,2433
2023-06-21,SKU_049,Retail,South,59,89216.84999999999,0.15,1,1,1779
2023-05-10,SKU_044,Flipkart,North,62,253186.91999999998,0.02,0,0,4167
2023-05-19,SKU_019,D2C,South,37,43713.28,0.29,0,1,1664
2023-05-30,SKU_049,Distributor,East,15,74371.95,0.13,0,1,5699
2023-06-30,SKU_040,Distributor,Central,49,176131.47999999998,0.27,0,1,4924
2023-04-05,SKU_001,Distributor,East,49,85283.52,0.02,0,1,1776
2023-03-24,SKU_004,Distributor,South,30,27378.9,0.13,0,0,1049
2023-01-01,SKU_048,D2C,North,68,351230.88,0.09,1,1,5676
2023-06-27,SKU_004,Retail,Central,48,80313.6,0.11,0,1,1880
2023-05-19,SKU_037,Amazon,South,33,36263.7,0.01,1,0,1110
2023-05-30,SKU_037,D2C,West,61,218364.75,0.25,0,0,4773
2023-02-23,SKU_012,Flipkart,Central,62,139391.5,0.15,1,1,2645
2023-04-06,SKU_042,Distributor,Central,35,74328.45,0.13,0,0,2441
2023-02-05,SKU_009,Retail,Central,74,141693.72,0.06,0,1,2037
2023-01-15,SKU_007,Retail,West,94,481357.08,0.13,1,0,5886
2023-05-15,SKU_016,D2C,East,28,99420.72,0.17,1,0,4278
2023-01-17,SKU_008,Flipkart,West,46,63226.08,0.08,1,1,1494
2023-01-15,SKU_015,Retail,North,56,64915.200000000004,0.2,1,0,1449
2023-01-01,SKU_016,Distributor,East,95,181039.6,0.18,0,0,2324
2023-01-04,SKU_038,Amazon,East,35,151785.90000000002,0.19,1,1,5354
2023-03-14,SKU_009,D2C,East,31,41963.46,0.23,0,0,1758
2023-06-04,SKU_010,Amazon,South,31,121253.09,0.29,1,1,5509
2023-03-28,SKU_013,D2C,Central,74,186733.82,0.09,1,1,2773
2023-06-11,SKU_009,Amazon,Central,35,127878.09999999999,0.17,0,0,4402
2023-06-24,SKU_024,Flipkart,West,32,37760.0,0.0,0,0,1180
2023-02-03,SKU_029,Retail,North,54,67359.6,0.19,1,0,1540
2023-06-25,SKU_009,Amazon,East,56,139224.96,0.28,0,1,3453
2023-05-19,SKU_049,Retail,East,71,403688.25,0.05,1,0,5985
2023-01-18,SKU_023,D2C,North,51,168067.94999999998,0.15,1,0,3877
2023-01-10,SKU_044,Retail,South,54,288925.92,0.06,0,1,5692
2023-06-10,SKU_032,D2C,South,47,72917.68000000001,0.12,0,0,1763
2023-01-14,SKU_017,Amazon,West,23,79748.13,0.21,1,0,4389
2023-04-05,SKU_001,Retail,South,46,261675.59999999998,0.05,0,1,5988
2023-04-08,SKU_025,Distributor,East,51,145494.84,0.27,1,1,3908
2023-01-26,SKU_016,D2C,East,41,165025.0,0.08,0,1,4375
2023-04-08,SKU_021,Distributor,Central,18,83415.42,0.07,1,1,4983
2023-05-14,SKU_016,Amazon,North,27,53184.6,0.16,1,0,2345
2023-04-05,SKU_021,Flipkart,South,49,216796.58000000002,0.23,0,0,5746
2023-01-21,SKU_043,D2C,West,68,159017.32,0.23,0,0,3037
2023-02-04,SKU_041,Retail,West,83,395312.39999999997,0.02,1,1,4860
2023-06-21,SKU_019,D2C,South,46,118302.34,0.27,0,1,3523
2023-03-15,SKU_032,D2C,Central,35,47971.0,0.11,1,1,1540
2023-04-08,SKU_046,Amazon,Central,42,49739.759999999995,0.29,1,0,1668
2023-01-21,SKU_001,Amazon,East,29,99424.18000000001,0.18,1,0,4181
2023-06-01,SKU_027,D2C,East,65,216387.6,0.22,1,1,4268
2023-06-28,SKU_028,Retail,Central,92,426585.6,0.04,0,0,4830
2023-02-12,SKU_022,Distributor,West,36,107490.24,0.13,0,0,3432
2023-02-25,SKU_004,Amazon,West,26,79079.0,0.21,1,0,3850
2023-05-29,SKU_027,Amazon,West,70,166635.0,0.1,1,1,2645
2023-05-19,SKU_026,Distributor,North,56,153424.32,0.21,1,0,3468
2023-05-10,SKU_027,Amazon,East,56,158919.04,0.24,0,1,3734
2023-03-04,SKU_001,D2C,South,81,226881.81,0.27,1,0,3837
2023-06-13,SKU_014,Retail,South,22,31437.120000000003,0.22,1,1,1832
2023-01-08,SKU_030,Distributor,Central,22,94822.2,0.1,0,0,4789
2023-01-07,SKU_004,Distributor,East,46,52300.16,0.24,1,1,1496
2023-04-07,SKU_048,Retail,West,51,201042.0,0.25,1,0,5256
2023-04-02,SKU_001,Amazon,East,42,174919.5,0.25,0,0,5553
2023-05-27,SKU_025,Retail,North,99,239911.65,0.15,0,0,2851
2023-06-25,SKU_020,Amazon,South,43,133138.32,0.24,0,1,4074
2023-03-21,SKU_044,D2C,West,38,61835.88,0.26,0,1,2199
2023-03-01,SKU_025,Flipkart,North,52,69420.0,0.0,1,0,1335
2023-02-07,SKU_046,Retail,West,69,216102.48,0.12,0,0,3559
2023-02-23,SKU_033,D2C,West,35,186110.4,0.04,0,0,5539
2023-05-09,SKU_024,Amazon,North,47,193606.16,0.12,1,1,4681
2023-04-28,SKU_003,D2C,East,69,235421.1,0.15,1,1,4014
2023-05-16,SKU_019,Amazon,East,71,259940.22999999998,0.17,0,1,4411
2023-04-05,SKU_036,Retail,Central,54,242993.52,0.16,1,0,5357
2023-01-11,SKU_039,D2C,North,98,142693.88,0.06,0,1,1549
2023-02-03,SKU_049,Flipkart,North,89,377737.36,0.12,0,0,4823
2023-05-06,SKU_019,Retail,West,21,81392.85,0.19,0,1,4785
2023-03-14,SKU_016,Amazon,North,16,36234.24,0.16,1,0,2696
2023-02-05,SKU_023,Distributor,South,65,257716.55000000002,0.09,0,0,4357
2023-04-24,SKU_027,Amazon,North,77,119196.0,0.25,1,1,2064
2023-06-11,SKU_032,Retail,South,45,143791.19999999998,0.16,0,0,3804
2023-03-24,SKU_017,Flipkart,Central,39,164583.90000000002,0.19,0,0,5210
2023-01-13,SKU_019,D2C,West,33,113903.79000000001,0.09,1,1,3793
2023-06-08,SKU_049,Amazon,East,26,55573.439999999995,0.27,1,0,2928
2023-03-09,SKU_035,Retail,South,72,227134.08,0.06,1,0,3356
2023-01-30,SKU_028,Retail,East,42,179081.28,0.16,0,1,5076
2023-03-19,SKU_047,Amazon,East,56,244697.6,0.2,1,0,5462
2023-01-18,SKU_028,Retail,West,13,15226.9,0.15,0,1,1378
2023-05-04,SKU_003,Amazon,North,70,105562.79999999999,0.29,1,0,2124
2023-01-01,SKU_036,Retail,East,61,185609.58,0.17,0,0,3666
2023-04-25,SKU_036,Flipkart,East,23,82642.68000000001,0.19,1,1,4436
2023-03-23,SKU_040,D2C,East,55,236821.2,0.12,0,1,4893
2023-05-16,SKU_023,Flipkart,Central,50,228932.0,0.14,1,0,5324
2023-06-28,SKU_035,Distributor,North,40,136242.0,0.19,0,0,4205
2023-06-22,SKU_015,Retail,South,0,0.0,0.22,1,0,3077
2023-04-24,SKU_016,Retail,West,36,107615.52,0.13,0,1,3436
2023-01-17,SKU_006,Retail,Central,56,287239.68,0.04,1,0,5343
2023-05-19,SKU_049,Flipkart,West,39,180137.1,0.15,1,1,5434
2023-06-15,SKU_038,Distributor,North,45,204276.6,0.24,1,0,5973
2023-04-08,SKU_044,Amazon,North,79,78146.01,0.13,1,1,1137
2023-06-17,SKU_012,Amazon,West,48,142611.84,0.19,0,0,3668
2023-01-21,SKU_020,Amazon,South,8,26364.399999999998,0.05,0,0,3469
2023-06-10,SKU_040,Flipkart,North,46,109730.70000000001,0.19,0,1,2945
2023-03-14,SKU_029,D2C,Central,51,221319.6,0.24,0,0,5710
2023-04-28,SKU_047,D2C,Central,33,85800.0,0.2,0,1,3250
2023-05-09,SKU_038,Amazon,Central,64,53657.600000000006,0.2,0,0,1048
2023-01-04,SKU_041,Amazon,Central,20,36975.0,0.15,0,0,2175
2023-03-31,SKU_034,Flipkart,South,47,119319.84,0.28,0,0,3526
2023-06-28,SKU_047,D2C,North,20,77364.0,0.1,0,1,4298
2023-02-12,SKU_026,Amazon,West,44,63888.880000000005,0.21,0,0,1838
2023-01-19,SKU_027,Flipkart,Central,64,139718.4,0.05,1,0,2298
2023-04-15,SKU_015,Amazon,East,46,95302.8,0.1,0,0,2302
2023-05-23,SKU_030,Retail,South,45,96908.4,0.28,0,0,2991
2023-05-23,SKU_009,Flipkart,North,50,171120.0,0.2,1,0,4278
2023-02-14,SKU_006,Distributor,South,51,275777.39999999997,0.05,1,1,5692
2023-05-22,SKU_022,Flipkart,South,63,310279.41,0.13,1,0,5661
2023-04-21,SKU_026,D2C,West,63,200786.04,0.22,1,1,4086
2023-01-30,SKU_032,Amazon,North,78,79279.2,0.16,0,1,1210
2023-03-14,SKU_045,Retail,West,53,138160.4,0.05,1,1,2744
2023-06-28,SKU_049,Amazon,Central,16,76625.59999999999,0.17,1,0,5770
2023-06-22,SKU_010,Retail,North,67,226547.1,0.1,0,0,3757
2023-03-29,SKU_035,Distributor,South,76,82182.6,0.11,0,0,1215
2023-03-04,SKU_038,Distributor,South,99,256753.53,0.13,0,1,2981
2023-01-18,SKU_007,Flipkart,North,79,361372.86,0.14,1,1,5319
2023-01-13,SKU_040,Retail,West,40,167932.8,0.02,0,0,4284
2023-05-23,SKU_041,Retail,West,53,92312.22,0.22,0,1,2233
2023-06-08,SKU_041,Amazon,East,44,138710.88,0.19,0,0,3892
2023-04-30,SKU_005,D2C,South,41,100592.68,0.17,1,0,2956
2023-04-30,SKU_003,Retail,West,47,78960.0,0.2,0,1,2100
2023-05-20,SKU_003,D2C,West,75,229852.5,0.05,1,1,3226
2023-02-09,SKU_023,Retail,Central,18,67508.28,0.14,0,1,4361
2023-04-05,SKU_021,Retail,West,29,114617.86,0.02,0,0,4033
2023-03-12,SKU_025,Distributor,Central,74,320656.8,0.08,0,0,4710
2023-03-28,SKU_035,D2C,North,79,183564.4,0.26,1,1,3140
2023-01-23,SKU_023,D2C,North,36,53222.4,0.2,1,0,1848
2023-03-25,SKU_023,Amazon,East,83,231470.40000000002,0.2,1,0,3486
2023-04-25,SKU_018,Retail,South,69,233251.05,0.03,1,0,3485
2023-03-11,SKU_025,Flipkart,South,44,43683.2,0.27,0,0,1360
2023-05-10,SKU_002,Retail,West,1,3156.66,0.29,1,1,4446
2023-04-02,SKU_001,Retail,North,16,66814.08,0.11,0,1,4692
2023-05-05,SKU_040,Amazon,South,36,104207.04,0.16,1,0,3446
2023-03-31,SKU_042,D2C,North,65,315376.1,0.03,1,0,5002
2023-05-14,SKU_026,Flipkart,West,65,162773.0,0.24,0,0,3295
2023-03-24,SKU_036,Flipkart,South,40,55406.4,0.03,0,1,1428
2023-02-24,SKU_027,D2C,South,45,234391.5,0.02,0,0,5315
2023-04-24,SKU_024,Flipkart,North,49,99716.96,0.21,0,1,2576
2023-06-23,SKU_038,Amazon,South,45,202765.50000000003,0.18,1,1,5495
2023-01-25,SKU_046,Amazon,West,53,234831.87,0.09,1,0,4869
2023-05-06,SKU_048,D2C,South,49,137168.63999999998,0.28,1,0,3888
2023-04-12,SKU_026,Distributor,East,16,74043.84,0.22,0,0,5933
2023-04-20,SKU_012,Flipkart,Central,45,203079.6,0.24,1,1,5938
2023-06-03,SKU_046,Flipkart,West,49,130507.58,0.14,0,0,3097
2023-06-17,SKU_017,D2C,Central,69,106749.20999999999,0.29,0,0,2179
2023-05-04,SKU_046,Flipkart,West,33,56240.25,0.15,1,0,2005
2023-04-05,SKU_019,Retail,South,54,214095.42,0.23,0,1,5149
2023-02-28,SKU_042,Distributor,East,61,327672.48,0.07,0,1,5776
2023-01-01,SKU_007,Distributor,East,47,127824.95999999999,0.04,1,1,2833
2023-03-14,SKU_009,Retail,West,14,63962.64,0.16,1,1,5439
2023-03-06,SKU_021,Amazon,East,70,207995.19999999998,0.02,1,1,3032
2023-02-24,SKU_024,Distributor,East,64,106870.40000000001,0.09,0,1,1835
2023-05-26,SKU_010,Retail,West,54,219606.66,0.09,1,0,4469
2023-01-17,SKU_029,Retail,East,50,203252.5,0.05,1,1,4279
2023-03-28,SKU_036,Distributor,South,14,67708.2,0.06,1,1,5145
2023-06-09,SKU_006,Amazon,East,65,83831.8,0.24,0,1,1697
2023-06-18,SKU_042,Distributor,Central,79,61804.86,0.22,1,0,1003
2023-03-30,SKU_005,D2C,West,27,56712.149999999994,0.05,1,0,2211
2023-04-06,SKU_020,D2C,West,76,423514.56,0.07,1,0,5992
2023-04-24,SKU_006,Flipkart,West,72,69577.2,0.23,0,0,1255
2023-06-03,SKU_031,Retail,South,27,44358.299999999996,0.3,0,0,2347
2023-06-17,SKU_040,Retail,West,42,150790.08000000002,0.24,0,0,4724
2023-05-24,SKU_030,D2C,West,22,75806.5,0.23,1,0,4475
2023-06-19,SKU_027,Flipkart,East,48,41690.88,0.23,0,1,1128
2023-01-18,SKU_027,D2C,East,58,79239.6,0.1,1,1,1518
2023-04-27,SKU_004,Retail,Central,23,97375.79,0.29,1,0,5963
2023-01-31,SKU_029,Retail,West,57,195817.80000000002,0.11,1,1,3860
2023-02-02,SKU_023,Amazon,North,62,88585.59999999999,0.05,1,1,1504
2023-04-20,SKU_048,Amazon,Central,63,211570.38,0.19,1,1,4146
2023-03-25,SKU_034,Flipkart,South,59,249607.17,0.19,0,0,5223
2023-04-07,SKU_042,D2C,East,25,48510.0,0.1,0,1,2156
2023-06-22,SKU_034,Flipkart,Central,47,37007.33,0.29,0,1,1109
2023-02-15,SKU_046,Distributor,South,57,284715.0,0.1,1,0,5550
2023-04-16,SKU_024,D2C,West,79,354216.25,0.15,0,1,5275
2023-05-21,SKU_012,Amazon,Central,50,94332.5,0.03,0,1,1945
2023-05-22,SKU_042,Flipkart,South,58,160718.58000000002,0.19,0,1,3421
2023-04-19,SKU_046,D2C,East,31,127990.01,0.11,1,1,4639
2023-06-25,SKU_030,Amazon,East,26,69994.08,0.28,1,1,3739
2023-04-10,SKU_010,D2C,East,24,56016.0,0.25,1,0,3112
2023-02-04,SKU_032,Flipkart,South,41,165607.2,0.1,1,0,4488
2023-03-08,SKU_008,Amazon,Central,91,413973.56,0.23,1,0,5908
2023-02-25,SKU_007,Flipkart,East,41,82183.68,0.13,0,0,2304
2023-06-30,SKU_023,Amazon,East,57,61249.92,0.27,1,1,1472
2023-02-16,SKU_015,D2C,Central,61,304242.99,0.07,0,0,5363
2023-06-16,SKU_014,Retail,South,28,78658.72,0.21,0,1,3556
2023-06-13,SKU_040,Amazon,Central,41,60255.65,0.15,1,1,1729
2023-02-02,SKU_043,Amazon,East,62,277912.52,0.21,0,0,5674
2023-06-23,SKU_027,Amazon,South,58,157802.91999999998,0.17,1,0,3278
2023-04-26,SKU_001,Distributor,West,10,47647.6,0.02,1,0,4862
2023-01-27,SKU_036,D2C,Central,61,290360.0,0.2,0,1,5950
2023-04-29,SKU_023,D2C,Central,38,35086.16,0.18,0,1,1126
2023-05-14,SKU_047,Flipkart,South,39,74589.84,0.22,1,0,2452
2023-01-10,SKU_017,Retail,Central,58,224139.84,0.17,1,0,4656
2023-06-21,SKU_037,Amazon,Central,80,351056.8,0.17,0,1,5287
2023-02-12,SKU_036,Distributor,North,45,200920.94999999998,0.03,0,1,4603
2023-05-20,SKU_006,Distributor,North,73,168542.4,0.04,0,1,2405
2023-05-23,SKU_008,Retail,North,21,60530.4,0.2,0,1,3603
2023-05-27,SKU_036,Amazon,East,52,94276.0,0.26,1,1,2450
2023-02-08,SKU_012,D2C,Central,39,209010.75,0.03,0,0,5525
2023-05-09,SKU_020,Amazon,South,55,240903.3,0.26,1,1,5919
2023-03-05,SKU_050,Flipkart,North,44,147585.24000000002,0.19,1,1,4141
2023-01-23,SKU_049,Flipkart,Central,23,23357.88,0.09,1,1,1116
2023-04-07,SKU_025,Retail,West,32,138400.0,0.0,0,0,4325
2023-06-27,SKU_028,Retail,West,17,43306.65,0.15,0,1,2997
2023-02-28,SKU_049,Retail,South,23,22869.36,0.28,0,1,1381
2023-02-05,SKU_027,Amazon,South,59,270700.26,0.06,0,0,4881
2023-02-13,SKU_036,Retail,West,44,139856.63999999998,0.16,0,0,3784
2023-06-19,SKU_007,D2C,South,54,77500.8,0.08,1,0,1560
2023-06-07,SKU_007,Distributor,West,86,116210.93999999999,0.07,0,0,1453
2023-05-28,SKU_025,Retail,West,44,118704.95999999999,0.28,1,0,3747
2023-01-11,SKU_020,Flipkart,Central,62,106644.95999999999,0.28,1,1,2389
2023-03-23,SKU_031,Distributor,North,50,157185.0,0.3,0,0,4491
2023-02-16,SKU_014,D2C,South,105,177625.34999999998,0.07,1,1,1819
2023-03-07,SKU_003,Retail,South,0,0.0,0.15,0,1,1700
2023-06-16,SKU_025,Retail,North,35,50836.8,0.11,0,0,1632
2023-03-01,SKU_049,Flipkart,East,63,191819.25,0.05,1,0,3205
2023-04-01,SKU_024,Flipkart,West,34,135221.4,0.1,0,0,4419
2023-05-20,SKU_002,Retail,North,61,57924.380000000005,0.21,1,0,1202
2023-02-17,SKU_012,Retail,Central,48,207012.96,0.23,0,0,5601
2023-05-13,SKU_022,Amazon,East,67,96055.22,0.03,1,1,1478
2023-05-20,SKU_040,Flipkart,North,27,39722.4,0.2,0,1,1839
2023-06-05,SKU_026,Amazon,East,53,129838.87000000001,0.21,0,0,3101
2023-05-21,SKU_004,Amazon,Central,59,235371.06,0.26,0,1,5391
2023-01-05,SKU_012,D2C,East,52,80104.95999999999,0.17,0,1,1856
2023-04-08,SKU_021,Flipkart,South,52,59319.0,0.25,1,1,1521
2023-03-15,SKU_018,Amazon,North,74,74094.72,0.04,1,0,1043
2023-01-26,SKU_013,Amazon,South,16,57688.96,0.21,1,1,4564
2023-01-20,SKU_008,Retail,North,52,61110.4,0.2,0,0,1469
2023-05-14,SKU_025,Distributor,East,25,115476.5,0.14,0,0,5371
2023-04-22,SKU_040,Retail,East,65,171112.5,0.19,1,0,3250
2023-06-06,SKU_028,Distributor,South,33,49031.4,0.24,1,0,1955
2023-03-11,SKU_026,Distributor,South,0,0.0,0.19,1,1,5042
2023-05-26,SKU_003,Distributor,West,65,66576.25,0.15,0,1,1205
2023-05-17,SKU_046,Flipkart,West,44,37628.8,0.2,1,0,1069
2023-05-20,SKU_005,Amazon,East,57,204193.38,0.26,1,1,4841
2023-06-07,SKU_037,D2C,Central,78,251203.68000000002,0.19,1,0,3976
2023-05-02,SKU_035,D2C,East,57,261742.86,0.03,0,0,4734
2023-01-08,SKU_024,Amazon,Central,53,141249.24,0.01,0,1,2692
2023-06-08,SKU_023,Retail,East,49,194397.69999999998,0.03,1,1,4090
2023-05-15,SKU_034,Retail,East,27,91909.08,0.24,0,0,4479
2023-02-20,SKU_029,Retail,Central,45,90794.7,0.21,1,1,2554
2023-02-17,SKU_033,D2C,Central,89,118115.45999999999,0.27,0,0,1818
2023-05-02,SKU_012,D2C,East,42,124745.87999999999,0.03,0,1,3062
2023-06-13,SKU_011,Retail,South,46,130517.64,0.01,1,1,2866
2023-04-20,SKU_033,Flipkart,Central,75,74941.5,0.06,0,0,1063
2023-01-15,SKU_003,Retail,West,19,44316.36,0.24,1,1,3069
2023-03-10,SKU_033,Retail,Central,62,316827.44,0.14,1,1,5942
2023-02-07,SKU_038,Amazon,East,18,69012.0,0.25,1,1,5112
2023-03-12,SKU_002,D2C,West,57,156061.44,0.07,0,0,2944
2023-03-27,SKU_046,Amazon,Central,49,157601.63999999998,0.16,0,1,3829
2023-04-01,SKU_020,Flipkart,South,62,200180.64,0.12,1,1,3669
2023-04-01,SKU_020,Amazon,West,29,114253.04,0.12,0,1,4477
2023-03-24,SKU_030,D2C,West,39,135149.04,0.28,1,0,4813
2023-04-25,SKU_033,D2C,South,63,192326.4,0.04,1,1,3180
2023-01-11,SKU_027,Flipkart,North,39,53915.16,0.24,0,1,1819
2023-05-04,SKU_021,D2C,East,65,315642.6,0.16,1,1,5781
2023-05-08,SKU_017,Distributor,East,54,121965.48000000001,0.09,0,0,2482
2023-06-27,SKU_018,Retail,Central,41,184186.76,0.08,1,0,4883
2023-02-12,SKU_040,Amazon,East,43,54390.700000000004,0.09,0,1,1390
2023-02-14,SKU_022,D2C,West,50,80213.0,0.02,0,1,1637
2023-01-27,SKU_040,D2C,Central,45,43533.0,0.3,1,0,1382
2023-01-03,SKU_012,D2C,West,64,112464.0,0.25,0,0,2343
2023-05-24,SKU_037,Flipkart,Central,42,36254.4,0.17,0,1,1040
2023-05-23,SKU_002,Amazon,North,38,110380.5,0.25,0,1,3873
2023-04-07,SKU_049,D2C,Central,68,51575.96,0.27,0,1,1039
2023-02-07,SKU_041,Amazon,North,41,134656.71,0.17,0,1,3957
2023-01-11,SKU_043,D2C,West,39,172977.48,0.08,0,1,4821
2023-02-22,SKU_028,Flipkart,West,0,0.0,0.25,0,1,3075
2023-05-30,SKU_028,Retail,Central,29,136146.01,0.09,0,0,5159
2023-01-09,SKU_008,Amazon,West,33,139265.28,0.16,1,1,5024
2023-06-05,SKU_032,Flipkart,South,39,71842.68,0.14,0,0,2142
2023-01-14,SKU_049,Retail,South,35,33169.5,0.1,1,1,1053
2023-05-27,SKU_004,Distributor,North,69,93097.56,0.11,1,1,1516
2023-03-24,SKU_001,Retail,East,34,172763.52,0.04,1,0,5293
2023-06-21,SKU_034,Retail,Central,35,77940.09999999999,0.06,1,0,2369
2023-01-03,SKU_034,Retail,Central,53,166503.21,0.13,1,1,3611
2023-05-11,SKU_035,D2C,South,27,79870.86,0.06,1,1,3147
2023-06-25,SKU_034,Distributor,East,81,234203.40000000002,0.21,0,0,3660
2023-02-23,SKU_038,D2C,North,66,281556.0,0.25,1,0,5688
2023-04-09,SKU_045,Retail,West,26,113367.54,0.27,1,0,5973
2023-03-08,SKU_033,Flipkart,West,70,322509.60000000003,0.19,1,1,5688
2023-04-16,SKU_017,Retail,North,74,172027.80000000002,0.19,0,1,2870
2023-03-31,SKU_032,Flipkart,East,27,83538.0,0.09,0,1,3400
2023-01-02,SKU_018,Flipkart,South,26,50783.2,0.05,1,0,2056
2023-01-30,SKU_039,Amazon,West,37,116594.40000000001,0.2,1,0,3939
2023-04-01,SKU_015,Distributor,Central,21,51659.37,0.19,1,1,3037
2023-02-28,SKU_021,Distributor,West,34,55425.439999999995,0.29,0,0,2296
2023-05-22,SKU_027,Retail,South,41,141815.31,0.09,1,0,3801
2023-01-14,SKU_040,Distributor,South,60,310521.0,0.11,1,1,5815
2023-02-15,SKU_003,Amazon,West,51,56459.04,0.26,0,0,1496
2023-04-21,SKU_002,Flipkart,South,47,49087.27,0.29,0,1,1471
2023-01-15,SKU_009,Retail,North,40,197288.0,0.09,1,1,5420
2023-04-01,SKU_015,Amazon,East,23,39011.22,0.19,0,0,2094
2023-01-01,SKU_006,Amazon,North,61,265156.01999999996,0.07,0,1,4674
2023-06-07,SKU_038,Distributor,East,61,114277.4,0.24,1,0,2465
2023-04-10,SKU_043,Retail,Central,37,27530.96,0.29,0,0,1048
2023-04-19,SKU_042,Amazon,South,27,75322.17,0.23,0,1,3623
2023-06-01,SKU_003,Retail,East,81,285622.2,0.1,1,0,3918
2023-01-24,SKU_025,Flipkart,South,54,235627.38,0.19,0,1,5387
2023-01-07,SKU_014,Flipkart,South,57,139864.32,0.28,0,0,3408
2023-01-18,SKU_014,Distributor,Central,58,215627.76,0.08,1,0,4041
2023-05-01,SKU_035,D2C,West,25,34013.0,0.14,0,1,1582
2023-05-12,SKU_006,Flipkart,West,79,417913.16,0.02,1,0,5398
2023-05-09,SKU_017,D2C,Central,41,145539.75,0.25,1,1,4733
2023-02-14,SKU_046,Amazon,South,66,130273.44,0.12,0,0,2243
2023-03-22,SKU_042,D2C,East,79,70731.86,0.11,0,1,1006
2023-03-06,SKU_016,Distributor,North,51,263002.41,0.01,1,1,5209
2023-04-08,SKU_048,Distributor,East,26,67165.8,0.21,0,0,3270
2023-01-24,SKU_044,Flipkart,West,0,0.0,0.18,0,0,3214
2023-05-13,SKU_033,Distributor,North,49,181182.40000000002,0.2,0,0,4622
2023-01-27,SKU_023,Distributor,East,55,85626.75,0.03,0,0,1605
2023-01-25,SKU_030,Distributor,East,38,53806.48,0.09,1,1,1556
2023-05-21,SKU_032,Retail,South,52,278512.0,0.0,0,1,5356
2023-06-28,SKU_010,Distributor,South,58,280238.6,0.05,0,1,5086
2023-05-08,SKU_007,Distributor,East,69,162312.15,0.09,1,0,2585
2023-04-13,SKU_030,D2C,South,45,175232.25,0.05,0,1,4099
2023-04-29,SKU_044,D2C,West,49,154308.84,0.08,0,0,3423
2023-04-29,SKU_043,Distributor,East,46,220868.08000000002,0.08,0,0,5219
2023-01-21,SKU_038,D2C,West,50,118335.0,0.02,1,1,2415
2023-01-20,SKU_045,D2C,North,39,57554.64,0.12,1,1,1677
2023-05-25,SKU_013,Amazon,West,39,36186.15,0.23,0,1,1205
2023-06-05,SKU_041,D2C,West,40,125363.2,0.17,0,0,3776
2023-03-26,SKU_021,D2C,South,53,62412.8,0.2,1,1,1472
2023-03-26,SKU_018,D2C,Central,33,34528.56,0.12,0,0,1189
2023-05-14,SKU_008,Amazon,West,40,58624.8,0.22,1,1,1879
2023-03-12,SKU_003,D2C,Central,86,197077.6,0.15,1,0,2696
2023-01-17,SKU_035,D2C,Central,67,312619.32,0.22,0,0,5982
2023-01-14,SKU_036,D2C,North,30,41832.0,0.16,1,0,1660
2023-01-30,SKU_033,Distributor,East,67,248074.19999999998,0.15,0,1,4356
2023-04-04,SKU_042,D2C,North,62,231616.5,0.15,1,1,4395
2023-02-16,SKU_006,Retail,South,47,94550.84,0.24,0,0,2647
2023-03-03,SKU_025,Retail,Central,35,58529.1,0.06,0,1,1779
2023-06-02,SKU_019,D2C,Central,33,108519.18,0.17,1,0,3962
2023-06-17,SKU_005,Amazon,West,54,277326.72000000003,0.12,0,0,5836
2023-04-05,SKU_042,Distributor,North,33,83259.0,0.13,1,1,2900
2023-02-05,SKU_038,D2C,North,71,83287.26,0.02,0,0,1197
2023-02-15,SKU_040,Amazon,Central,77,163856.0,0.24,1,0,2800
2023-06-13,SKU_023,Distributor,South,49,77924.7,0.05,0,1,1674
2023-06-18,SKU_009,Retail,North,72,132148.8,0.3,0,0,2622
2023-05-08,SKU_041,Distributor,North,41,200670.4,0.08,1,1,5320
2023-04-09,SKU_050,Flipkart,East,35,122577.0,0.22,0,0,4490
2023-02-07,SKU_009,Amazon,West,72,161118.72,0.28,1,0,3108
2023-04-18,SKU_001,Distributor,South,81,70915.5,0.15,0,1,1030
2023-04-21,SKU_017,Distributor,East,89,120587.87999999999,0.16,1,0,1613
2023-05-08,SKU_019,Amazon,West,56,144624.48,0.09,1,1,2838
2023-06-10,SKU_043,Amazon,South,67,61146.21,0.13,1,0,1049
2023-05-24,SKU_008,D2C,North,56,94580.64,0.01,1,1,1706
2023-05-16,SKU_013,Retail,North,78,353664.48,0.24,1,1,5966
2023-05-05,SKU_036,Amazon,South,58,69267.66,0.23,0,1,1551
2023-01-21,SKU_031,D2C,West,66,66393.36,0.17,1,0,1212
2023-05-07,SKU_021,Retail,West,27,41310.0,0.1,0,0,1700
2023-04-02,SKU_048,Distributor,North,45,101390.4,0.04,0,1,2347
2023-03-11,SKU_012,Amazon,South,66,138258.12,0.09,0,1,2302
2023-04-11,SKU_024,Retail,West,64,92112.0,0.05,1,0,1515
2023-01-04,SKU_040,Amazon,North,67,115374.0,0.16,0,1,2050
2023-03-26,SKU_031,D2C,Central,52,209461.2,0.13,0,0,4630
2023-04-14,SKU_025,Flipkart,East,36,40785.84,0.26,0,1,1531
2023-06-06,SKU_010,D2C,North,48,71114.4,0.15,1,0,1743
2023-02-04,SKU_041,Flipkart,East,50,218988.0,0.23,0,0,5688
2023-02-16,SKU_046,D2C,Central,54,240155.82,0.11,1,0,4997
2023-05-23,SKU_039,Amazon,East,30,37848.0,0.17,0,1,1520
2023-01-19,SKU_039,D2C,East,44,129855.0,0.25,1,0,3935
2023-06-06,SKU_015,Flipkart,West,48,266293.44,0.02,1,1,5661
2023-01-09,SKU_007,Retail,North,5,6548.85,0.19,1,0,1617
2023-04-16,SKU_019,D2C,East,66,76251.78,0.01,0,1,1167
2023-06-26,SKU_043,Amazon,North,53,119211.84,0.04,1,1,2343
2023-05-06,SKU_027,D2C,Central,55,105547.2,0.04,0,1,1999
2023-01-30,SKU_040,Retail,South,39,199266.21,0.01,1,1,5161
2023-04-28,SKU_039,Retail,West,61,129551.8,0.26,1,1,2870
2023-04-19,SKU_013,Retail,West,33,49717.8,0.19,0,1,1860
2023-05-17,SKU_015,Retail,North,36,152626.32,0.23,0,0,5506
2023-04-13,SKU_048,Retail,East,62,172871.5,0.05,0,1,2935
2023-05-03,SKU_020,Flipkart,South,57,266982.87,0.21,1,0,5929
2023-04-19,SKU_016,Retail,West,24,47841.840000000004,0.19,0,1,2461
2023-01-11,SKU_023,Retail,East,81,113582.25,0.21,1,0,1775
2023-05-29,SKU_009,Retail,South,34,77467.64,0.26,1,1,3079
2023-06-13,SKU_047,Retail,West,47,63330.62,0.11,0,0,1514
2023-01-13,SKU_047,Retail,Central,84,348055.68,0.06,0,1,4408
2023-02-04,SKU_039,Flipkart,North,8,34903.44,0.01,1,0,4407
2023-06-08,SKU_038,Amazon,Central,15,19311.3,0.14,1,0,1497
2023-05-05,SKU_020,Distributor,West,58,293374.44,0.13,1,0,5814
2023-01-09,SKU_037,Distributor,West,0,0.0,0.04,1,1,3429
2023-03-03,SKU_028,Retail,Central,9,36195.12,0.22,1,1,5156
2023-04-23,SKU_032,Amazon,East,73,116896.36,0.02,0,1,1634
2023-01-01,SKU_033,Amazon,North,41,53129.44,0.09,1,1,1424
2023-05-18,SKU_028,Flipkart,East,93,135616.32,0.02,0,1,1488
2023-01-17,SKU_009,Amazon,North,29,83752.0,0.2,0,1,3610
2023-06-08,SKU_034,Flipkart,West,43,76429.92,0.08,0,0,1932
2023-02-11,SKU_030,Flipkart,South,60,178383.0,0.03,0,0,3065
2023-06-04,SKU_002,D2C,Central,59,272716.29,0.13,0,0,5313
2023-02-18,SKU_015,Flipkart,East,44,70139.52,0.19,1,1,1968
2023-06-26,SKU_026,Distributor,North,37,177995.16,0.08,1,1,5229
2023-06-23,SKU_030,Amazon,West,54,53113.32,0.22,1,1,1261
2023-04-08,SKU_040,Retail,Central,77,65465.4,0.22,0,1,1090
2023-02-27,SKU_020,D2C,West,65,227155.5,0.01,0,1,3530
2023-03-02,SKU_007,Distributor,East,37,167811.28,0.11,0,0,5096
2023-06-09,SKU_048,Retail,North,30,136206.0,0.06,1,1,4830
2023-03-06,SKU_030,Retail,North,36,29543.76,0.26,0,1,1109
2023-06-12,SKU_004,Retail,South,24,63705.12,0.26,1,1,3587
2023-06-04,SKU_048,Amazon,Central,52,203403.2,0.12,1,0,4445
2023-01-07,SKU_022,Distributor,North,66,346943.52,0.02,0,1,5364
2023-05-06,SKU_009,Distributor,North,48,158430.72,0.02,0,0,3368
2023-03-06,SKU_036,Distributor,West,84,190713.6,0.12,0,0,2580
2023-04-01,SKU_014,D2C,East,85,137955.0,0.25,0,1,2164
2023-06-27,SKU_036,Flipkart,East,56,39760.0,0.29,1,0,1000
2023-05-13,SKU_025,Amazon,Central,64,62707.2,0.29,1,0,1380
2023-03-05,SKU_043,Flipkart,North,31,113305.0,0.15,1,1,4300
2023-02-01,SKU_037,Amazon,South,42,41748.0,0.29,1,1,1400
2023-05-17,SKU_014,D2C,Central,75,155893.5,0.02,0,1,2121
2023-02-14,SKU_048,Amazon,North,38,160466.4,0.28,0,1,5865
2023-02-12,SKU_010,D2C,West,79,214375.98,0.02,1,1,2769
2023-04-18,SKU_012,Amazon,South,72,233690.4,0.07,1,1,3490
2023-06-15,SKU_016,Retail,Central,65,184421.25,0.03,1,0,2925
2023-04-16,SKU_034,Retail,North,26,52004.68,0.09,0,0,2198
2023-06-13,SKU_023,Flipkart,West,43,45343.5,0.05,1,0,1110
2023-04-30,SKU_015,Amazon,South,62,251326.3,0.15,0,0,4769
2023-03-25,SKU_012,Flipkart,West,30,163353.6,0.04,0,0,5672
2023-03-21,SKU_045,Amazon,North,46,159674.74,0.29,0,0,4889
2023-06-03,SKU_011,Flipkart,South,65,131804.4,0.16,0,0,2414
2023-02-01,SKU_030,Distributor,East,38,89376.0,0.16,1,0,2800
2023-05-01,SKU_004,Amazon,West,33,113319.36,0.16,0,0,4088
2023-05-05,SKU_013,Retail,North,13,12211.68,0.24,1,1,1236
2023-02-21,SKU_012,Distributor,North,42,79017.12,0.28,1,1,2613
2023-06-02,SKU_024,D2C,East,65,121582.5,0.14,1,1,2175
2023-05-27,SKU_004,Flipkart,South,32,120545.28,0.04,1,1,3924
2023-04-16,SKU_011,Amazon,South,50,179446.0,0.17,1,0,4324
2023-03-03,SKU_003,Distributor,North,45,186432.3,0.13,1,0,4762
2023-04-10,SKU_036,Distributor,West,36,149264.63999999998,0.04,1,1,4319
2023-01-29,SKU_026,Flipkart,Central,66,249232.5,0.05,1,0,3975
2023-05-16,SKU_041,Distributor,East,82,109517.56,0.14,0,1,1553
2023-03-13,SKU_006,Retail,West,70,120794.09999999999,0.03,0,1,1779
2023-03-09,SKU_035,Retail,North,36,145081.44,0.26,1,1,5446
2023-02-21,SKU_005,Distributor,North,89,284910.36,0.16,0,1,3811
2023-05-30,SKU_043,Retail,Central,70,235381.30000000002,0.23,0,1,4367
2023-05-22,SKU_011,Retail,North,40,164416.0,0.2,0,0,5138
2023-06-19,SKU_030,D2C,East,34,86959.76,0.14,1,0,2974
2023-02-22,SKU_020,D2C,Central,72,122040.0,0.0,0,0,1695
2023-05-10,SKU_039,Flipkart,East,53,75241.98,0.01,0,1,1434
2023-02-21,SKU_036,Amazon,South,32,70309.12,0.24,0,0,2891
2023-06-21,SKU_006,Retail,West,47,131675.19999999998,0.15,0,1,3296
2023-04-15,SKU_016,Distributor,West,41,101814.48,0.28,1,1,3449
2023-06-12,SKU_026,Retail,West,33,165767.58,0.14,0,1,5841
2023-06-09,SKU_049,Amazon,Central,70,104857.2,0.27,1,0,2052
2023-02-06,SKU_044,D2C,Central,65,111984.59999999999,0.02,0,0,1758
2023-03-06,SKU_028,D2C,South,66,203742.0,0.02,0,1,3150
2023-06-26,SKU_050,Distributor,Central,66,333531.0,0.1,1,0,5615
2023-03-14,SKU_029,D2C,Central,31,99444.9,0.26,1,0,4335
2023-01-31,SKU_027,Amazon,North,37,62589.94,0.14,1,0,1967
2023-05-06,SKU_048,D2C,South,79,207258.87,0.09,1,0,2883
2023-06-22,SKU_033,D2C,East,52,45447.48,0.19,1,0,1079
2023-04-22,SKU_040,D2C,Central,20,36899.4,0.11,1,0,2073
2023-06-14,SKU_016,Flipkart,North,54,174348.72,0.09,0,0,3548
2023-02-14,SKU_019,Flipkart,East,63,224029.26,0.22,1,1,4559
2023-06-19,SKU_015,Retail,North,60,228624.0,0.12,0,1,4330
2023-01-15,SKU_045,Flipkart,Central,31,60351.42,0.29,0,0,2742
2023-01-20,SKU_022,Amazon,West,87,290884.5,0.25,0,0,4458
2023-06-03,SKU_026,D2C,South,19,50639.94,0.22,1,0,3417
2023-05-12,SKU_048,Flipkart,South,52,238212.0,0.1,1,0,5090
2023-06-24,SKU_013,Retail,West,84,180947.76,0.26,1,0,2911
2023-02-12,SKU_013,D2C,West,61,50810.56,0.24,0,0,1096
2023-04-29,SKU_027,Amazon,North,66,344124.0,0.0,1,0,5214
2023-01-29,SKU_018,Amazon,North,28,113146.88,0.18,0,1,4928
2023-05-02,SKU_008,Flipkart,West,56,45103.520000000004,0.23,1,0,1046
2023-01-29,SKU_049,Flipkart,West,49,54604.62,0.18,0,0,1359
2023-05-16,SKU_037,Distributor,Central,27,33364.98,0.18,1,0,1507
2023-03-14,SKU_029,D2C,West,67,109223.4,0.05,0,0,1716
2023-04-19,SKU_017,Distributor,East,33,82379.22,0.23,0,1,3242
2023-05-05,SKU_035,Amazon,South,35,51682.05,0.19,0,0,1823
2023-06-10,SKU_037,D2C,East,58,176862.3,0.13,0,0,3505
2023-05-19,SKU_012,D2C,South,47,157597.11,0.01,1,1,3387
2023-02-08,SKU_034,Flipkart,Central,53,243058.0,0.0,0,1,4586
2023-03-13,SKU_018,Distributor,West,45,223398.0,0.16,0,1,5910
2023-05-28,SKU_039,Distributor,West,78,72839.52,0.28,0,1,1297
2023-03-08,SKU_022,Amazon,West,31,152943.15,0.07,1,1,5305
2023-05-01,SKU_029,Amazon,Central,40,154061.6,0.23,0,0,5002
2023-06-04,SKU_003,Amazon,West,59,61286.25,0.25,1,0,1385
2023-04-22,SKU_021,Distributor,South,30,126890.4,0.02,0,0,4316
2023-02-08,SKU_007,Retail,West,29,146394.9,0.1,1,0,5609
2023-03-09,SKU_028,D2C,Central,52,128086.92000000001,0.19,0,0,3041
2023-02-23,SKU_036,D2C,Central,67,196770.96,0.28,1,1,4079
2023-05-19,SKU_041,Retail,West,69,361582.08,0.11,1,1,5888
2023-03-09,SKU_046,Distributor,East,51,91838.25,0.25,0,1,2401
2023-04-12,SKU_048,Flipkart,West,36,94109.4,0.03,0,0,2695
2023-02-23,SKU_017,Amazon,Central,55,284955.0,0.0,0,0,5181
2023-05-26,SKU_033,Retail,West,61,255971.25,0.25,0,0,5595
2023-04-15,SKU_048,Retail,North,55,180098.59999999998,0.29,1,0,4612
2023-05-17,SKU_034,Amazon,Central,74,162025.96,0.17,0,0,2638
2023-01-27,SKU_041,Distributor,West,29,95672.16,0.21,1,1,4176
2023-03-07,SKU_049,Amazon,East,36,116013.6,0.18,1,0,3930
2023-03-18,SKU_030,Amazon,Central,71,256214.86,0.06,1,0,3839
2023-05-18,SKU_005,Amazon,East,20,21181.6,0.17,0,1,1276
2023-04-19,SKU_048,Flipkart,South,39,58668.479999999996,0.04,0,1,1567
2023-04-20,SKU_032,D2C,North,35,109850.65000000001,0.09,0,0,3449
2023-04-10,SKU_030,D2C,South,18,22552.920000000002,0.21,1,1,1586
2023-04-01,SKU_045,Flipkart,Central,46,168599.2,0.12,1,1,4165
2023-05-21,SKU_013,Flipkart,South,64,164674.56,0.29,0,1,3624
2023-06-19,SKU_006,Distributor,North,53,45850.3,0.18,1,1,1055
2023-06-26,SKU_018,Retail,South,65,177359.0,0.3,0,1,3898
2023-02-22,SKU_006,Flipkart,East,73,339958.81,0.03,0,1,4801
2023-05-27,SKU_048,Retail,West,42,137121.6,0.12,0,1,3710
2023-06-02,SKU_046,Amazon,Central,102,295963.2,0.2,1,1,3627
2023-06-24,SKU_006,D2C,East,43,76430.34999999999,0.05,0,1,1871
2023-06-05,SKU_011,Amazon,West,45,99408.6,0.18,1,1,2694
2023-05-10,SKU_027,Amazon,East,35,40897.5,0.05,1,1,1230
2023-06-21,SKU_035,Retail,East,60,116456.40000000001,0.18,1,0,2367
2023-03-22,SKU_048,Retail,West,44,188424.72,0.26,1,0,5787
2023-01-09,SKU_026,Amazon,Central,48,155196.0,0.25,0,1,4311
2023-04-30,SKU_047,Amazon,South,45,196789.5,0.14,1,1,5085
2023-06-10,SKU_001,D2C,East,45,211612.5,0.01,0,0,4750
2023-04-12,SKU_037,Retail,Central,53,294304.23,0.01,0,0,5609
2023-03-09,SKU_023,Retail,South,40,193627.2,0.13,1,0,5564
2023-01-08,SKU_013,D2C,East,41,52491.479999999996,0.06,0,0,1362
2023-06-01,SKU_036,Flipkart,South,71,149477.72,0.27,1,0,2884
2023-05-12,SKU_025,Retail,South,44,137207.84,0.26,1,0,4214
2023-02-18,SKU_028,Amazon,North,57,224988.12,0.26,0,0,5334
2023-03-09,SKU_002,D2C,Central,32,26703.36,0.28,1,0,1159
2023-03-15,SKU_037,Distributor,North,41,72619.2,0.28,0,1,2460
2023-01-26,SKU_041,Distributor,South,25,94913.0,0.02,1,1,3874
2023-03-04,SKU_017,Retail,North,87,260099.55,0.05,1,0,3147
2023-03-27,SKU_015,D2C,West,77,203560.28,0.14,1,0,3074
2023-01-16,SKU_022,Amazon,Central,61,120165.12,0.24,0,0,2592
2023-03-17,SKU_014,Distributor,East,93,112768.08,0.08,0,0,1318
2023-04-15,SKU_037,D2C,North,65,200660.19999999998,0.29,1,0,4348
2023-01-14,SKU_036,Retail,East,46,162723.16,0.17,1,0,4262
2023-02-07,SKU_016,Distributor,East,57,199314.75,0.29,0,1,4925
2023-05-05,SKU_046,Retail,West,77,377766.62000000005,0.18,1,0,5983
2023-05-29,SKU_033,Amazon,Central,32,87143.36,0.17,0,1,3281
2023-02-19,SKU_026,Retail,East,26,76759.28,0.08,0,1,3209
2023-03-10,SKU_005,Flipkart,Central,58,117049.79999999999,0.07,1,0,2170
2023-05-08,SKU_006,Distributor,East,38,140001.88,0.18,1,1,4493
2023-04-15,SKU_045,Retail,East,4,11828.6,0.15,0,0,3479
2023-05-30,SKU_045,Distributor,Central,25,39445.0,0.3,1,1,2254
2023-03-03,SKU_017,D2C,North,43,59257.44,0.13,1,0,1584
2023-04-24,SKU_043,Amazon,West,50,177120.0,0.04,1,1,3690
2023-05-20,SKU_043,Retail,South,51,220059.9,0.05,0,1,4542
2023-05-14,SKU_041,D2C,South,90,156202.2,0.23,0,1,2254
2023-05-13,SKU_013,D2C,West,45,170853.30000000002,0.21,1,1,4806
2023-01-24,SKU_029,Distributor,East,55,178324.85,0.11,0,0,3643
2023-04-29,SKU_018,D2C,North,17,35156.85,0.15,1,0,2433
2023-02-23,SKU_029,Flipkart,South,49,82552.26,0.14,1,1,1959
2023-04-15,SKU_026,Distributor,South,56,83182.96,0.11,0,1,1669
2023-02-28,SKU_009,Distributor,North,22,105780.18,0.17,0,1,5793
2023-03-28,SKU_024,Distributor,Central,31,91977.0,0.25,1,1,3956
2023-05-13,SKU_015,Distributor,Central,59,205603.19999999998,0.28,1,1,4840
2023-02-11,SKU_036,Amazon,Central,39,64546.56,0.04,0,1,1724
2023-01-26,SKU_050,Flipkart,East,47,60615.9,0.1,1,1,1433
2023-01-13,SKU_027,Distributor,North,60,137520.0,0.2,1,1,2865
2023-03-26,SKU_030,Distributor,East,90,211878.0,0.21,0,1,2980
2023-06-24,SKU_044,Amazon,Central,45,87588.0,0.2,1,1,2433
2023-06-14,SKU_024,Amazon,West,85,165308.0,0.15,0,0,2288
2023-01-05,SKU_044,Distributor,West,10,29688.8,0.26,0,1,4012
2023-03-04,SKU_040,Distributor,East,52,99803.59999999999,0.15,1,0,2258
2023-02-18,SKU_021,Retail,Central,43,166564.80000000002,0.2,1,0,4842
2023-02-20,SKU_018,Distributor,East,39,104376.48,0.14,1,1,3112
2023-03-18,SKU_021,Distributor,Central,63,184766.4,0.06,1,0,3120
2023-02-24,SKU_042,Retail,West,45,53233.2,0.07,0,0,1272
2023-01-11,SKU_013,Amazon,North,9,36703.799999999996,0.16,0,1,4855
2023-04-17,SKU_042,D2C,West,18,55961.82,0.07,0,0,3343
2023-01-08,SKU_046,Amazon,West,64,61459.84,0.17,0,0,1157
2023-03-26,SKU_028,Distributor,East,17,52728.39,0.01,1,0,3133
2023-01-20,SKU_040,Distributor,East,64,246144.0,0.0,1,1,3846
2023-05-17,SKU_006,D2C,East,52,113530.56,0.12,0,0,2481
2023-04-25,SKU_027,Distributor,South,46,125472.36,0.22,0,1,3497
2023-04-13,SKU_019,D2C,South,48,155787.84,0.22,0,0,4161
2023-01-05,SKU_012,Flipkart,North,60,138846.0,0.27,0,1,3170
2023-02-19,SKU_005,Amazon,North,26,102617.84000000001,0.21,1,1,4996
2023-05-27,SKU_032,Distributor,West,50,44362.0,0.18,0,1,1082
2023-04-22,SKU_003,Distributor,North,27,99895.68,0.06,0,1,3936
2023-01-20,SKU_046,D2C,South,53,45749.600000000006,0.2,0,0,1079
2023-03-04,SKU_016,Retail,East,62,110555.29999999999,0.05,1,0,1877
2023-01-12,SKU_011,Flipkart,East,53,243897.52000000002,0.08,0,1,5002
2023-02-18,SKU_032,Distributor,East,62,288059.44,0.18,1,1,5666
2023-01-23,SKU_048,Retail,Central,35,110959.45000000001,0.21,1,1,4013
2023-06-18,SKU_049,Amazon,East,48,44556.96,0.11,1,0,1043
2023-04-02,SKU_015,Distributor,Central,45,178110.9,0.01,1,1,3998
2023-06-21,SKU_004,Retail,South,43,87609.06,0.23,0,0,2646
2023-05-31,SKU_005,Retail,East,33,107838.72,0.08,0,1,3552
2023-03-08,SKU_022,Retail,North,41,190542.17,0.09,0,0,5107
2023-05-31,SKU_041,D2C,Central,27,108502.2,0.29,1,0,5660
2023-03-07,SKU_046,Flipkart,South,16,61070.72,0.26,0,1,5158
2023-02-12,SKU_043,Distributor,North,35,104865.59999999999,0.04,0,1,3121
2023-06-04,SKU_037,Distributor,North,62,366929.64,0.01,0,1,5978
2023-06-17,SKU_032,Retail,Central,54,212139.0,0.25,1,0,5238
2023-06-16,SKU_029,Retail,South,24,34838.4,0.05,0,0,1528
2023-03-10,SKU_001,Retail,Central,41,199481.4,0.15,0,1,5724
2023-06-28,SKU_014,D2C,Central,63,225924.3,0.06,0,1,3815
2023-05-21,SKU_038,Distributor,North,41,149788.58,0.26,0,0,4937
2023-06-25,SKU_013,Amazon,East,21,20667.15,0.19,0,1,1215
2023-04-28,SKU_036,Flipkart,South,95,214593.6,0.22,1,0,2896
2023-04-06,SKU_009,Distributor,West,46,90995.36,0.21,0,0,2504
2023-05-27,SKU_025,Flipkart,South,26,50000.86,0.17,1,1,2317
2023-04-05,SKU_013,D2C,East,53,195546.15000000002,0.19,0,0,4555
2023-02-24,SKU_049,Retail,North,48,98985.59999999999,0.16,1,0,2455
2023-03-05,SKU_015,Distributor,North,19,61251.060000000005,0.22,0,1,4133
2023-06-26,SKU_024,Amazon,East,51,127627.49999999999,0.3,1,1,3575
2023-04-09,SKU_031,Amazon,West,69,96860.81999999999,0.26,1,1,1897
2023-05-01,SKU_009,D2C,South,45,190927.8,0.16,1,1,5051
2023-06-27,SKU_040,Retail,East,8,27290.88,0.08,1,1,3708
2023-03-15,SKU_026,Amazon,East,56,76591.2,0.03,0,0,1410
2023-04-18,SKU_025,Amazon,North,62,294389.64,0.19,1,0,5862
2023-06-07,SKU_039,Retail,South,38,77246.4,0.12,0,1,2310
2023-04-05,SKU_002,Amazon,West,38,113969.6,0.08,1,1,3260
2023-03-14,SKU_002,Retail,North,95,251532.44999999998,0.27,1,0,3627
2023-06-23,SKU_016,Flipkart,Central,36,123400.8,0.13,1,1,3940
2023-03-30,SKU_041,Amazon,South,27,42003.36,0.16,1,1,1852
2023-05-30,SKU_008,Distributor,East,50,83763.0,0.18,0,0,2043
2023-01-04,SKU_011,Retail,Central,61,236805.66,0.09,1,0,4266
2023-03-27,SKU_026,Amazon,South,60,255189.0,0.05,0,0,4477
2023-05-02,SKU_036,D2C,East,0,0.0,0.14,0,0,4509
2023-06-22,SKU_002,Retail,Central,36,167339.52,0.04,0,0,4842
2023-06-29,SKU_006,D2C,East,73,403049.79,0.01,0,1,5577
2023-06-17,SKU_016,Retail,West,56,114800.00000000001,0.18,1,0,2500
2023-05-22,SKU_005,D2C,West,25,71834.0,0.02,0,0,2932
2023-02-03,SKU_003,Retail,East,74,163003.5,0.01,1,1,2225
2023-04-25,SKU_004,Amazon,South,69,102732.72,0.26,1,1,2012
2023-04-23,SKU_033,Retail,North,44,79143.68,0.27,1,1,2464
2023-04-23,SKU_026,D2C,North,67,123363.75,0.25,1,1,2455
2023-01-23,SKU_004,Flipkart,South,89,374294.83999999997,0.06,0,0,4474
2023-02-15,SKU_030,D2C,West,28,76305.6,0.1,1,1,3028
2023-04-28,SKU_046,Amazon,West,61,336085.6,0.03,1,1,5680
2023-05-22,SKU_013,Distributor,West,89,93530.09999999999,0.07,1,1,1130
2023-02-26,SKU_026,Flipkart,East,63,117085.5,0.25,1,0,2478
2023-06-23,SKU_029,Flipkart,South,34,70800.23999999999,0.16,0,1,2479
2023-05-16,SKU_028,D2C,East,54,70956.0,0.25,1,1,1752
2023-03-08,SKU_037,D2C,South,77,135909.62,0.29,1,0,2486
2023-05-17,SKU_011,Amazon,West,29,71118.44,0.26,0,1,3314
2023-04-22,SKU_002,Retail,West,49,160616.61,0.01,1,0,3311
2023-03-10,SKU_046,D2C,East,45,75334.05,0.11,0,0,1881
2023-04-24,SKU_022,D2C,Central,37,148898.36,0.29,0,0,5668
2023-01-17,SKU_039,Distributor,West,54,221219.09999999998,0.07,0,0,4405
2023-03-06,SKU_024,Flipkart,North,47,146469.38999999998,0.27,0,1,4269
2023-02-08,SKU_030,Amazon,South,62,100038.24,0.19,0,1,1992
2023-05-15,SKU_043,Retail,North,72,230752.80000000002,0.1,0,1,3561
2023-06-29,SKU_026,Amazon,East,24,84292.56,0.13,1,0,4037
2023-04-30,SKU_012,Retail,South,51,212094.72,0.28,1,0,5776
2023-04-06,SKU_014,Amazon,West,48,168084.96,0.17,0,0,4219
2023-03-21,SKU_047,Distributor,Central,54,68753.87999999999,0.17,1,0,1534
2023-01-03,SKU_007,D2C,North,49,250166.07,0.01,0,0,5157
2023-05-26,SKU_022,Distributor,South,30,45709.8,0.26,1,1,2059
2023-01-27,SKU_027,D2C,West,79,209145.38999999998,0.13,1,0,3043
2023-06-20,SKU_016,Amazon,South,87,275292.36,0.16,0,1,3767
2023-04-25,SKU_049,Amazon,East,60,214156.80000000002,0.22,0,0,4576
2023-03-31,SKU_010,Retail,East,61,141859.16,0.06,0,0,2474
2023-03-03,SKU_015,D2C,West,52,138279.96000000002,0.19,0,1,3283
2023-02-06,SKU_021,D2C,South,69,193528.44,0.02,0,1,2862
2023-01-20,SKU_037,Distributor,East,1,2313.3399999999997,0.06,0,1,2461
2023-05-11,SKU_003,Amazon,South,49,114851.1,0.22,0,0,3005
2023-01-08,SKU_033,Amazon,East,38,87288.28,0.14,1,0,2671
2023-01-08,SKU_036,Distributor,South,52,180282.96,0.01,1,0,3502
2023-04-28,SKU_009,Flipkart,West,71,237516.30000000002,0.19,1,1,4130
2023-06-09,SKU_023,Amazon,South,50,256944.0,0.04,0,1,5353
2023-05-16,SKU_034,Distributor,Central,42,62764.8,0.2,1,0,1868
2023-02-20,SKU_024,Flipkart,West,21,60700.50000000001,0.18,1,0,3525
2023-01-27,SKU_019,Distributor,North,47,54246.93,0.21,0,0,1461
2023-01-07,SKU_040,Distributor,North,63,190411.2,0.2,0,0,3778
2023-06-09,SKU_014,Flipkart,South,33,142188.75,0.25,0,0,5745
2023-01-28,SKU_010,Flipkart,West,9,8402.4,0.2,1,1,1167
2023-05-20,SKU_034,D2C,East,95,453596.5,0.05,0,1,5026
2023-02-09,SKU_044,Amazon,West,56,233144.8,0.15,0,1,4898
2023-06-09,SKU_012,Amazon,West,45,239393.7,0.09,1,1,5846
2023-03-18,SKU_046,Flipkart,South,77,66487.19,0.21,0,1,1093
2023-04-07,SKU_025,D2C,West,52,176042.88,0.28,1,0,4702
2023-02-10,SKU_039,Flipkart,East,76,136746.8,0.05,0,0,1894
2023-04-15,SKU_023,Flipkart,East,74,290825.92,0.12,1,1,4466
2023-03-13,SKU_043,D2C,North,24,90936.0,0.1,1,0,4210
2023-03-20,SKU_007,Flipkart,South,59,66406.86,0.26,0,1,1521
2023-01-06,SKU_009,Amazon,East,84,263382.84,0.19,0,0,3871
2023-05-18,SKU_024,Distributor,Central,30,62323.799999999996,0.29,1,0,2926
2023-06-17,SKU_008,Amazon,North,30,24864.0,0.3,0,1,1184
2023-04-28,SKU_037,Amazon,Central,33,67001.22,0.22,1,1,2603
2023-01-13,SKU_025,Distributor,North,67,283369.8,0.16,0,0,5035
2023-05-07,SKU_020,Retail,Central,55,243104.4,0.16,0,1,5262
2023-06-24,SKU_015,Amazon,East,11,15290.44,0.24,0,0,1829
2023-04-02,SKU_014,Distributor,Central,56,59987.200000000004,0.2,1,1,1339
2023-06-07,SKU_022,Retail,North,44,89912.23999999999,0.17,1,0,2462
2023-05-11,SKU_012,Distributor,Central,47,223205.34999999998,0.05,1,1,4999
2023-01-03,SKU_048,D2C,West,33,47719.98,0.23,0,0,1878
2023-04-25,SKU_041,Distributor,West,56,88598.72,0.26,1,1,2138
2023-03-30,SKU_028,Flipkart,West,71,192875.75999999998,0.16,1,0,3234
2023-02-13,SKU_026,Flipkart,East,37,68395.24,0.26,1,0,2498
2023-01-13,SKU_035,Distributor,South,16,44372.159999999996,0.07,0,0,2982
2023-01-02,SKU_029,Amazon,Central,43,74204.24,0.12,0,0,1961
2023-03-23,SKU_003,Distributor,Central,65,129305.8,0.18,0,0,2426
2023-04-24,SKU_016,Retail,Central,41,172345.13999999998,0.01,1,1,4246
2023-02-18,SKU_003,Flipkart,North,20,26738.6,0.29,1,1,1883
2023-03-27,SKU_011,Amazon,East,65,309443.55,0.07,0,0,5119
2023-03-13,SKU_036,D2C,South,78,303870.06,0.07,0,1,4189
2023-05-23,SKU_036,Distributor,West,50,51356.0,0.26,1,1,1388
2023-06-24,SKU_001,Amazon,South,17,76867.2,0.04,0,1,4710
2023-04-23,SKU_012,Retail,Central,43,151635.19999999998,0.05,0,0,3712
2023-01-10,SKU_045,Retail,Central,53,143208.12,0.11,1,1,3036
2023-03-20,SKU_041,Amazon,West,33,79772.88,0.18,1,0,2948
2023-02-08,SKU_032,Flipkart,West,61,157549.58000000002,0.11,1,0,2902
2023-03-03,SKU_025,Retail,East,31,133647.2,0.2,1,0,5389
2023-03-06,SKU_028,Amazon,North,50,199616.5,0.29,1,0,5623
2023-04-18,SKU_004,D2C,West,45,236664.0,0.05,1,0,5536
2023-02-05,SKU_019,Flipkart,West,62,123107.2,0.27,0,0,2720
2023-02-09,SKU_008,Amazon,North,49,116150.58,0.22,1,1,3039
2023-05-04,SKU_021,Retail,West,46,130459.68,0.28,1,1,3939
2023-01-28,SKU_039,D2C,North,33,67314.72,0.12,1,0,2318
2023-06-29,SKU_011,Amazon,West,50,250184.0,0.12,0,0,5686
2023-01-20,SKU_020,Amazon,South,44,191000.47999999998,0.06,1,0,4618
2023-03-02,SKU_032,Flipkart,Central,32,70091.84,0.17,1,1,2639
2023-02-15,SKU_007,D2C,East,53,118993.48000000001,0.18,1,0,2738
2023-02-28,SKU_032,Distributor,West,57,282587.76,0.09,0,0,5448
2023-05-30,SKU_040,Retail,North,43,84675.59999999999,0.28,0,0,2735
2023-05-23,SKU_037,Amazon,West,68,302661.2,0.06,1,1,4735
2023-05-28,SKU_025,D2C,South,55,269588.0,0.12,1,1,5570
2023-05-15,SKU_041,Amazon,Central,24,113095.43999999999,0.07,0,0,5067
2023-03-20,SKU_010,Distributor,Central,76,353455.48000000004,0.21,1,0,5887
2023-06-15,SKU_027,Amazon,East,65,142912.9,0.06,1,0,2339
2023-06-25,SKU_028,Retail,Central,70,181981.80000000002,0.22,1,1,3333
2023-06-03,SKU_024,D2C,South,58,72203.04,0.16,0,1,1482
2023-01-10,SKU_006,Distributor,South,3,5190.3,0.21,1,1,2190
2023-03-05,SKU_021,Distributor,North,71,121135.23,0.29,1,1,2403
2023-01-15,SKU_045,Distributor,North,51,153742.05,0.01,1,0,3045
2023-04-04,SKU_005,Flipkart,North,57,129717.18,0.06,1,0,2421
2023-05-07,SKU_036,Amazon,South,60,286399.8,0.17,1,1,5751
2023-05-14,SKU_035,Flipkart,West,88,107205.12,0.28,0,1,1692
2023-03-27,SKU_039,Retail,Central,39,151232.63999999998,0.27,1,1,5312
2023-05-29,SKU_023,D2C,West,39,107083.86,0.06,1,1,2921
2023-03-31,SKU_003,Flipkart,North,32,79968.0,0.25,1,1,3332
2023-05-20,SKU_033,Distributor,North,28,38725.68,0.11,1,1,1554
2023-01-23,SKU_036,Distributor,Central,28,75517.4,0.05,1,0,2839
2023-02-02,SKU_045,Flipkart,Central,12,57130.2,0.15,0,1,5601
2023-04-04,SKU_013,D2C,West,58,259575.52,0.14,1,0,5204
2023-03-26,SKU_015,Retail,West,89,449029.92000000004,0.08,0,1,5484
2023-06-08,SKU_008,D2C,Central,91,355368.64999999997,0.17,0,0,4705
2023-03-16,SKU_024,Distributor,East,32,158548.8,0.15,1,0,5829
2023-02-14,SKU_006,Retail,East,44,124953.84000000001,0.19,1,0,3506
2023-01-02,SKU_026,Retail,North,74,279798.44,0.03,1,1,3898
2023-01-16,SKU_032,Retail,North,58,152966.88,0.01,1,0,2664
2023-04-13,SKU_014,Flipkart,East,52,256200.88,0.14,0,0,5729
2023-04-05,SKU_043,Distributor,West,44,122821.59999999999,0.15,0,0,3284
2023-05-07,SKU_004,Flipkart,North,73,401026.23,0.07,1,1,5907
2023-05-11,SKU_001,Retail,Central,28,46052.16,0.23,1,1,2136
2023-04-01,SKU_005,Retail,Central,59,169164.21,0.07,0,1,3083
2023-02-07,SKU_042,Retail,West,56,187220.88,0.01,0,1,3377
2023-04-29,SKU_002,Amazon,East,50,157432.0,0.12,0,0,3578
2023-06-16,SKU_018,Flipkart,West,65,171795.0,0.25,0,1,3524
2023-02-22,SKU_032,Retail,South,50,260917.5,0.05,1,0,5493
2023-04-21,SKU_040,Retail,North,39,46989.93,0.29,0,0,1697
2023-05-21,SKU_036,Retail,South,51,143345.7,0.1,0,1,3123
2023-04-20,SKU_013,Distributor,South,18,51975.0,0.25,1,1,3850
2023-05-30,SKU_024,Distributor,South,62,118471.46,0.11,1,1,2147
2023-04-11,SKU_002,Amazon,North,67,253785.94999999998,0.03,0,1,3905
2023-05-27,SKU_003,Distributor,South,36,114597.0,0.15,0,1,3745
2023-05-11,SKU_012,Retail,West,32,126504.0,0.25,0,0,5271
2023-01-19,SKU_013,D2C,East,37,35076.0,0.2,1,1,1185
2023-04-13,SKU_041,Retail,East,48,100249.44,0.27,1,1,2861
2023-02-17,SKU_012,Flipkart,West,54,199687.68,0.28,1,0,5136
2023-02-21,SKU_009,Retail,South,82,300707.12,0.02,0,1,3742
2023-03-14,SKU_043,D2C,South,79,237616.2,0.1,0,0,3342
2023-05-05,SKU_037,D2C,South,66,198396.0,0.28,1,0,4175
2023-01-22,SKU_023,Distributor,Central,52,57948.799999999996,0.3,1,1,1592
2023-02-17,SKU_005,Distributor,West,31,116169.40000000001,0.18,1,1,4570
2023-01-27,SKU_032,Amazon,North,83,158624.62,0.27,0,0,2618
2023-05-20,SKU_001,Amazon,North,45,116951.4,0.14,0,0,3022
2023-03-01,SKU_030,D2C,North,55,122156.1,0.19,1,0,2742
2023-04-06,SKU_037,D2C,East,62,104904.0,0.1,1,0,1880
2023-04-21,SKU_023,Retail,North,51,241796.1,0.09,1,1,5210
2023-05-22,SKU_030,Distributor,East,73,110097.14,0.27,0,1,2066
2023-04-15,SKU_026,Flipkart,South,59,72257.3,0.26,0,1,1655
2023-02-19,SKU_005,D2C,South,69,230041.86000000002,0.11,1,1,3746
2023-03-20,SKU_005,D2C,North,58,233173.91999999998,0.16,0,0,4786
2023-03-03,SKU_020,Flipkart,North,49,244159.16,0.14,1,0,5794
2023-06-20,SKU_042,Distributor,Central,51,130050.0,0.25,0,0,3400
2023-05-09,SKU_025,Retail,West,48,108207.35999999999,0.07,1,0,2424
2023-06-16,SKU_024,Retail,North,24,109554.0,0.05,0,1,4805
2023-02-24,SKU_021,Retail,North,29,96535.20000000001,0.2,1,0,4161
2023-06-22,SKU_041,Flipkart,West,64,331662.07999999996,0.06,1,0,5513
2023-04-20,SKU_019,Amazon,West,24,28753.92,0.28,1,0,1664
2023-01-19,SKU_035,Amazon,West,41,164967.6,0.16,0,1,4790
2023-01-04,SKU_043,Retail,South,28,30366.0,0.1,1,1,1205
2023-02-13,SKU_012,Flipkart,North,40,111488.40000000001,0.19,0,0,3441
2023-03-06,SKU_046,Amazon,West,46,78372.95999999999,0.07,0,1,1832
2023-01-02,SKU_014,Retail,Central,41,141149.88,0.27,1,0,4716
2023-05-01,SKU_018,Flipkart,South,21,96153.54,0.06,1,1,4871
2023-04-28,SKU_019,Distributor,South,46,225081.22,0.09,1,0,5377
2023-02-19,SKU_008,Distributor,North,30,57069.6,0.14,0,1,2212
2023-04-20,SKU_023,Flipkart,North,37,77850.22,0.02,0,1,2147
2023-01-03,SKU_036,Amazon,Central,64,134552.96,0.17,0,1,2533
2023-01-04,SKU_019,Amazon,South,69,205767.66,0.02,1,0,3043
2023-02-10,SKU_005,Distributor,Central,23,125922.23999999999,0.04,1,1,5703
2023-02-24,SKU_033,Retail,West,81,356864.94,0.03,0,1,4542
2023-02-11,SKU_041,Amazon,Central,39,106975.05,0.15,0,0,3227
2023-03-20,SKU_044,Distributor,Central,37,133246.62,0.19,1,0,4446
2023-04-03,SKU_002,Flipkart,West,32,147381.12,0.19,0,0,5686
2023-03-23,SKU_050,Amazon,Central,51,112258.65,0.05,1,1,2317
2023-02-25,SKU_046,Retail,Central,89,333672.57,0.01,1,1,3787
2023-05-06,SKU_027,Flipkart,Central,19,74746.0,0.0,1,0,3934
2023-03-04,SKU_050,Flipkart,East,8,31505.760000000002,0.19,1,1,4862
2023-06-21,SKU_035,Flipkart,North,55,222622.4,0.09,0,0,4448
2023-01-13,SKU_024,D2C,West,61,213765.96,0.13,0,0,4028
2023-02-13,SKU_031,D2C,North,51,210970.68,0.24,1,1,5443
2023-02-08,SKU_022,D2C,South,61,123509.75,0.09,1,0,2225
2023-03-14,SKU_002,Flipkart,East,27,47116.35,0.15,0,0,2053
2023-01-26,SKU_022,D2C,North,31,145777.5,0.05,1,1,4950
2023-02-28,SKU_001,Retail,West,52,211348.80000000002,0.1,0,1,4516
2023-06-03,SKU_007,Distributor,North,85,262220.75,0.21,1,1,3905
2023-05-10,SKU_006,Retail,Central,61,213110.82,0.22,1,1,4479
2023-01-16,SKU_019,Flipkart,North,62,170353.68,0.16,0,0,3271
2023-06-10,SKU_003,Amazon,Central,28,109280.64,0.06,1,0,4152
2023-01-23,SKU_022,Retail,North,58,225232.56,0.16,0,1,4623
2023-06-29,SKU_001,Amazon,East,26,101048.21999999999,0.07,0,1,4179
2023-02-11,SKU_019,Amazon,West,85,258267.4,0.26,1,1,4106
2023-06-17,SKU_045,Retail,North,29,114647.15,0.15,0,1,4651
2023-01-20,SKU_017,D2C,South,34,90624.95999999999,0.28,0,0,3702
2023-05-18,SKU_006,Flipkart,East,20,56891.600000000006,0.18,0,1,3469
2023-01-03,SKU_049,Distributor,Central,51,58847.880000000005,0.09,0,0,1268
2023-06-30,SKU_009,Retail,West,50,64698.5,0.17,1,0,1559
2023-04-06,SKU_042,Distributor,East,80,65111.200000000004,0.23,0,1,1057
2023-04-28,SKU_024,Flipkart,East,65,98484.09999999999,0.03,0,0,1562
2023-02-23,SKU_018,Flipkart,South,34,70994.04000000001,0.22,1,1,2677
2023-06-19,SKU_039,Amazon,North,67,222239.0,0.0,1,0,3317
2023-03-29,SKU_030,Amazon,South,25,112242.0,0.22,0,1,5756
2023-01-30,SKU_035,Retail,West,35,117609.8,0.23,1,1,4364
2023-06-14,SKU_034,D2C,East,52,45995.04,0.22,0,1,1134
2023-01-27,SKU_040,Retail,South,27,118660.68000000001,0.08,1,0,4777
2023-03-27,SKU_007,Flipkart,North,71,204612.06,0.14,1,1,3351
2023-05-09,SKU_025,D2C,North,95,436785.3,0.11,0,0,5166
2023-03-24,SKU_047,Flipkart,West,44,67507.44,0.09,0,0,1686
2023-05-01,SKU_034,D2C,North,36,151119.0,0.25,0,0,5597
2023-06-19,SKU_044,Distributor,Central,47,196192.09999999998,0.05,1,0,4394
2023-05-31,SKU_016,Retail,North,38,105700.79999999999,0.05,1,1,2928
2023-05-20,SKU_037,Flipkart,South,55,236627.6,0.12,0,0,4889
2023-05-19,SKU_018,Amazon,East,23,59485.82,0.11,1,0,2906
2023-02-28,SKU_038,Retail,South,56,188737.91999999998,0.07,0,0,3624
2023-05-16,SKU_047,Flipkart,West,88,275073.92000000004,0.18,1,0,3812
2023-05-04,SKU_009,Retail,Central,9,14952.599999999999,0.29,1,1,2340
2023-04-20,SKU_043,D2C,South,26,47927.880000000005,0.23,1,1,2394
2023-06-28,SKU_040,Distributor,North,41,59439.75,0.25,1,1,1933
2023-06-09,SKU_042,Flipkart,West,60,273054.0,0.15,1,0,5354
2023-02-18,SKU_040,D2C,West,67,76884.51,0.13,0,0,1319
2023-03-09,SKU_004,Retail,South,66,281801.52,0.22,1,1,5474
2023-05-24,SKU_036,Flipkart,Central,16,52147.2,0.16,1,1,3880
2023-06-09,SKU_040,Amazon,East,36,115007.04,0.28,0,1,4437
2023-02-14,SKU_050,Distributor,South,31,35053.560000000005,0.19,1,1,1396
2023-02-08,SKU_021,Flipkart,Central,48,212803.2,0.1,0,1,4926
2023-03-07,SKU_013,Flipkart,North,50,195624.0,0.01,0,0,3952
2023-02-03,SKU_048,D2C,Central,22,63974.899999999994,0.05,1,1,3061
2023-05-23,SKU_031,Retail,South,41,150613.5,0.07,0,1,3950
2023-02-22,SKU_031,Retail,Central,61,265179.2,0.2,1,1,5434
2023-03-04,SKU_038,D2C,East,37,134847.61,0.17,0,0,4391
2023-01-31,SKU_011,Distributor,North,45,93291.75,0.15,0,0,2439
2023-02-07,SKU_006,D2C,Central,83,100374.39,0.19,0,0,1493
2023-06-26,SKU_045,Amazon,East,89,390580.95,0.15,0,0,5163
2023-05-04,SKU_010,Amazon,South,6,11988.0,0.28,1,1,2775
2023-04-16,SKU_005,D2C,East,52,78848.64,0.19,0,0,1872
2023-02-17,SKU_007,Distributor,East,108,242902.80000000002,0.1,0,0,2499
2023-01-09,SKU_007,Distributor,South,59,99866.34999999999,0.03,0,0,1745
2023-01-06,SKU_005,Amazon,South,50,73161.0,0.01,0,0,1478
2023-01-06,SKU_009,Amazon,East,76,259851.6,0.1,1,0,3799
2023-02-28,SKU_047,Flipkart,East,54,174196.44,0.14,1,0,3751
2023-05-09,SKU_004,Distributor,Central,64,202160.0,0.05,1,1,3325
2023-02-02,SKU_015,Flipkart,East,45,117784.8,0.18,0,1,3192
2023-06-15,SKU_024,D2C,Central,54,83106.0,0.24,1,1,2025
2023-02-06,SKU_009,Retail,North,58,307806.0,0.0,1,1,5307
2023-04-20,SKU_036,Amazon,West,67,220641.05,0.03,0,1,3395
2023-04-12,SKU_024,D2C,Central,41,85106.16,0.28,0,1,2883
2023-01-29,SKU_023,Distributor,West,40,192098.8,0.03,0,0,4951
2023-04-14,SKU_037,Retail,East,11,47887.62,0.26,1,1,5883
2023-05-01,SKU_020,D2C,North,42,54185.04,0.22,0,0,1654
2023-03-11,SKU_024,Distributor,West,69,114810.48,0.28,0,1,2311
2023-05-18,SKU_010,Distributor,South,59,216081.6,0.16,1,1,4360
2023-05-01,SKU_043,Distributor,East,30,158162.4,0.12,1,1,5991
2023-01-16,SKU_003,Amazon,North,11,33346.5,0.14,1,1,3525
2023-01-09,SKU_049,Distributor,South,47,260056.16999999998,0.01,0,1,5589
2023-05-03,SKU_048,Distributor,North,68,200687.03999999998,0.28,1,1,4099
2023-04-28,SKU_044,Distributor,West,40,74220.0,0.25,1,1,2474
2023-01-16,SKU_040,Retail,North,21,66538.08,0.16,1,0,3772
2023-01-25,SKU_034,D2C,North,38,130410.68,0.03,1,1,3538
2023-01-01,SKU_048,D2C,East,56,77351.68000000001,0.11,1,0,1552
2023-01-31,SKU_027,Flipkart,North,74,129189.2,0.3,0,1,2494
2023-01-23,SKU_008,Distributor,Central,44,112471.92,0.01,0,0,2582
2023-01-24,SKU_007,D2C,North,71,234082.03,0.09,0,1,3623
2023-06-17,SKU_028,Amazon,East,68,228186.91999999998,0.17,1,1,4043
2023-01-14,SKU_022,Retail,Central,26,90437.62000000001,0.21,0,0,4403
2023-06-02,SKU_004,Amazon,Central,75,240840.0,0.1,1,0,3568
2023-04-12,SKU_042,Flipkart,Central,55,76763.5,0.15,0,1,1642
2023-04-10,SKU_002,D2C,East,25,87925.5,0.19,0,1,4342
2023-03-14,SKU_049,Amazon,South,85,173023.44999999998,0.29,0,1,2867
2023-02-24,SKU_025,Flipkart,Central,47,192436.80000000002,0.2,1,0,5118
2023-04-29,SKU_049,Amazon,North,11,38113.24,0.03,0,0,3572
2023-05-26,SKU_022,Retail,West,35,106992.9,0.26,1,0,4131
2023-05-27,SKU_028,Flipkart,North,30,83865.59999999999,0.16,1,1,3328
2023-01-03,SKU_028,Distributor,East,36,133196.4,0.1,0,0,4111
2023-02-16,SKU_006,Amazon,North,41,121043.48000000001,0.08,0,0,3209
2023-01-18,SKU_048,D2C,South,44,35868.8,0.2,0,0,1019
2023-04-09,SKU_029,Flipkart,North,44,104810.64,0.26,1,1,3219
2023-06-28,SKU_047,Amazon,North,48,121624.32,0.24,1,0,3334
2023-01-13,SKU_044,Amazon,North,61,210338.37000000002,0.19,0,0,4257
2023-04-07,SKU_029,Retail,North,35,107483.6,0.08,0,0,3338
2023-06-17,SKU_041,Amazon,East,73,151016.56,0.24,0,0,2722
2023-01-20,SKU_044,Amazon,North,25,75646.5,0.06,1,1,3219
2023-03-18,SKU_039,Distributor,East,62,290117.83999999997,0.06,0,0,4978
2023-05-18,SKU_015,Amazon,Central,82,369147.60000000003,0.18,1,1,5490
2023-06-12,SKU_044,Flipkart,Central,46,195347.28,0.14,1,1,4938
2023-03-25,SKU_034,Distributor,West,53,289812.48,0.04,1,1,5696
2023-02-26,SKU_004,Distributor,North,30,86730.0,0.02,1,1,2950
2023-02-08,SKU_034,Retail,Central,39,215879.03999999998,0.07,0,1,5952
2023-05-24,SKU_036,D2C,South,81,262119.24,0.11,0,0,3636
2023-03-10,SKU_022,Flipkart,West,64,345632.63999999996,0.07,1,0,5807
2023-02-13,SKU_042,Retail,North,58,206716.64,0.08,1,0,3874
2023-04-22,SKU_014,D2C,Central,11,21318.66,0.26,0,1,2619
2023-03-20,SKU_024,Amazon,South,35,59314.49999999999,0.3,1,0,2421
2023-06-06,SKU_048,D2C,West,84,160433.28,0.08,0,1,2076
2023-05-17,SKU_031,Flipkart,North,58,245588.24,0.26,1,0,5722
2023-03-15,SKU_042,Flipkart,East,60,326094.6,0.03,0,1,5603
2023-05-22,SKU_024,Amazon,South,53,99316.7,0.3,1,0,2677
2023-02-04,SKU_017,Retail,Central,37,116643.24,0.19,1,0,3892
2023-05-28,SKU_009,Distributor,South,56,247546.32,0.13,0,0,5081
2023-04-10,SKU_029,Amazon,Central,19,70616.16,0.28,0,0,5162
2023-03-26,SKU_040,Flipkart,East,17,45747.0,0.25,0,0,3588
2023-02-27,SKU_048,Amazon,Central,35,68486.59999999999,0.29,0,1,2756
2023-01-03,SKU_018,Amazon,South,53,137075.49000000002,0.19,0,1,3193
2023-06-11,SKU_026,Flipkart,East,18,83703.96,0.18,1,0,5671
2023-02-15,SKU_018,Flipkart,West,52,97801.08,0.29,0,1,2649
2023-03-16,SKU_048,Retail,East,30,81187.2,0.04,1,0,2819
2023-01-24,SKU_005,Amazon,East,32,151212.16,0.06,1,0,5027
2023-04-23,SKU_001,Retail,Central,75,62472.0,0.24,1,1,1096
2023-03-06,SKU_038,Amazon,Central,50,72297.0,0.13,0,0,1662
2023-04-12,SKU_043,Retail,Central,31,92054.18999999999,0.07,0,1,3193
2023-04-04,SKU_030,Distributor,North,53,239287.58,0.02,1,1,4607
2023-01-31,SKU_019,Amazon,South,20,62997.0,0.17,1,1,3795
2023-01-11,SKU_014,Flipkart,North,57,185171.91,0.23,1,1,4219
2023-01-24,SKU_038,Distributor,South,72,413941.68,0.03,1,0,5927
2023-06-06,SKU_015,Flipkart,South,63,217858.41,0.01,1,0,3493
2023-06-07,SKU_046,Flipkart,West,93,277214.4,0.08,0,0,3240
2023-06-13,SKU_033,Flipkart,East,11,44439.119999999995,0.07,0,0,4344
2023-02-03,SKU_008,Distributor,East,52,65559.52,0.14,0,1,1466
2023-04-02,SKU_004,D2C,West,23,45333.0,0.27,1,1,2700
2023-05-27,SKU_049,Retail,South,46,79187.16,0.22,0,1,2207
2023-03-22,SKU_037,Flipkart,South,50,82813.5,0.01,1,1,1673
2023-03-15,SKU_036,Amazon,West,95,154351.25,0.03,0,0,1675
2023-02-19,SKU_017,Flipkart,East,48,75213.6,0.23,0,0,2035
2023-03-11,SKU_015,Amazon,Central,48,101877.12000000001,0.08,0,1,2307
2023-06-11,SKU_010,Distributor,Central,70,385899.5,0.05,1,0,5803
2023-01-26,SKU_038,Distributor,East,48,110303.04000000001,0.11,0,0,2582
2023-02-28,SKU_012,Distributor,North,86,343348.98,0.13,0,0,4589
2023-01-08,SKU_020,Distributor,North,63,54987.66,0.22,0,1,1119
2023-04-08,SKU_009,Distributor,Central,66,269928.78,0.21,1,0,5177
2023-03-28,SKU_038,Distributor,Central,12,48109.92,0.27,1,0,5492
2023-05-09,SKU_044,Retail,North,89,215793.84999999998,0.29,0,0,3415
2023-03-10,SKU_040,D2C,East,36,192548.88,0.03,0,0,5514
2023-06-20,SKU_016,Flipkart,North,49,158329.28999999998,0.29,1,1,4551
2023-02-18,SKU_027,Distributor,Central,36,85952.88,0.22,1,0,3061
2023-03-23,SKU_026,Distributor,Central,29,66240.93,0.27,1,1,3129
2023-05-23,SKU_015,Amazon,Central,25,99717.75,0.21,1,0,5049
2023-01-31,SKU_022,D2C,North,52,107577.6,0.2,0,1,2586
2023-02-17,SKU_018,Flipkart,East,10,29273.4,0.19,0,1,3614
2023-03-02,SKU_040,Retail,North,45,81244.8,0.09,1,1,1984
2023-06-12,SKU_024,Flipkart,Central,71,132332.64,0.12,1,0,2118
2023-05-31,SKU_014,Distributor,North,62,208736.63999999998,0.16,1,0,4008
2023-01-01,SKU_004,Flipkart,South,58,254383.36000000002,0.12,1,0,4984
2023-02-20,SKU_028,D2C,East,32,144609.28,0.08,1,0,4912
2023-06-09,SKU_048,Distributor,West,18,38070.0,0.06,0,0,2250
2023-04-19,SKU_050,Amazon,West,70,225433.6,0.26,1,0,4352
2023-06-29,SKU_021,Retail,East,41,165170.96,0.26,0,0,5444
2023-06-20,SKU_043,D2C,East,48,91352.64,0.14,1,0,2213
2023-04-24,SKU_008,Amazon,South,46,77003.08,0.23,0,0,2174
2023-05-17,SKU_033,Retail,North,63,170093.69999999998,0.05,1,0,2842
2023-03-29,SKU_009,Amazon,North,86,278607.32,0.14,1,0,3767
2023-01-03,SKU_018,Flipkart,South,79,87927.0,0.25,1,1,1484
2023-04-03,SKU_008,Flipkart,South,3,14381.640000000001,0.09,0,1,5268
2023-04-02,SKU_050,Distributor,South,43,143652.25,0.17,0,1,4025
2023-04-26,SKU_027,Retail,West,23,88635.1,0.11,1,0,4330
2023-01-19,SKU_045,Flipkart,South,68,135048.0,0.25,1,0,2648
2023-03-01,SKU_027,Amazon,East,50,258588.0,0.12,1,1,5877
2023-06-23,SKU_003,Retail,East,62,183342.06,0.13,1,0,3399
2023-05-12,SKU_048,Amazon,Central,42,127204.14,0.11,0,1,3403
2023-02-09,SKU_048,Retail,East,29,59909.65,0.21,0,1,2615
2023-05-05,SKU_022,Amazon,South,32,58242.240000000005,0.19,1,0,2247
2023-03-29,SKU_042,Distributor,North,19,71593.52,0.24,1,0,4958
2023-05-24,SKU_020,Retail,West,24,79776.0,0.25,0,0,4432
2023-04-18,SKU_003,Flipkart,East,20,62622.0,0.29,1,1,4410
2023-04-02,SKU_048,Flipkart,South,29,91185.56999999999,0.07,1,1,3381
2023-01-26,SKU_042,Retail,West,28,88023.6,0.1,1,1,3493
2023-06-29,SKU_034,Distributor,South,57,206677.44,0.04,1,0,3777
2023-05-20,SKU_031,Amazon,Central,57,260487.15,0.23,1,1,5935
2023-04-22,SKU_011,Retail,Central,57,75513.59999999999,0.28,0,0,1840
2023-04-12,SKU_025,D2C,East,73,234388.40000000002,0.08,0,0,3490
2023-03-03,SKU_027,Amazon,West,48,118575.35999999999,0.06,1,0,2628
2023-02-08,SKU_005,Flipkart,East,34,109211.4,0.17,0,1,3870
2023-01-11,SKU_016,Retail,North,94,214139.52,0.28,0,0,3164
2023-03-21,SKU_039,Flipkart,Central,68,63677.920000000006,0.18,1,0,1142
2023-05-31,SKU_028,Retail,Central,53,203027.63,0.21,0,0,4849
2023-04-30,SKU_031,Retail,North,51,167109.15,0.29,1,0,4615
2023-02-08,SKU_010,Retail,West,55,152506.19999999998,0.16,0,1,3301
2023-04-02,SKU_020,Retail,North,45,131696.1,0.14,0,1,3403
2023-01-23,SKU_049,Retail,East,52,169784.16,0.09,1,1,3588
2023-05-01,SKU_005,Distributor,East,59,80138.52,0.01,1,0,1372
2023-05-30,SKU_048,Amazon,Central,35,80341.8,0.26,0,1,3102
2023-03-18,SKU_021,Flipkart,East,17,69909.09999999999,0.15,1,1,4838
2023-04-19,SKU_027,Retail,Central,8,25505.280000000002,0.19,0,1,3936
2023-01-08,SKU_030,Flipkart,North,67,247575.72,0.17,0,1,4452
2023-04-14,SKU_025,Distributor,West,18,29140.38,0.11,0,0,1819
2023-05-08,SKU_015,Distributor,East,59,87619.13,0.03,1,0,1531
2023-03-26,SKU_037,Retail,Central,26,77922.0,0.1,0,1,3330
2023-06-30,SKU_009,Retail,East,27,114372.81,0.13,0,0,4869
2023-06-04,SKU_029,Amazon,East,35,33852.0,0.07,0,1,1040
2023-06-30,SKU_044,Distributor,North,53,122523.28,0.29,1,1,3256
2023-06-29,SKU_032,D2C,West,24,43447.2,0.14,1,1,2105
2023-01-04,SKU_002,Retail,South,37,120412.8,0.2,0,1,4068
2023-05-27,SKU_003,Retail,West,49,67394.11,0.21,1,0,1741
2023-02-02,SKU_036,Distributor,South,25,118230.0,0.16,0,0,5630
2023-05-08,SKU_011,D2C,East,78,142462.32,0.23,0,0,2372
2023-04-09,SKU_018,Retail,South,15,61198.2,0.16,0,1,4857
2023-06-06,SKU_017,Retail,North,45,111937.95,0.17,1,1,2997
2023-06-26,SKU_001,Retail,Central,75,230863.5,0.02,0,0,3141
2023-03-22,SKU_042,Retail,East,23,120777.59999999999,0.04,1,1,5470
2023-03-02,SKU_002,D2C,Central,47,83506.78,0.26,0,1,2401
2023-02-23,SKU_021,Distributor,Central,52,222582.36000000002,0.23,1,0,5559
2023-06-29,SKU_024,Amazon,South,33,139191.36,0.02,1,0,4304
2023-04-23,SKU_050,Flipkart,North,48,126584.64,0.09,1,0,2898
2023-05-10,SKU_022,D2C,South,61,128398.9,0.3,1,0,3007
2023-05-02,SKU_018,Retail,North,40,208171.19999999998,0.07,1,1,5596
2023-04-19,SKU_021,D2C,West,65,307278.4,0.12,1,1,5372
2023-03-31,SKU_031,Retail,North,57,268432.38,0.19,0,0,5814
2023-04-16,SKU_005,Flipkart,East,38,105843.68,0.26,0,1,3764
2023-05-18,SKU_014,Flipkart,South,72,246931.2,0.2,1,1,4287
2023-01-02,SKU_028,Amazon,Central,35,144127.2,0.08,1,1,4476
2023-01-04,SKU_042,Retail,Central,67,186399.36,0.28,1,0,3864
2023-05-09,SKU_035,D2C,North,35,154566.3,0.11,1,0,4962
2023-01-21,SKU_037,Flipkart,West,43,32384.16,0.28,1,0,1046
2023-05-17,SKU_040,Flipkart,North,46,188074.68,0.17,1,1,4926
2023-06-30,SKU_032,Distributor,South,56,146749.68,0.01,0,1,2647
2023-04-28,SKU_047,Amazon,West,1,3018.03,0.13,0,0,3469
2023-05-15,SKU_040,Amazon,North,59,215338.2,0.21,0,0,4620
2023-06-19,SKU_009,Distributor,East,47,123457.72,0.03,1,1,2708
2023-05-11,SKU_030,Amazon,East,55,160881.05,0.27,1,1,4007
2023-03-04,SKU_033,Amazon,North,60,314496.0,0.1,0,1,5824
2023-03-05,SKU_018,Distributor,East,57,297370.71,0.09,1,1,5733
2023-04-16,SKU_024,Distributor,South,9,26056.079999999998,0.28,0,1,4021
2023-06-17,SKU_034,Distributor,North,28,129209.08,0.09,1,0,5071
2023-06-24,SKU_016,D2C,North,56,242593.12,0.03,0,1,4466
2023-01-30,SKU_009,Distributor,Central,53,223665.30000000002,0.1,0,0,4689
2023-01-28,SKU_036,Distributor,South,34,116838.95999999999,0.16,0,0,4091
2023-03-14,SKU_043,D2C,West,64,129360.0,0.23,1,0,2625
2023-06-06,SKU_044,Retail,South,44,154704.0,0.0,1,1,3516
2023-06-18,SKU_045,D2C,South,67,275158.27999999997,0.17,1,0,4948
2023-05-08,SKU_027,Retail,West,74,131376.63999999998,0.27,0,0,2432
2023-04-14,SKU_004,Amazon,North,55,199636.8,0.04,0,0,3781
2023-02-08,SKU_009,Retail,Central,61,216992.25,0.15,0,0,4185
2023-05-16,SKU_005,Distributor,South,37,123423.48999999999,0.17,1,0,4019
2023-04-11,SKU_029,Amazon,North,67,68169.15,0.15,0,0,1197
2023-06-23,SKU_022,Retail,Central,54,158168.16,0.18,0,1,3572
2023-06-14,SKU_015,D2C,East,44,89242.56,0.28,0,1,2817
2023-01-06,SKU_019,Retail,East,25,34998.75,0.15,0,1,1647
2023-04-01,SKU_035,Retail,East,40,212344.0,0.05,0,0,5588
2023-01-16,SKU_019,Distributor,Central,27,57218.4,0.2,0,0,2649
2023-04-07,SKU_038,Distributor,North,65,267567.3,0.23,0,1,5346
2023-03-31,SKU_017,Retail,Central,74,179535.84,0.12,1,1,2757
2023-05-11,SKU_020,Amazon,Central,68,121955.28,0.29,1,0,2526
2023-01-12,SKU_011,Distributor,Central,99,155558.69999999998,0.05,1,0,1654
2023-05-22,SKU_038,Distributor,East,40,74562.4,0.26,0,1,2519
2023-03-09,SKU_037,Flipkart,South,61,74389.5,0.1,0,0,1355
2023-03-27,SKU_036,Distributor,South,26,83553.6,0.22,0,0,4120
2023-05-16,SKU_010,Retail,Central,46,100213.3,0.15,0,1,2563
2023-02-13,SKU_021,Distributor,Central,20,15614.0,0.26,1,1,1055
2023-06-07,SKU_013,Retail,South,61,289337.63999999996,0.06,1,0,5046
2023-01-30,SKU_005,Retail,Central,42,80589.59999999999,0.28,1,1,2665
2023-06-23,SKU_033,D2C,Central,8,28401.6,0.03,0,1,3660
2023-04-25,SKU_012,Amazon,Central,36,48027.96,0.11,1,1,1499
2023-02-05,SKU_033,Retail,Central,85,242124.19999999998,0.29,1,1,4012
2023-06-10,SKU_032,Distributor,Central,58,315337.3,0.05,1,0,5723
2023-01-20,SKU_034,Distributor,West,65,96599.09999999999,0.07,1,0,1598
2023-04-04,SKU_039,Retail,West,52,70460.51999999999,0.07,0,0,1457
2023-05-22,SKU_050,D2C,Central,46,72661.6,0.12,0,0,1795
2023-05-02,SKU_032,D2C,Central,50,107070.0,0.14,1,0,2490
2023-06-03,SKU_032,D2C,North,54,277406.64,0.02,0,0,5242
2023-05-07,SKU_047,Flipkart,North,28,110034.4,0.02,1,1,4010
2023-02-16,SKU_043,Amazon,South,65,310596.0,0.2,0,0,5973
2023-01-28,SKU_036,Amazon,North,72,119988.0,0.25,1,1,2222
2023-06-04,SKU_019,Amazon,South,46,90649.44,0.28,1,0,2737
2023-06-30,SKU_007,Retail,Central,39,60779.549999999996,0.29,0,0,2195
2023-04-06,SKU_004,Amazon,North,35,165242.0,0.12,0,1,5365
2023-02-23,SKU_046,Distributor,East,85,114341.15000000001,0.23,0,0,1747
2023-06-16,SKU_026,Amazon,East,40,136646.4,0.12,1,1,3882
2023-02-26,SKU_013,Retail,South,63,107278.29,0.07,1,1,1831
2023-03-20,SKU_011,Retail,West,46,68165.1,0.11,1,1,1665
2023-03-02,SKU_035,Distributor,North,45,161851.5,0.05,0,1,3786
2023-02-19,SKU_017,Distributor,West,34,60061.68,0.16,1,1,2103
2023-06-15,SKU_020,D2C,Central,30,53398.799999999996,0.16,0,1,2119
2023-03-04,SKU_018,Distributor,North,64,211584.0,0.24,0,0,4350
2023-05-03,SKU_014,D2C,South,30,130275.0,0.25,1,1,5790
2023-02-20,SKU_045,Distributor,West,59,200119.15,0.23,0,1,4405
2023-02-12,SKU_048,D2C,East,51,99706.53,0.23,0,0,2539
2023-05-04,SKU_005,D2C,South,65,308009.0,0.05,1,0,4988
2023-06-21,SKU_024,Amazon,West,37,170318.4,0.04,0,0,4795
2023-05-14,SKU_007,Retail,North,71,273364.91000000003,0.09,0,1,4231
2023-05-09,SKU_021,Amazon,South,47,171738.0,0.25,1,0,4872
2023-06-08,SKU_006,D2C,North,101,400687.2,0.1,1,0,4408
2023-01-26,SKU_049,Flipkart,East,17,29002.68,0.16,0,0,2031
2023-02-06,SKU_010,Amazon,North,98,332368.95999999996,0.06,0,0,3608
2023-06-16,SKU_015,Distributor,East,47,96744.79999999999,0.17,0,1,2480
2023-06-14,SKU_036,Flipkart,North,54,221313.6,0.2,1,0,5123
2023-03-03,SKU_037,Flipkart,South,37,37710.4,0.2,0,0,1274
2023-05-03,SKU_001,Amazon,North,18,53759.16,0.22,0,0,3829
2023-06-25,SKU_028,Flipkart,Central,39,171690.48,0.22,1,1,5644
2023-05-15,SKU_011,Flipkart,Central,42,118377.0,0.25,0,1,3758
2023-01-11,SKU_003,Retail,East,53,129572.81,0.27,1,0,3349
2023-06-19,SKU_007,D2C,West,72,93590.64,0.01,1,1,1313
2023-03-17,SKU_023,Retail,South,53,189959.94999999998,0.03,1,1,3695
2023-02-16,SKU_015,Flipkart,East,54,273287.52,0.12,0,1,5751
2023-04-15,SKU_006,Flipkart,Central,57,205621.8,0.15,0,1,4244
2023-02-07,SKU_018,Amazon,South,14,19886.16,0.16,1,1,1691
2023-04-24,SKU_050,Retail,West,16,88228.8,0.01,1,1,5570
2023-02-18,SKU_041,Flipkart,East,20,49764.4,0.02,1,1,2539
2023-06-14,SKU_010,Flipkart,West,42,150620.4,0.14,1,0,4170
2023-02-07,SKU_035,D2C,West,12,10632.96,0.29,1,0,1248
2023-06-06,SKU_050,Flipkart,East,36,138585.6,0.2,1,1,4812
2023-05-02,SKU_047,D2C,South,22,70520.12,0.17,0,0,3862
2023-01-28,SKU_004,Flipkart,South,59,278520.12,0.19,1,1,5828
2023-01-31,SKU_007,D2C,East,58,192189.96000000002,0.18,0,1,4041
2023-01-29,SKU_020,Amazon,North,43,56553.6,0.04,1,1,1370
2023-01-06,SKU_007,Amazon,Central,12,29088.0,0.25,0,0,3232
2023-06-19,SKU_014,Flipkart,Central,45,212832.0,0.2,1,1,5912
2023-02-15,SKU_029,Retail,North,56,81223.51999999999,0.06,1,1,1543
2023-05-04,SKU_024,D2C,South,66,142890.0,0.0,1,1,2165
2023-06-16,SKU_037,Retail,South,85,213232.69999999998,0.14,0,0,2917
2023-05-21,SKU_038,Amazon,North,72,188838.0,0.25,1,1,3497
2023-02-02,SKU_034,Amazon,South,53,143799.6,0.05,1,0,2856
2023-04-07,SKU_044,Retail,Central,44,89795.20000000001,0.2,0,0,2551
2023-04-11,SKU_019,Retail,North,35,101113.6,0.26,1,1,3904
2023-06-15,SKU_043,Retail,East,77,237266.26,0.14,1,1,3583
2023-01-06,SKU_033,Flipkart,West,53,147842.97,0.21,1,0,3531
2023-04-10,SKU_011,Amazon,East,62,129177.0,0.1,1,1,2315
2023-06-24,SKU_013,Flipkart,South,38,216774.04,0.02,0,1,5821
2023-03-26,SKU_049,Flipkart,Central,25,45144.0,0.12,1,0,2052
2023-02-05,SKU_009,Flipkart,South,41,141157.25999999998,0.07,1,0,3702
2023-04-03,SKU_046,D2C,Central,43,180022.08000000002,0.11,1,1,4704
2023-03-17,SKU_003,Distributor,West,53,115585.04999999999,0.07,0,0,2345
2023-02-15,SKU_006,Distributor,West,35,63571.2,0.04,1,0,1892
2023-06-17,SKU_002,Distributor,East,50,94276.0,0.26,0,0,2548
2023-04-15,SKU_047,D2C,North,73,196964.95,0.09,0,1,2965
2023-03-26,SKU_050,Flipkart,Central,16,69400.8,0.15,0,0,5103
2023-04-27,SKU_014,Flipkart,North,7,16134.72,0.04,0,1,2401
2023-05-15,SKU_050,D2C,East,74,98137.31999999999,0.07,0,1,1426
2023-04-04,SKU_015,Retail,Central,20,77336.0,0.3,1,1,5524
2023-04-04,SKU_038,Retail,North,42,189524.16,0.16,0,0,5372
2023-04-16,SKU_014,Retail,North,62,52625.600000000006,0.2,0,0,1061
2023-05-09,SKU_014,Amazon,West,48,90243.84,0.29,1,1,2648
2023-01-18,SKU_011,Flipkart,West,48,187595.52,0.02,1,0,3988
2023-03-12,SKU_014,Retail,South,51,239221.62,0.01,0,1,4738
2023-02-18,SKU_019,Distributor,Central,100,251256.0,0.13,0,0,2888
2023-02-10,SKU_048,Amazon,East,85,312715.0,0.0,1,1,3679
2023-03-19,SKU_012,Flipkart,North,36,139673.52,0.02,1,1,3959
2023-03-23,SKU_021,Retail,North,71,370496.46,0.13,1,0,5998
2023-05-18,SKU_028,Amazon,South,60,160776.0,0.23,1,0,3480
2023-04-26,SKU_019,Amazon,North,49,132661.62,0.22,0,1,3471
2023-04-18,SKU_021,Distributor,East,31,64484.34,0.26,1,0,2811
2023-04-29,SKU_043,Amazon,East,59,211751.0,0.03,1,1,3700
2023-06-27,SKU_038,Distributor,North,43,209821.08,0.16,0,1,5809
2023-06-14,SKU_045,Amazon,East,42,230228.46,0.01,0,1,5537
2023-04-07,SKU_009,D2C,West,34,143561.94,0.03,0,1,4353
2023-04-15,SKU_018,Distributor,East,69,167123.52,0.13,0,1,2784
2023-04-14,SKU_045,Retail,Central,34,51150.28,0.26,1,1,2033
2023-02-14,SKU_033,Amazon,East,34,182865.6,0.1,1,0,5976
2023-04-11,SKU_017,Distributor,East,65,299575.9,0.21,1,0,5834
2023-05-16,SKU_024,Flipkart,East,47,132981.8,0.3,1,0,4042
2023-03-19,SKU_043,D2C,North,47,136692.92,0.09,0,0,3196
2023-02-18,SKU_004,Distributor,North,70,165656.4,0.26,0,1,3198
2023-05-12,SKU_036,D2C,Central,76,185859.52,0.12,1,1,2779
2023-01-16,SKU_042,D2C,North,7,31041.149999999998,0.15,0,1,5217
2023-01-05,SKU_035,D2C,East,47,140295.0,0.25,1,1,3980
2023-02-27,SKU_028,D2C,North,21,69075.3,0.26,0,1,4445
2023-03-27,SKU_019,Flipkart,North,42,189253.68,0.24,1,0,5929
2023-03-28,SKU_039,Flipkart,South,49,95645.55,0.09,0,1,2145
2023-05-29,SKU_049,D2C,West,42,129390.23999999999,0.03,1,0,3176
2023-02-14,SKU_002,Amazon,Central,29,44984.799999999996,0.3,0,0,2216
2023-04-28,SKU_020,D2C,West,28,47392.799999999996,0.07,1,1,1820
2023-04-04,SKU_045,Amazon,West,64,300729.60000000003,0.1,0,1,5221
2023-02-07,SKU_046,Flipkart,South,80,361363.2,0.12,1,0,5133
2023-01-27,SKU_037,Distributor,East,8,8051.68,0.09,0,1,1106
2023-03-29,SKU_013,Distributor,Central,43,77860.09999999999,0.05,0,1,1906
2023-06-01,SKU_004,Flipkart,Central,64,264550.4,0.2,0,0,5167
2023-02-25,SKU_022,Flipkart,West,49,117570.59999999999,0.14,1,0,2790
2023-02-20,SKU_044,Amazon,Central,27,70316.64,0.18,1,0,3176
2023-04-06,SKU_001,Distributor,South,40,111675.2,0.09,0,1,3068
2023-03-08,SKU_025,Distributor,Central,56,277889.92,0.12,1,1,5639
2023-01-02,SKU_038,D2C,West,43,120945.67,0.27,1,0,3853
2023-04-04,SKU_012,Amazon,Central,49,156299.22,0.01,1,0,3222
2023-01-11,SKU_024,Distributor,East,49,276595.2,0.02,0,0,5760
2023-03-31,SKU_050,Retail,East,39,105074.97,0.23,1,1,3499
2023-05-13,SKU_011,Flipkart,South,66,107448.0,0.0,0,0,1628
2023-05-28,SKU_037,Amazon,West,40,150404.0,0.05,0,0,3958
2023-01-27,SKU_047,D2C,East,29,85145.16,0.14,0,1,3414
2023-06-08,SKU_013,Flipkart,East,94,278875.44,0.18,0,0,3618
2023-03-15,SKU_018,D2C,Central,48,70852.31999999999,0.29,1,0,2079
2023-05-18,SKU_033,Amazon,Central,0,0.0,0.14,1,1,3885
2023-03-04,SKU_045,Retail,Central,75,309942.75,0.17,1,0,4979
2023-02-04,SKU_042,Distributor,Central,75,102453.0,0.29,1,1,1924
2023-05-08,SKU_014,D2C,East,59,195508.89,0.19,0,1,4091
2023-06-06,SKU_029,Retail,Central,62,199424.24,0.03,0,1,3316
2023-06-23,SKU_046,Distributor,East,93,318378.06,0.22,1,0,4389
2023-01-14,SKU_022,Amazon,Central,30,59251.8,0.26,1,0,2669
2023-01-16,SKU_042,Retail,Central,52,73328.84,0.17,1,0,1699
2023-05-27,SKU_023,Amazon,East,89,76858.62,0.26,1,1,1167
2023-02-22,SKU_038,Flipkart,Central,93,475667.10000000003,0.1,0,0,5683
2023-05-11,SKU_043,Retail,North,42,65956.8,0.2,0,1,1963
2023-01-31,SKU_014,D2C,East,90,152301.6,0.12,1,0,1923
2023-03-31,SKU_007,Amazon,West,66,96604.2,0.15,0,1,1722
2023-04-05,SKU_020,Flipkart,West,79,129433.6,0.2,1,0,2048
2023-03-13,SKU_041,D2C,North,65,142545.0,0.14,0,1,2550
2023-01-18,SKU_017,D2C,Central,56,293939.51999999996,0.07,1,0,5644
2023-06-11,SKU_004,Retail,Central,94,422567.6,0.05,0,1,4732
2023-02-05,SKU_015,Distributor,East,39,163009.47,0.03,1,0,4309
2023-05-17,SKU_019,D2C,North,88,158854.96,0.03,1,1,1861
2023-06-04,SKU_045,Amazon,South,91,193142.94999999998,0.15,0,0,2497
2023-04-29,SKU_013,Amazon,Central,77,179292.96,0.12,0,0,2646
2023-05-01,SKU_041,Amazon,West,48,97466.88,0.02,1,1,2072
2023-04-15,SKU_004,D2C,East,54,110319.3,0.09,0,0,2245
2023-03-28,SKU_024,Amazon,North,24,99187.2,0.1,0,1,4592
2023-04-17,SKU_050,Distributor,East,40,85029.59999999999,0.29,0,1,2994
2023-06-27,SKU_022,Amazon,East,62,128449.12,0.24,1,1,2726
2023-03-21,SKU_022,D2C,East,21,68745.6,0.2,1,0,4092
2023-04-13,SKU_006,Amazon,Central,44,80307.48,0.17,0,0,2199
2023-02-23,SKU_008,Amazon,South,88,117346.24,0.26,0,1,1802
2023-05-30,SKU_043,Retail,South,46,169075.3,0.27,0,0,5035
2023-02-09,SKU_036,D2C,Central,70,221029.19999999998,0.02,0,0,3222
2023-03-02,SKU_008,D2C,West,61,310880.39999999997,0.07,0,1,5480
2023-05-03,SKU_007,Retail,South,43,142498.56,0.04,0,0,3452
2023-03-06,SKU_039,Distributor,Central,46,119176.34,0.29,1,0,3649
2023-03-27,SKU_008,D2C,South,53,160040.38999999998,0.29,1,1,4253
2023-06-10,SKU_047,Retail,Central,8,12062.960000000001,0.09,0,1,1657
2023-06-10,SKU_044,Retail,North,68,293844.32,0.08,1,0,4697
2023-03-23,SKU_026,Distributor,West,47,200687.65000000002,0.21,1,0,5405
2023-02-13,SKU_050,Retail,East,69,176364.0,0.25,1,1,3408
2023-01-12,SKU_009,Flipkart,South,57,204794.16,0.03,0,0,3704
2023-03-10,SKU_048,Distributor,East,46,61590.780000000006,0.19,0,0,1653
2023-04-16,SKU_022,D2C,East,53,102608.0,0.2,0,1,2420
2023-01-16,SKU_026,Flipkart,North,54,183645.9,0.15,1,1,4001
2023-01-19,SKU_016,Retail,North,79,123962.85,0.01,1,1,1585
2023-02-03,SKU_019,Amazon,Central,51,141500.52,0.16,1,1,3303
2023-06-23,SKU_027,Flipkart,North,55,224780.59999999998,0.17,0,0,4924
2023-05-01,SKU_042,Retail,Central,24,62538.48,0.19,0,1,3217
2023-01-07,SKU_049,D2C,West,49,123450.6,0.24,1,1,3315
2023-02-28,SKU_027,D2C,North,79,141963.0,0.0,0,0,1797
2023-05-02,SKU_014,Amazon,North,58,122110.3,0.21,1,0,2665
2023-04-09,SKU_034,Amazon,South,28,46594.24,0.12,0,1,1891
2023-02-22,SKU_012,Flipkart,South,30,53040.0,0.15,1,0,2080
2023-03-29,SKU_029,Flipkart,East,35,84033.95,0.27,0,0,3289
2023-04-03,SKU_030,D2C,East,69,336346.70999999996,0.17,0,0,5873
2023-03-21,SKU_004,Amazon,West,67,210241.98,0.22,0,1,4023
2023-03-03,SKU_031,D2C,East,0,0.0,0.03,0,0,1514
2023-03-25,SKU_012,Retail,East,48,189082.08,0.01,0,0,3979
2023-04-19,SKU_017,Distributor,North,52,267187.44,0.13,0,1,5906
2023-02-27,SKU_035,Distributor,East,30,85203.6,0.24,0,0,3737
2023-06-09,SKU_017,Flipkart,East,42,165144.84,0.11,1,1,4418
2023-05-15,SKU_039,Retail,South,76,361740.24,0.07,1,0,5118
2023-04-05,SKU_040,Amazon,North,58,195515.1,0.01,0,0,3405
2023-01-05,SKU_029,Distributor,Central,40,186428.0,0.05,0,0,4906
2023-02-16,SKU_021,Retail,Central,46,145512.72,0.13,0,1,3636
2023-04-16,SKU_047,Amazon,South,45,186943.94999999998,0.07,1,0,4467
2023-05-25,SKU_042,Amazon,South,55,128618.6,0.24,1,0,3077
2023-03-27,SKU_044,Distributor,South,21,19183.5,0.25,0,1,1218
2023-01-05,SKU_032,Amazon,West,36,163067.4,0.15,1,0,5329
2023-04-05,SKU_014,D2C,East,70,262472.0,0.2,0,1,4687
2023-04-10,SKU_011,Flipkart,South,48,57496.32,0.08,1,0,1302
2023-04-25,SKU_016,Amazon,West,33,83193.0,0.0,0,0,2521
2023-03-12,SKU_032,D2C,East,33,105506.28,0.17,0,0,3852
2023-01-28,SKU_022,Amazon,West,64,165864.96000000002,0.08,1,0,2817
2023-03-03,SKU_003,Amazon,West,39,79389.18,0.14,1,0,2367
2023-06-25,SKU_003,Amazon,North,60,237600.0,0.28,1,1,5500
2023-04-17,SKU_008,Distributor,South,37,131478.39,0.19,1,0,4387
2023-06-06,SKU_041,Distributor,Central,27,55458.0,0.21,0,1,2600
2023-03-03,SKU_012,D2C,East,54,160958.88,0.24,1,1,3922
2023-01-17,SKU_029,D2C,North,48,86237.76000000001,0.18,1,0,2191
2023-02-13,SKU_002,Retail,North,63,345035.88,0.08,0,1,5953
2023-03-22,SKU_002,Distributor,East,67,197162.24,0.24,1,0,3872
2023-01-24,SKU_040,D2C,East,42,34715.52,0.28,0,0,1148
2023-02-15,SKU_047,Retail,Central,56,261878.4,0.1,0,0,5196
2023-05-09,SKU_032,Amazon,South,42,63177.659999999996,0.13,1,1,1729
2023-06-23,SKU_005,Retail,North,62,80479.72,0.18,1,0,1583
2023-01-08,SKU_035,Retail,West,54,84447.36,0.28,1,1,2172
2023-03-19,SKU_041,Amazon,East,37,126323.55,0.19,0,0,4215
2023-05-30,SKU_005,Flipkart,West,35,41170.5,0.1,1,0,1307
2023-04-12,SKU_039,Distributor,West,55,217088.3,0.06,1,0,4199
2023-01-30,SKU_033,Distributor,Central,73,128214.28,0.24,0,0,2311
2023-01-09,SKU_048,Distributor,Central,68,127661.84,0.26,0,1,2537
2023-04-24,SKU_044,Retail,Central,31,54833.11,0.21,1,1,2239
2023-03-16,SKU_009,Flipkart,North,33,115594.05,0.15,0,0,4121
2023-05-10,SKU_032,Flipkart,East,36,107545.68,0.26,0,1,4037
2023-02-09,SKU_001,D2C,Central,38,136226.96,0.11,0,0,4028
2023-06-13,SKU_007,D2C,South,13,18722.6,0.24,1,1,1895
2023-06-01,SKU_044,Flipkart,South,65,319113.6,0.04,0,1,5114
2023-04-15,SKU_014,Flipkart,South,40,150146.4,0.27,0,1,5142
2023-03-08,SKU_026,Amazon,North,59,89613.92,0.12,1,1,1726
2023-01-20,SKU_008,Retail,North,43,112250.64,0.27,0,0,3576
2023-02-11,SKU_039,Amazon,South,49,216413.4,0.15,1,1,5196
2023-06-19,SKU_044,Retail,Central,36,148266.72,0.16,0,0,4903
2023-05-10,SKU_045,Flipkart,East,49,54366.479999999996,0.28,1,1,1541
2023-04-23,SKU_005,Amazon,East,32,160680.96,0.12,1,1,5706
2023-01-04,SKU_045,Amazon,West,49,266630.07,0.07,0,0,5851
2023-06-17,SKU_045,Retail,South,79,79693.62,0.14,1,1,1173
2023-02-17,SKU_028,D2C,East,60,279498.60000000003,0.19,0,1,5751
2023-05-01,SKU_031,Distributor,East,55,63572.850000000006,0.19,1,0,1427
2023-01-20,SKU_035,D2C,South,23,109296.0,0.2,1,0,5940
2023-03-14,SKU_023,Amazon,North,61,267090.94,0.27,0,1,5998
2023-04-26,SKU_030,Amazon,West,63,61553.52,0.28,1,1,1357
2023-03-16,SKU_049,Amazon,North,55,211066.35,0.13,1,1,4411
2023-03-29,SKU_012,Amazon,Central,54,161424.9,0.09,0,1,3285
2023-02-06,SKU_012,Flipkart,North,47,183832.97999999998,0.27,0,0,5358
2023-06-19,SKU_023,Distributor,East,62,93043.4,0.14,1,0,1745
2023-02-13,SKU_001,D2C,East,77,384915.3,0.05,0,1,5262
2023-05-14,SKU_047,Retail,Central,56,263592.0,0.1,1,1,5230
2023-06-10,SKU_027,D2C,East,30,111711.9,0.27,0,1,5101
2023-02-17,SKU_014,D2C,South,32,40759.68,0.29,0,1,1794
2023-03-06,SKU_004,Flipkart,East,64,114316.16,0.21,1,1,2261
2023-04-08,SKU_035,Retail,South,30,45270.9,0.19,0,1,1863
2023-01-20,SKU_041,Flipkart,East,54,124092.0,0.25,0,0,3064
2023-05-16,SKU_014,D2C,West,43,105846.65000000001,0.09,1,1,2705
2023-01-30,SKU_043,Retail,Central,28,143259.75999999998,0.06,0,0,5443
2023-05-24,SKU_045,Flipkart,Central,66,177962.4,0.1,0,1,2996
2023-05-19,SKU_026,D2C,East,64,283034.24,0.11,0,0,4969
2023-06-06,SKU_037,Retail,North,22,117541.59999999999,0.05,1,1,5624
2023-06-26,SKU_040,Flipkart,West,59,216656.26,0.11,0,1,4126
2023-03-26,SKU_028,Amazon,East,56,254901.92,0.09,0,0,5002
2023-05-26,SKU_007,Distributor,East,66,230300.4,0.27,0,1,4780
2023-02-25,SKU_038,Distributor,North,53,71430.22,0.21,1,1,1706
2023-06-06,SKU_027,Retail,Central,78,96349.5,0.19,0,1,1525
2023-03-26,SKU_038,Retail,Central,47,266549.22,0.02,0,0,5787
2023-01-23,SKU_038,Retail,East,44,69115.2,0.23,1,1,2040
2023-04-03,SKU_015,Flipkart,South,30,36822.0,0.24,0,0,1615
2023-03-20,SKU_016,Flipkart,East,31,58240.32,0.04,1,1,1957
2023-06-14,SKU_020,D2C,East,29,115529.04,0.01,0,1,4024
2023-05-03,SKU_019,D2C,Central,54,205286.4,0.1,1,1,4224
2023-05-23,SKU_022,Distributor,East,44,116313.12,0.16,0,0,3147
2023-06-23,SKU_042,Flipkart,East,56,164855.6,0.09,1,1,3235
2023-03-31,SKU_003,Distributor,West,25,111783.0,0.16,0,1,5323
2023-03-24,SKU_033,Flipkart,East,32,66360.96,0.18,1,1,2529
2023-03-26,SKU_047,Amazon,South,32,164896.32,0.13,0,0,5923
2023-05-20,SKU_044,Amazon,East,93,352678.32,0.28,1,1,5267
2023-06-11,SKU_037,D2C,East,46,126871.68,0.04,1,0,2873
2023-04-29,SKU_048,Retail,South,48,152456.63999999998,0.02,1,0,3241
2023-03-12,SKU_038,D2C,South,48,56916.0,0.15,1,0,1395
2023-03-02,SKU_021,Flipkart,West,81,116761.5,0.25,0,1,1922
2023-04-23,SKU_047,Amazon,East,17,64329.700000000004,0.21,1,1,4790
2023-01-31,SKU_002,Flipkart,Central,48,79381.44,0.14,0,1,1923
2023-03-05,SKU_016,Amazon,West,17,45788.48,0.24,0,1,3544
2023-02-16,SKU_002,Distributor,North,2,5345.34,0.11,0,1,3003
2023-03-05,SKU_021,Distributor,South,35,36321.6,0.06,1,1,1104
2023-05-16,SKU_001,Flipkart,South,58,112857.56,0.03,1,1,2006
2023-02-20,SKU_027,Distributor,West,34,119829.6,0.12,0,1,4005
2023-03-19,SKU_024,Retail,North,57,188375.88,0.26,0,1,4466
2023-06-16,SKU_020,Retail,South,52,71668.48,0.27,1,1,1888
2023-03-16,SKU_041,D2C,Central,47,61896.17999999999,0.06,0,0,1401
2023-05-01,SKU_020,Retail,South,75,71487.0,0.22,1,0,1222
2023-06-21,SKU_048,Distributor,West,38,115155.20000000001,0.2,1,0,3788
2023-03-25,SKU_048,Retail,East,57,59487.48,0.22,0,0,1338
2023-04-16,SKU_041,Flipkart,South,13,15493.92,0.22,0,0,1528
2023-05-06,SKU_020,Retail,North,51,173322.48,0.08,1,0,3694
2023-04-03,SKU_020,Flipkart,North,44,112192.08,0.22,0,0,3269
2023-04-03,SKU_040,Distributor,North,26,38928.76,0.14,1,0,1741
2023-02-17,SKU_012,Distributor,North,57,245811.93000000002,0.09,0,0,4739
2023-02-05,SKU_022,Retail,West,35,134587.6,0.29,0,0,5416
2023-06-15,SKU_040,D2C,North,84,350862.12,0.29,0,1,5883
2023-06-14,SKU_028,Retail,West,1,4966.55,0.15,1,1,5843
2023-04-06,SKU_004,Distributor,North,54,193902.12000000002,0.18,0,1,4379
2023-02-14,SKU_046,Retail,East,50,57834.0,0.16,1,0,1377
2023-06-23,SKU_015,D2C,South,44,94432.79999999999,0.3,0,1,3066
2023-05-22,SKU_003,Flipkart,South,39,80997.15,0.27,0,0,2845
2023-06-04,SKU_039,D2C,East,51,114359.85,0.01,0,1,2265
2023-05-05,SKU_013,Flipkart,North,71,121122.45,0.15,1,1,2007
2023-02-03,SKU_048,Retail,South,16,20012.96,0.17,1,1,1507
2023-02-15,SKU_028,Flipkart,East,33,122221.44,0.04,1,1,3858
2023-05-07,SKU_028,Retail,South,28,150892.0,0.0,1,0,5389
2023-01-22,SKU_050,Distributor,South,28,68441.8,0.17,1,0,2945
2023-02-20,SKU_006,Flipkart,West,56,109256.0,0.0,0,0,1951
2023-03-15,SKU_024,Flipkart,West,61,48800.0,0.2,0,0,1000
2023-05-27,SKU_041,D2C,North,71,280322.2,0.05,1,0,4156
2023-06-26,SKU_010,Amazon,South,62,163207.56,0.27,1,0,3606
2023-03-28,SKU_008,Amazon,Central,63,137440.8,0.28,1,1,3030
2023-04-07,SKU_028,Amazon,East,21,34389.18,0.02,1,1,1671
2023-06-11,SKU_012,Distributor,Central,79,94089.0,0.25,1,1,1588
2023-05-28,SKU_031,Distributor,West,45,167790.6,0.03,0,0,3844
2023-05-08,SKU_027,Retail,West,70,162355.19999999998,0.04,1,1,2416
2023-04-19,SKU_044,Retail,North,22,61950.24,0.28,1,0,3911
2023-05-23,SKU_012,D2C,South,45,146268.0,0.2,1,1,4063
2023-04-16,SKU_018,D2C,East,68,72420.0,0.29,0,0,1500
2023-02-11,SKU_002,Retail,Central,50,60352.00000000001,0.18,0,0,1472
2023-05-20,SKU_024,Distributor,West,34,123599.52,0.12,1,0,4131
2023-05-03,SKU_022,D2C,East,76,161068.32,0.13,1,1,2436
2023-04-05,SKU_039,Retail,East,26,54156.96,0.01,1,1,2104
2023-06-10,SKU_006,Amazon,Central,49,92463.0,0.15,1,0,2220
2023-05-29,SKU_041,Retail,West,62,105695.12000000001,0.08,0,1,1853
2023-05-03,SKU_001,D2C,Central,91,409837.61,0.03,0,0,4643
2023-03-15,SKU_002,Flipkart,West,40,137012.8,0.24,0,1,4507
2023-03-25,SKU_025,Retail,Central,44,168393.72,0.13,1,0,4399
2023-04-30,SKU_022,Distributor,West,41,38808.96,0.13,0,1,1088
2023-01-14,SKU_017,Distributor,South,54,189521.1,0.15,0,1,4129
2023-06-06,SKU_029,Flipkart,South,61,129404.79,0.03,1,0,2187
2023-06-02,SKU_014,Amazon,South,71,230778.4,0.15,0,1,3824
2023-05-26,SKU_010,D2C,Central,65,233721.15,0.13,0,1,4133
2023-06-22,SKU_014,D2C,East,40,152203.2,0.26,0,0,5142
2023-04-21,SKU_039,D2C,South,66,276756.48,0.09,1,1,4608
2023-03-17,SKU_032,Flipkart,North,51,201358.2,0.24,0,1,5195
2023-01-16,SKU_043,Amazon,East,64,101120.0,0.2,0,0,1975
2023-05-03,SKU_009,Distributor,West,66,296936.64,0.16,1,1,5356
2023-04-26,SKU_030,Retail,South,82,202190.68,0.03,1,1,2542
2023-02-14,SKU_043,Flipkart,South,42,221484.9,0.05,0,1,5551
2023-04-14,SKU_011,Flipkart,West,39,50554.14,0.06,1,1,1379
2023-01-26,SKU_005,Distributor,Central,58,188161.28,0.26,0,1,4384
2023-02-21,SKU_015,Flipkart,South,73,301755.72,0.16,0,0,4921
2023-06-13,SKU_001,Amazon,West,51,66496.86,0.07,1,0,1402
2023-01-04,SKU_004,Distributor,North,74,123908.56000000001,0.18,1,0,2042
2023-03-25,SKU_008,Retail,West,63,111048.21,0.09,1,1,1937
2023-01-06,SKU_025,Retail,West,45,56775.6,0.16,1,1,1502
2023-01-18,SKU_046,Retail,North,61,226671.12,0.22,1,1,4764
2023-03-11,SKU_041,Flipkart,South,41,132269.28,0.12,0,0,3666
2023-03-05,SKU_025,D2C,East,54,223314.3,0.27,0,1,5665
2023-01-16,SKU_033,Flipkart,South,28,101316.59999999999,0.15,0,0,4257
2023-05-30,SKU_029,Flipkart,South,48,89558.4,0.24,0,1,2455
2023-04-28,SKU_032,Retail,North,69,153207.6,0.09,1,1,2440
2023-04-06,SKU_050,Distributor,East,65,139880.65,0.29,0,1,3031
2023-03-31,SKU_050,Retail,South,62,314974.88,0.08,0,0,5522
2023-04-14,SKU_038,Distributor,South,55,119557.34999999999,0.03,1,1,2241
2023-03-29,SKU_034,Distributor,West,53,139155.74,0.29,1,0,3698
2023-06-14,SKU_038,Amazon,North,24,89784.24,0.09,1,1,4111
2023-02-03,SKU_018,Distributor,East,45,200415.6,0.23,1,1,5784
2023-04-06,SKU_019,Amazon,East,53,102281.52,0.12,1,1,2193
2023-01-12,SKU_049,Retail,Central,27,82503.36,0.04,0,1,3183
2023-06-01,SKU_048,Distributor,South,14,25094.44,0.11,0,0,2014
2023-06-08,SKU_017,Flipkart,North,72,74213.28,0.18,0,0,1257
2023-04-23,SKU_022,Distributor,North,51,96402.24,0.12,0,0,2148
2023-01-17,SKU_047,Flipkart,West,54,91355.04000000001,0.24,1,0,2226
2023-06-14,SKU_023,Flipkart,North,61,155872.08000000002,0.22,0,0,3276
2023-02-05,SKU_004,D2C,East,30,82783.8,0.26,0,0,3729
2023-02-17,SKU_015,D2C,Central,41,113624.12000000001,0.21,0,1,3508
2023-05-25,SKU_010,Amazon,South,80,219542.4,0.01,1,1,2772
2023-05-19,SKU_012,D2C,East,40,96660.0,0.1,1,1,2685
2023-05-04,SKU_036,D2C,Central,44,173228.44,0.23,0,0,5113
2023-05-07,SKU_001,D2C,South,36,87246.72,0.12,0,0,2754
2023-05-22,SKU_029,D2C,South,35,106293.95,0.17,1,0,3659
2023-04-12,SKU_042,Amazon,North,72,229824.0,0.05,0,0,3360
2023-01-27,SKU_034,Flipkart,North,0,0.0,0.14,1,1,1007
2023-04-06,SKU_020,Flipkart,West,40,148227.2,0.12,1,0,4211
2023-06-17,SKU_004,D2C,South,54,245034.72,0.16,0,0,5402
2023-05-27,SKU_023,Retail,East,83,400084.89999999997,0.14,0,1,5605
2023-03-02,SKU_030,Amazon,East,27,57302.1,0.05,1,0,2234
2023-06-15,SKU_046,Amazon,South,23,56511.0,0.22,1,0,3150
2023-03-02,SKU_013,D2C,North,32,144782.72,0.14,1,0,5261
2023-02-11,SKU_005,Flipkart,South,64,333614.72000000003,0.11,1,0,5857
2023-05-13,SKU_009,Retail,Central,52,122241.6,0.1,0,1,2612
2023-05-12,SKU_001,Amazon,North,21,85097.25,0.25,1,1,5403
2023-01-02,SKU_045,Retail,East,51,181050.0,0.0,1,0,3550
2023-01-03,SKU_011,Flipkart,East,81,209625.57,0.23,1,1,3361
2023-05-06,SKU_041,Flipkart,East,55,169028.75,0.05,1,1,3235
2023-01-23,SKU_007,D2C,Central,53,51812.8,0.2,0,1,1222
2023-05-04,SKU_031,Retail,East,54,260110.44,0.14,1,0,5601
2023-01-29,SKU_009,Flipkart,Central,58,235260.76,0.02,0,1,4139
2023-02-27,SKU_048,Flipkart,West,24,19569.84,0.27,0,1,1117
2023-03-15,SKU_003,Retail,North,45,60677.1,0.01,0,1,1362
2023-04-08,SKU_033,Retail,South,46,166221.0,0.1,1,0,4015
2023-03-20,SKU_021,Amazon,East,40,137974.8,0.07,0,0,3709
2023-01-14,SKU_020,Flipkart,East,63,316514.51999999996,0.16,1,1,5981
2023-04-17,SKU_043,Distributor,North,37,27143.199999999997,0.3,1,0,1048
2023-06-19,SKU_019,Flipkart,Central,42,234295.74,0.03,0,0,5751
2023-04-03,SKU_010,Distributor,East,24,82766.4,0.14,0,1,4010
2023-03-20,SKU_046,Flipkart,Central,57,121085.67,0.21,1,0,2689
2023-06-18,SKU_004,Flipkart,South,68,257103.92,0.21,1,0,4786
2023-04-07,SKU_025,Flipkart,East,42,91784.7,0.15,1,0,2571
2023-05-26,SKU_014,Amazon,West,66,273802.98,0.29,1,1,5843
2023-04-24,SKU_019,Retail,South,47,49570.43,0.09,1,1,1159
2023-01-08,SKU_043,Retail,West,0,0.0,0.01,0,1,4185
2023-03-24,SKU_024,Distributor,East,48,178538.88,0.08,0,1,4043
2023-03-16,SKU_033,Amazon,East,46,180629.58,0.17,0,1,4731
2023-01-21,SKU_017,Amazon,Central,52,152672.52,0.23,1,0,3813
2023-03-03,SKU_037,Flipkart,North,55,118868.75,0.05,0,0,2275
2023-06-16,SKU_004,Retail,West,36,191797.92,0.08,1,0,5791
2023-01-21,SKU_044,Distributor,South,79,219038.56,0.14,0,1,3224
2023-03-27,SKU_034,Distributor,West,48,232227.36,0.13,0,1,5561
2023-06-27,SKU_048,Amazon,East,46,48847.86,0.19,1,1,1311
2023-06-11,SKU_001,D2C,Central,64,113264.64,0.28,1,0,2458
2023-01-02,SKU_002,Flipkart,Central,50,69384.0,0.16,1,1,1652
2023-02-25,SKU_007,Amazon,North,101,516791.75,0.03,0,0,5275
2023-04-25,SKU_040,Amazon,Central,45,66963.6,0.12,1,1,1691
2023-01-07,SKU_032,Distributor,South,57,172208.4,0.3,1,1,4316
2023-03-01,SKU_016,Distributor,North,35,36451.8,0.01,0,0,1052
2023-05-09,SKU_032,Distributor,Central,67,56775.8,0.24,0,0,1115
2023-04-22,SKU_028,Distributor,East,56,259534.24,0.14,1,0,5389
2023-01-17,SKU_010,Retail,Central,43,54636.66,0.22,0,1,1629
2023-06-03,SKU_006,Retail,North,32,131258.88,0.28,1,0,5697
2023-01-23,SKU_030,Distributor,East,23,97937.91,0.19,0,1,5257
2023-06-02,SKU_013,Flipkart,South,58,165306.96,0.16,1,1,3393
2023-05-18,SKU_038,Flipkart,North,22,77006.59999999999,0.15,1,1,4118
2023-04-15,SKU_034,D2C,North,76,93792.36,0.07,0,1,1327
2023-05-27,SKU_004,D2C,North,24,45749.76,0.08,0,0,2072
2023-01-15,SKU_023,D2C,North,46,88044.0,0.25,1,1,2552
2023-05-09,SKU_030,D2C,Central,32,37685.76,0.16,1,1,1402
2023-05-12,SKU_012,Amazon,West,50,153330.0,0.05,1,0,3228
2023-02-20,SKU_009,Flipkart,Central,50,160341.0,0.13,1,1,3686
2023-01-04,SKU_037,D2C,Central,58,197293.38,0.29,1,0,4791
2023-01-17,SKU_031,D2C,Central,19,87155.47,0.03,0,0,4729
2023-01-05,SKU_033,Distributor,North,34,99406.48,0.24,0,1,3847
2023-03-15,SKU_026,Amazon,Central,69,272884.64999999997,0.05,1,0,4163
2023-01-12,SKU_049,D2C,West,63,120788.64,0.08,1,0,2084
2023-02-16,SKU_042,Flipkart,Central,0,0.0,0.01,1,0,2231
2023-06-18,SKU_038,Amazon,Central,57,123186.12,0.03,0,0,2228
2023-02-07,SKU_038,Flipkart,East,29,96318.28,0.14,1,1,3862
2023-05-24,SKU_014,Retail,Central,38,162498.26,0.21,0,1,5413
2023-04-19,SKU_021,Flipkart,Central,45,49836.15,0.09,0,1,1217
2023-01-13,SKU_028,Amazon,West,81,187965.36,0.28,0,0,3223
2023-02-06,SKU_005,D2C,Central,29,66333.15,0.15,0,0,2691
2023-04-10,SKU_035,Amazon,East,21,50247.12,0.12,0,0,2719
2023-01-03,SKU_002,Amazon,South,59,308744.64,0.08,0,0,5688
2023-02-28,SKU_012,Amazon,North,49,148541.05,0.05,0,1,3191
2023-04-01,SKU_040,Amazon,East,74,196052.63999999998,0.17,0,0,3192
2023-01-23,SKU_019,Amazon,Central,42,185897.04,0.08,0,1,4811
2023-03-23,SKU_033,D2C,West,74,368981.76,0.16,0,1,5936
2023-04-06,SKU_046,Distributor,West,50,186046.0,0.03,1,0,3836
2023-03-17,SKU_042,Flipkart,East,60,155325.6,0.19,0,0,3196
2023-04-03,SKU_034,Distributor,East,82,367440.36,0.06,1,0,4767
2023-05-19,SKU_005,Distributor,Central,46,76569.3,0.19,0,1,2055
2023-05-27,SKU_043,Retail,Central,70,328266.4,0.12,1,1,5329
2023-01-20,SKU_048,Distributor,West,37,43796.899999999994,0.3,0,0,1691
2023-06-27,SKU_033,Amazon,North,54,111744.36,0.22,0,0,2653
2023-01-13,SKU_048,Retail,South,21,17599.68,0.28,0,0,1164
2023-05-02,SKU_031,Retail,East,39,36070.32,0.12,1,1,1051
2023-05-24,SKU_032,Distributor,West,28,58968.0,0.22,1,1,2700
2023-06-09,SKU_044,Retail,East,74,376719.2,0.12,1,1,5785
2023-02-11,SKU_041,Amazon,Central,84,246187.19999999998,0.15,0,0,3448
2023-01-03,SKU_038,Flipkart,Central,42,165249.0,0.14,1,0,4575
2023-01-19,SKU_032,D2C,North,34,107881.65999999999,0.29,1,1,4469
2023-04-09,SKU_032,Amazon,South,23,107058.1,0.11,1,1,5230
2023-05-12,SKU_028,Amazon,West,55,249744.0,0.04,1,0,4730
2023-03-21,SKU_019,D2C,South,37,71676.03,0.07,0,0,2083
2023-02-23,SKU_014,Retail,East,39,127712.52,0.13,1,0,3764
2023-05-20,SKU_001,Flipkart,East,82,67814.82,0.19,0,0,1021
2023-06-09,SKU_014,Retail,South,44,65007.36,0.04,0,1,1539
2023-02-20,SKU_019,Retail,Central,61,259509.25,0.23,1,1,5525
2023-06-07,SKU_045,Distributor,West,51,179378.22,0.26,0,1,4753
2023-03-13,SKU_014,D2C,South,22,92746.5,0.27,1,1,5775
2023-05-03,SKU_033,Amazon,Central,13,64658.88,0.04,0,1,5181
2023-01-23,SKU_043,Distributor,North,59,157350.63999999998,0.26,0,0,3604
2023-05-19,SKU_050,Retail,East,84,366939.72000000003,0.19,1,1,5393
2023-04-08,SKU_041,D2C,East,56,86310.0,0.25,1,0,2055
2023-06-04,SKU_045,Amazon,West,62,248919.46,0.03,1,0,4139
2023-05-20,SKU_015,Flipkart,Central,31,101215.62,0.01,0,0,3298
2023-02-12,SKU_001,D2C,East,70,234927.0,0.1,1,0,3729
2023-06-28,SKU_044,Amazon,South,70,78684.9,0.11,0,1,1263
2023-02-05,SKU_027,D2C,East,36,107472.95999999999,0.16,0,1,3554
2023-04-20,SKU_041,Flipkart,West,60,130305.0,0.15,1,0,2555
2023-02-24,SKU_049,Retail,North,14,25495.68,0.04,0,1,1897
2023-02-01,SKU_042,Amazon,South,64,265789.44,0.28,0,0,5768
2023-05-09,SKU_044,Retail,West,38,35739.0,0.1,0,1,1045
2023-05-15,SKU_037,Distributor,South,25,116437.50000000001,0.19,1,0,5750
2023-02-24,SKU_025,Retail,North,58,282485.51999999996,0.17,1,1,5868
2023-03-08,SKU_045,Flipkart,South,14,39527.6,0.05,1,1,2972
2023-01-21,SKU_014,Flipkart,North,56,113807.68,0.06,0,0,2162
2023-01-25,SKU_048,Amazon,North,27,58716.09,0.27,1,0,2979
2023-05-04,SKU_025,Amazon,Central,23,45270.9,0.1,1,0,2187
2023-02-01,SKU_045,Distributor,West,51,56934.36,0.16,0,1,1329
2023-05-17,SKU_026,D2C,East,46,54165.0,0.25,1,1,1570
2023-03-17,SKU_003,D2C,South,79,223159.2,0.2,1,0,3531
2023-06-10,SKU_004,Amazon,East,24,94944.95999999999,0.26,1,0,5346
2023-02-06,SKU_050,Amazon,Central,77,420840.42,0.02,0,1,5577
2023-04-03,SKU_029,Flipkart,Central,27,103659.75,0.25,0,0,5119
2023-01-19,SKU_046,Flipkart,Central,68,116810.4,0.16,0,0,2045
2023-03-10,SKU_014,Amazon,South,72,103910.4,0.12,0,0,1640
2023-03-28,SKU_013,Retail,West,56,162943.2,0.1,1,0,3233
2023-04-26,SKU_026,Amazon,East,34,148352.53999999998,0.17,1,0,5257
2023-01-07,SKU_017,Retail,Central,19,22306.0,0.0,0,0,1174
2023-03-30,SKU_047,Distributor,South,10,48937.5,0.13,0,0,5625
2023-03-17,SKU_030,Retail,East,87,282276.72000000003,0.12,0,1,3687
2023-03-13,SKU_042,Amazon,West,44,105243.59999999999,0.15,0,1,2814
2023-06-02,SKU_035,D2C,South,27,31867.019999999997,0.17,1,0,1422
2023-06-10,SKU_037,Retail,West,27,66636.0,0.2,1,1,3085
2023-06-22,SKU_042,Distributor,South,53,160844.4,0.1,0,1,3372
2023-05-25,SKU_017,Amazon,East,42,97040.58,0.09,0,0,2539
2023-01-18,SKU_016,D2C,South,11,52797.47,0.11,0,1,5393
2023-02-15,SKU_017,Distributor,West,67,191452.5,0.25,1,0,3810
2023-03-10,SKU_031,Amazon,South,56,171531.36000000002,0.09,1,1,3366
2023-05-29,SKU_007,Distributor,West,86,358571.84,0.08,1,1,4532
2023-01-17,SKU_008,Flipkart,South,72,250891.19999999998,0.05,0,1,3668
2023-04-08,SKU_025,Retail,East,0,0.0,0.1,1,0,4270
2023-03-01,SKU_013,Flipkart,North,78,332186.4,0.09,0,1,4680
2023-03-17,SKU_048,Flipkart,South,74,128733.36,0.16,0,0,2071
2023-06-16,SKU_050,Distributor,Central,35,98002.8,0.28,1,0,3889
2023-05-12,SKU_049,Retail,Central,41,78829.87999999999,0.29,0,0,2708
2023-06-22,SKU_044,Flipkart,Central,58,105771.12000000001,0.09,0,0,2004
2023-04-29,SKU_028,Amazon,East,29,87339.88,0.14,1,0,3502
2023-05-11,SKU_016,Flipkart,South,45,179730.0,0.0,1,1,3994
2023-05-16,SKU_025,Flipkart,East,70,290628.8,0.12,1,0,4718
2023-06-12,SKU_023,Retail,Central,60,237711.0,0.15,0,0,4661
2023-02-08,SKU_009,Distributor,Central,36,94741.92,0.22,1,1,3374
2023-04-17,SKU_010,Amazon,Central,70,335350.4,0.12,0,1,5444
2023-02-28,SKU_003,Distributor,South,56,95991.84,0.11,1,0,1926
2023-01-17,SKU_020,Retail,West,55,254705.55,0.13,1,0,5323
2023-02-14,SKU_022,D2C,Central,39,145977.78,0.21,1,0,4738
2023-04-04,SKU_023,D2C,East,49,184787.82,0.27,0,1,5166
2023-04-07,SKU_001,Flipkart,East,34,91334.88,0.18,0,1,3276
2023-05-11,SKU_024,Retail,Central,11,40403.659999999996,0.14,0,1,4271
2023-01-09,SKU_027,Distributor,East,44,95978.52,0.19,1,0,2693
2023-03-29,SKU_038,Retail,North,47,102219.36,0.08,0,0,2364
2023-06-23,SKU_048,Flipkart,North,52,40209.0,0.25,0,0,1031
2023-03-08,SKU_039,Flipkart,East,74,238917.88,0.26,1,0,4363
2023-05-12,SKU_012,Amazon,East,36,149031.36,0.06,1,0,4404
2023-05-26,SKU_004,Amazon,East,42,125422.92,0.29,0,1,4206
2023-01-08,SKU_002,Retail,North,65,257938.19999999998,0.27,1,0,5436
2023-05-25,SKU_050,D2C,North,34,146179.6,0.26,0,0,5810
2023-06-11,SKU_025,D2C,East,53,92475.46,0.23,1,1,2266
2023-02-21,SKU_009,Distributor,West,41,176496.80000000002,0.2,1,1,5381
2023-02-25,SKU_006,Flipkart,West,45,235544.4,0.09,0,1,5752
2023-06-20,SKU_049,Retail,East,65,139244.95,0.11,1,1,2407
2023-01-29,SKU_001,D2C,Central,42,102523.68,0.16,0,1,2906
2023-04-22,SKU_020,Amazon,East,65,230449.05000000002,0.19,1,1,4377
2023-05-04,SKU_038,Distributor,South,10,47738.6,0.14,0,1,5551
2023-06-19,SKU_050,D2C,Central,21,37635.15,0.27,1,0,2455
2023-06-18,SKU_011,Amazon,West,3,13575.87,0.23,1,0,5877
2023-01-12,SKU_020,Distributor,South,26,92679.6,0.22,0,1,4570
2023-03-26,SKU_048,Flipkart,Central,87,213663.30000000002,0.18,1,0,2995
2023-03-11,SKU_030,Retail,South,49,203287.77,0.07,0,1,4461
2023-02-18,SKU_034,Retail,East,35,131019.0,0.15,1,1,4404
2023-06-01,SKU_041,Amazon,Central,65,248098.5,0.1,1,0,4241
2023-05-24,SKU_006,Amazon,Central,68,106921.16,0.03,0,1,1621
2023-06-13,SKU_044,D2C,East,25,126192.0,0.04,1,1,5258
2023-05-31,SKU_002,D2C,North,99,554451.48,0.06,0,0,5958
2023-03-01,SKU_038,Retail,North,55,169923.6,0.28,1,1,4291
2023-01-01,SKU_046,Amazon,South,58,199862.19999999998,0.15,1,1,4054
2023-05-14,SKU_032,D2C,East,59,167654.4,0.26,0,0,3840
2023-05-05,SKU_029,D2C,Central,59,95091.48,0.01,0,1,1628
2023-04-24,SKU_035,Distributor,West,37,92092.26000000001,0.22,0,1,3191
2023-04-02,SKU_027,Amazon,Central,92,363847.12,0.09,0,1,4346
2023-06-18,SKU_039,Flipkart,West,44,197053.56,0.03,0,1,4617
2023-05-25,SKU_040,Amazon,Central,69,256913.22,0.17,1,1,4486
2023-06-21,SKU_026,D2C,North,40,66619.59999999999,0.03,0,1,1717
2023-01-12,SKU_041,Distributor,Central,36,69413.76000000001,0.22,1,1,2472
2023-01-09,SKU_043,Distributor,East,88,360996.24,0.07,1,1,4411
2023-03-03,SKU_005,Amazon,North,47,156009.92,0.18,0,1,4048
2023-06-22,SKU_044,D2C,Central,49,191405.75999999998,0.04,0,1,4069
2023-06-20,SKU_012,Amazon,East,55,112735.7,0.23,0,0,2662
2023-06-16,SKU_018,D2C,Central,102,268618.02,0.11,1,1,2959
2023-05-31,SKU_038,Flipkart,East,93,223021.44,0.04,0,0,2498
2023-04-24,SKU_034,Distributor,East,75,183918.75,0.15,0,1,2885
2023-04-21,SKU_005,Amazon,East,107,418460.95,0.15,0,1,4601
2023-02-23,SKU_018,Distributor,North,31,159599.78,0.06,1,0,5477
2023-04-06,SKU_041,D2C,Central,63,208826.1,0.13,0,1,3810
2023-03-27,SKU_017,Amazon,South,51,66147.0,0.0,1,1,1297
2023-06-08,SKU_025,Flipkart,West,14,63485.52,0.07,0,0,4876
2023-02-05,SKU_008,D2C,North,59,180592.51,0.27,1,1,4193
2023-05-01,SKU_046,Distributor,West,40,196092.0,0.1,0,0,5447
2023-02-20,SKU_038,Distributor,North,80,137779.2,0.22,1,0,2208
2023-03-24,SKU_009,Retail,South,42,119399.28,0.29,1,0,4004
2023-04-22,SKU_022,Retail,Central,40,76367.59999999999,0.29,0,1,2689
2023-05-13,SKU_016,Amazon,North,80,377023.2,0.13,1,1,5417
2023-06-30,SKU_034,Amazon,North,48,130424.15999999999,0.29,1,0,3827
2023-05-12,SKU_046,Amazon,Central,73,75005.31,0.13,1,0,1181
2023-04-05,SKU_010,Amazon,Central,58,226299.76,0.08,0,1,4241
2023-03-09,SKU_026,Amazon,East,58,155473.64,0.18,0,0,3269
2023-01-17,SKU_048,Retail,Central,45,62058.15,0.01,0,0,1393
2023-05-01,SKU_013,Distributor,South,60,280427.4,0.01,1,1,4721
2023-06-06,SKU_006,Distributor,North,47,63781.35,0.17,1,1,1635
2023-06-10,SKU_013,Retail,East,33,101584.56,0.08,1,0,3346
2023-06-05,SKU_041,D2C,South,47,42239.37,0.13,1,0,1033
2023-06-27,SKU_016,Distributor,East,75,288444.0,0.14,0,1,4472
2023-03-05,SKU_037,Distributor,East,60,311463.6,0.02,1,0,5297
2023-06-18,SKU_022,Flipkart,West,65,282863.1,0.13,0,1,5002
2023-05-31,SKU_038,Distributor,North,50,196509.0,0.07,0,1,4226
2023-01-17,SKU_003,Amazon,North,11,12019.59,0.19,1,0,1349
2023-05-15,SKU_004,Distributor,Central,25,36337.5,0.25,0,0,1938
2023-06-10,SKU_048,Flipkart,East,44,145046.0,0.05,1,1,3470
2023-01-03,SKU_040,Distributor,North,27,113155.38,0.19,1,1,5174
2023-05-18,SKU_002,Distributor,East,39,29668.079999999998,0.26,0,0,1028
2023-01-14,SKU_029,Amazon,North,38,146773.47999999998,0.06,1,1,4109
2023-04-07,SKU_034,Distributor,Central,39,141849.24000000002,0.21,0,0,4604
2023-06-18,SKU_003,Retail,South,78,340938.0,0.07,0,1,4700
2023-06-28,SKU_015,D2C,South,48,182145.6,0.09,1,1,4170
2023-03-13,SKU_014,Amazon,East,68,198092.16,0.28,0,1,4046
2023-01-28,SKU_043,Retail,West,53,84140.68,0.29,1,0,2236
2023-01-27,SKU_035,Retail,West,78,451463.22,0.03,0,0,5967
2023-05-13,SKU_003,Amazon,West,70,152275.19999999998,0.04,1,0,2266
2023-04-12,SKU_028,Distributor,West,38,80575.2,0.05,0,1,2232
2023-03-21,SKU_013,Retail,West,89,218274.28,0.24,1,1,3227
2023-01-24,SKU_010,Distributor,South,40,126516.0,0.22,1,1,4055
2023-01-18,SKU_021,Flipkart,West,54,235380.6,0.09,0,1,4790
2023-06-29,SKU_046,D2C,Central,57,249536.88,0.13,1,1,5032
2023-01-06,SKU_047,Retail,North,59,174132.01,0.27,1,0,4043
2023-06-28,SKU_049,Retail,Central,65,287601.6,0.04,0,0,4609
2023-05-01,SKU_048,Amazon,South,34,178502.72,0.12,0,0,5966
2023-02-27,SKU_017,Amazon,Central,64,191047.68,0.28,0,1,4146
2023-03-07,SKU_043,Amazon,South,61,96020.1,0.1,1,0,1749
2023-05-03,SKU_006,Retail,East,50,150628.5,0.01,1,0,3043
2023-04-10,SKU_038,Amazon,South,46,107495.1,0.19,0,1,2885
2023-01-21,SKU_029,Amazon,South,33,141993.72,0.08,0,0,4677
2023-04-04,SKU_027,Flipkart,East,59,192042.64,0.08,1,1,3538
2023-05-15,SKU_001,D2C,East,36,128124.36,0.09,1,1,3911
2023-05-22,SKU_038,Distributor,Central,54,154897.91999999998,0.17,1,0,3456
2023-01-01,SKU_026,Amazon,North,47,121711.20000000001,0.2,1,1,3237
2023-03-08,SKU_002,Amazon,West,23,73383.8,0.14,1,0,3710
2023-05-10,SKU_025,Flipkart,South,31,89924.8,0.2,1,1,3626
2023-04-01,SKU_016,Flipkart,East,58,240593.28,0.04,0,0,4321
2023-05-04,SKU_003,Distributor,Central,39,120594.23999999999,0.04,0,1,3221
2023-05-08,SKU_021,Amazon,North,38,102234.44,0.23,1,0,3494
2023-01-03,SKU_013,Flipkart,East,34,149328.68,0.14,0,0,5107
2023-02-03,SKU_008,Distributor,South,35,142329.6,0.04,1,0,4236
2023-06-28,SKU_011,Flipkart,South,82,376535.8,0.06,1,0,4885
2023-01-07,SKU_038,Flipkart,Central,27,63474.840000000004,0.22,0,0,3014
2023-06-23,SKU_015,Retail,South,79,230589.15,0.13,1,0,3355
2023-05-25,SKU_045,Distributor,West,43,237966.3,0.01,0,0,5590
2023-02-28,SKU_038,Flipkart,Central,36,118385.28,0.22,0,1,4216
2023-03-10,SKU_030,D2C,West,57,136358.82,0.22,1,1,3067
2023-04-06,SKU_023,Distributor,East,51,193174.74,0.01,0,0,3826
2023-04-23,SKU_035,Flipkart,North,46,50394.38,0.29,1,0,1543
2023-02-05,SKU_022,Flipkart,East,54,72349.2,0.13,0,0,1540
2023-05-19,SKU_026,Flipkart,West,50,172935.0,0.1,1,1,3843
2023-03-30,SKU_047,Amazon,North,45,44074.8,0.12,1,0,1113
2023-06-29,SKU_015,Amazon,North,68,103587.12000000001,0.09,1,0,1674
2023-06-25,SKU_007,Distributor,East,21,55724.76,0.09,0,1,2916
2023-03-19,SKU_032,Flipkart,Central,31,32031.99,0.11,1,1,1161
2023-03-26,SKU_009,Flipkart,East,34,31432.32,0.28,1,1,1284
2023-05-04,SKU_019,Flipkart,North,28,25084.08,0.21,1,1,1134
2023-02-26,SKU_044,Distributor,East,51,71961.0,0.17,1,1,1700
2023-06-15,SKU_003,Retail,South,60,237600.0,0.28,0,0,5500
2023-05-25,SKU_041,Amazon,Central,10,40104.0,0.2,1,0,5013
2023-01-06,SKU_015,Flipkart,North,40,211836.8,0.02,0,1,5404
2023-04-09,SKU_048,Amazon,South,43,154752.69999999998,0.15,1,1,4234
2023-04-03,SKU_024,Retail,East,44,257004.0,0.01,0,0,5900
2023-03-04,SKU_035,Retail,South,24,112167.36,0.21,0,0,5916
2023-02-04,SKU_025,Retail,North,43,216225.5,0.11,1,0,5650
2023-02-04,SKU_011,Distributor,West,31,62943.64,0.08,0,0,2207
2023-01-26,SKU_010,Distributor,West,43,72446.4,0.04,0,0,1755
2023-03-25,SKU_033,Flipkart,North,15,37204.8,0.08,1,1,2696
2023-06-22,SKU_002,Flipkart,West,43,150006.36,0.16,0,1,4153
2023-03-31,SKU_016,Retail,East,35,113159.2,0.12,1,1,3674
2023-02-08,SKU_050,Flipkart,North,44,58916.0,0.0,0,0,1339
2023-05-25,SKU_050,Distributor,North,56,51340.8,0.2,1,0,1146
2023-04-10,SKU_030,Amazon,Central,49,246729.69999999998,0.14,1,1,5855
2023-02-28,SKU_009,Retail,Central,65,129183.59999999999,0.16,0,0,2366
2023-05-28,SKU_005,D2C,North,42,125214.18,0.29,0,0,4199
2023-05-29,SKU_042,Retail,East,62,123390.54000000001,0.09,0,0,2187
2023-04-13,SKU_014,Retail,North,72,379533.60000000003,0.1,1,0,5857
2023-05-12,SKU_001,Retail,South,55,120427.99999999999,0.3,0,1,3128
2023-06-28,SKU_027,Flipkart,South,49,164416.56000000003,0.18,0,0,4092
2023-02-24,SKU_035,Flipkart,North,58,132800.28,0.07,1,1,2462
2023-05-17,SKU_030,D2C,South,56,259015.68,0.12,0,1,5256
2023-05-04,SKU_033,Flipkart,West,70,170610.30000000002,0.19,1,0,3009
2023-06-29,SKU_042,D2C,East,65,252037.5,0.25,0,1,5170
2023-02-25,SKU_037,Flipkart,East,66,63325.68,0.17,1,1,1156
2023-02-07,SKU_011,Distributor,West,50,42845.0,0.18,1,1,1045
2023-06-30,SKU_036,Distributor,North,56,122506.72,0.11,1,1,2458
2023-05-21,SKU_016,Amazon,East,56,272986.56,0.01,1,0,4924
2023-02-02,SKU_047,Flipkart,North,25,101765.25,0.07,1,0,4377
2023-01-19,SKU_050,Amazon,Central,71,349596.9,0.1,1,1,5471
2023-06-20,SKU_017,D2C,North,16,34717.12,0.11,0,0,2438
2023-05-14,SKU_033,Retail,East,64,296250.24,0.17,0,1,5577
2023-06-25,SKU_014,Flipkart,South,55,236553.9,0.03,1,1,4434
2023-04-08,SKU_038,Amazon,East,44,211346.08000000002,0.08,1,1,5221
2023-05-28,SKU_050,Flipkart,East,57,223601.31,0.13,1,0,4509
2023-06-16,SKU_003,D2C,North,58,72952.4,0.05,1,1,1324
2023-04-18,SKU_014,Distributor,Central,23,63256.899999999994,0.3,1,1,3929
2023-02-26,SKU_036,Flipkart,West,78,323728.08,0.14,1,1,4826
2023-01-08,SKU_033,D2C,South,51,113137.89,0.03,0,1,2287
2023-01-05,SKU_015,Flipkart,East,96,102816.0,0.16,1,1,1275
2023-02-17,SKU_045,Amazon,Central,65,333117.19999999995,0.06,0,1,5452
2023-01-28,SKU_004,Retail,South,50,81508.0,0.29,0,1,2296
2023-03-07,SKU_042,Retail,East,36,41097.600000000006,0.2,1,0,1427
2023-01-06,SKU_003,D2C,East,47,197317.28,0.24,1,0,5524
2023-02-23,SKU_031,D2C,Central,52,111339.8,0.15,1,1,2519
2023-06-02,SKU_017,Amazon,Central,79,355373.60000000003,0.2,1,1,5623
2023-02-25,SKU_004,Distributor,West,74,227816.4,0.16,1,0,3665
2023-05-27,SKU_026,D2C,South,59,148828.68,0.16,1,1,3003
2023-03-14,SKU_031,Distributor,South,85,330021.0,0.1,0,1,4314
2023-01-09,SKU_004,Retail,West,9,17151.84,0.14,1,1,2216
2023-04-24,SKU_001,Retail,North,59,92426.45,0.03,1,1,1615
2023-03-09,SKU_031,Flipkart,Central,75,207481.5,0.06,0,1,2943
2023-02-21,SKU_012,Amazon,North,60,249018.0,0.02,1,0,4235
2023-02-05,SKU_033,Distributor,West,23,73271.56,0.27,1,0,4364
2023-03-07,SKU_024,Retail,South,77,118892.62000000001,0.18,1,1,1883
2023-05-26,SKU_028,Distributor,South,65,159504.8,0.02,0,0,2504
2023-01-31,SKU_025,Amazon,South,56,128066.4,0.01,0,1,2310
2023-01-27,SKU_011,D2C,North,51,157908.24,0.03,0,0,3192
2023-01-06,SKU_042,Amazon,Central,89,158958.45,0.19,1,0,2205
2023-05-09,SKU_018,Amazon,West,58,128458.4,0.02,1,1,2260
2023-03-27,SKU_039,Distributor,East,45,48859.2,0.04,1,1,1131
2023-05-12,SKU_016,Retail,West,33,91976.94,0.18,1,0,3399
2023-03-18,SKU_025,D2C,Central,65,55698.50000000001,0.18,0,1,1045
2023-02-15,SKU_016,D2C,Central,69,240911.43,0.11,1,1,3923
2023-06-27,SKU_015,Amazon,South,51,65641.08,0.08,1,0,1399
2023-02-21,SKU_045,D2C,East,38,104884.56,0.01,0,1,2788
2023-06-09,SKU_023,D2C,South,76,125305.76,0.06,1,1,1754
2023-06-17,SKU_036,Retail,West,32,44770.56,0.11,1,1,1572
2023-06-05,SKU_048,Flipkart,Central,89,337750.55,0.29,0,0,5345
2023-06-18,SKU_027,Amazon,South,35,162904.0,0.2,1,0,5818
2023-03-30,SKU_041,Distributor,West,24,27280.8,0.1,1,0,1263
2023-03-21,SKU_043,Distributor,North,26,129218.7,0.15,1,0,5847
2023-01-12,SKU_049,Amazon,North,27,151613.91,0.03,1,1,5789
2023-03-07,SKU_034,D2C,Central,45,35131.5,0.26,0,1,1055
2023-06-22,SKU_022,D2C,West,40,38051.2,0.06,1,0,1012
2023-02-09,SKU_041,D2C,North,70,83790.0,0.24,0,1,1575
2023-02-11,SKU_002,Distributor,North,67,126441.06,0.29,1,1,2658
2023-04-13,SKU_034,Flipkart,West,45,98331.3,0.21,0,1,2766
2023-06-03,SKU_038,Flipkart,South,112,409456.32,0.22,0,0,4687
2023-03-21,SKU_045,Distributor,East,45,143640.0,0.16,1,0,3800
2023-04-27,SKU_017,Retail,South,47,203746.88,0.08,1,1,4712
2023-05-06,SKU_030,Distributor,West,24,104438.4,0.12,0,0,4945
2023-01-20,SKU_018,Retail,West,48,67989.59999999999,0.29,1,0,1995
2023-06-13,SKU_014,Retail,Central,55,135902.25,0.05,1,1,2601
2023-05-21,SKU_048,Flipkart,North,26,24787.88,0.27,0,0,1306
2023-01-11,SKU_028,D2C,South,40,42279.200000000004,0.18,1,0,1289
2023-01-27,SKU_018,Distributor,East,56,105232.40000000001,0.09,0,0,2065
2023-04-07,SKU_018,Flipkart,South,39,169759.2,0.2,0,1,5441
2023-03-04,SKU_035,Retail,East,35,56365.4,0.24,1,1,2119
2023-03-14,SKU_020,Amazon,West,65,235690.0,0.26,1,0,4900
2023-04-23,SKU_018,D2C,Central,24,84821.76,0.26,1,0,4776
2023-04-04,SKU_024,Amazon,Central,28,119367.92,0.26,0,1,5761
2023-03-25,SKU_005,Distributor,East,53,64056.86,0.11,0,1,1358
2023-02-25,SKU_006,Flipkart,East,66,212672.46000000002,0.09,1,1,3541
2023-05-18,SKU_032,Retail,West,56,196450.80000000002,0.09,1,1,3855
2023-02-02,SKU_008,Amazon,East,45,135776.25,0.25,0,0,4023
2023-05-23,SKU_039,Amazon,North,43,164739.88,0.29,1,0,5396
2023-01-30,SKU_045,D2C,East,70,309876.0,0.16,1,1,5270
2023-04-07,SKU_033,Distributor,South,67,250220.88,0.28,0,0,5187
2023-05-11,SKU_044,Distributor,East,50,98640.0,0.28,1,1,2740
2023-01-08,SKU_006,Amazon,North,44,184991.84,0.11,0,1,4724
2023-05-11,SKU_034,Amazon,North,50,245195.0,0.11,1,0,5510
2023-05-21,SKU_039,Amazon,North,35,63427.00000000001,0.18,0,1,2210
2023-06-25,SKU_002,Amazon,South,46,168058.24,0.02,1,1,3728
2023-01-26,SKU_010,Amazon,South,40,126488.8,0.14,1,0,3677
2023-02-13,SKU_005,Distributor,East,47,49027.11,0.13,0,0,1199
2023-04-25,SKU_008,D2C,South,40,138560.4,0.01,0,0,3499
2023-04-18,SKU_015,Flipkart,Central,60,73355.4,0.17,1,1,1473
2023-05-07,SKU_038,D2C,Central,66,104181.0,0.23,0,0,2050
2023-02-24,SKU_023,Retail,North,42,69991.31999999999,0.03,1,1,1718
2023-01-09,SKU_016,Retail,East,33,78652.2,0.15,1,0,2804
2023-02-08,SKU_031,Distributor,Central,64,102277.12,0.12,0,1,1816
2023-03-28,SKU_046,Distributor,North,53,159055.65,0.05,0,0,3159
2023-02-21,SKU_025,D2C,South,42,173149.62,0.17,0,1,4967
2023-01-14,SKU_046,Distributor,North,77,416442.94999999995,0.05,1,0,5693
2023-06-06,SKU_020,Flipkart,South,38,186966.08000000002,0.08,1,0,5348
2023-01-21,SKU_014,Flipkart,South,10,33911.200000000004,0.08,0,1,3686
2023-06-26,SKU_044,Retail,East,35,124588.79999999999,0.28,0,1,4944
2023-06-05,SKU_008,Distributor,West,82,178973.19999999998,0.3,0,1,3118
2023-01-07,SKU_028,Amazon,North,43,214573.44,0.08,1,1,5424
2023-04-05,SKU_043,Amazon,Central,39,176906.73,0.23,0,1,5891
2023-06-22,SKU_014,Retail,West,50,77786.0,0.24,0,1,2047
2023-01-26,SKU_037,Flipkart,West,70,213267.59999999998,0.07,0,1,3276
2023-03-28,SKU_022,D2C,South,48,75707.52,0.14,0,0,1834
2023-02-13,SKU_045,Distributor,Central,61,63780.990000000005,0.09,1,0,1149
2023-03-05,SKU_028,Distributor,North,46,141072.80000000002,0.18,0,0,3740
2023-01-17,SKU_046,Flipkart,North,61,168461.87,0.11,1,1,3103
2023-06-10,SKU_030,Retail,West,53,153923.66,0.14,0,1,3377
2023-03-30,SKU_047,D2C,South,42,80141.88,0.18,1,0,2327
2023-05-19,SKU_004,Flipkart,East,55,165975.7,0.14,1,0,3509
2023-04-22,SKU_023,Retail,Central,39,126126.0,0.23,1,0,4200
2023-01-02,SKU_017,Flipkart,West,22,86551.08,0.13,1,0,4522
2023-02-07,SKU_016,D2C,East,49,85031.17,0.03,0,0,1789
2023-01-06,SKU_038,Distributor,East,24,44214.72,0.21,1,1,2332
2023-02-09,SKU_009,D2C,South,61,231360.80000000002,0.2,0,1,4741
2023-02-24,SKU_008,Amazon,East,49,60094.58,0.11,0,1,1378
2023-06-27,SKU_047,Retail,West,78,292344.0,0.2,0,0,4685
2023-01-01,SKU_033,Flipkart,West,43,138834.1,0.17,1,0,3890
2023-04-10,SKU_011,Distributor,East,49,108192.0,0.04,1,0,2300
2023-05-05,SKU_014,Retail,South,20,83692.8,0.28,0,1,5812
2023-03-26,SKU_024,Distributor,Central,27,98322.93,0.29,0,0,5129
2023-04-09,SKU_012,Flipkart,West,16,47493.6,0.23,0,1,3855
2023-04-11,SKU_039,D2C,South,71,230998.5,0.1,0,0,3615
2023-06-24,SKU_018,Retail,Central,40,67014.0,0.15,0,1,1971
2023-03-27,SKU_020,Flipkart,Central,76,179780.28,0.13,1,1,2719
2023-04-06,SKU_001,Amazon,South,0,0.0,0.04,0,1,3868
2023-02-13,SKU_002,Retail,West,80,107904.0,0.2,0,1,1686
2023-05-25,SKU_047,Distributor,East,48,79722.72,0.23,1,1,2157
2023-01-25,SKU_004,Amazon,Central,56,112896.0,0.1,1,1,2240
2023-03-03,SKU_006,Flipkart,East,28,32076.800000000003,0.2,1,1,1432
2023-06-06,SKU_048,Distributor,North,60,46466.4,0.24,1,0,1019
2023-06-08,SKU_039,Retail,West,42,136805.76,0.28,0,1,4524
2023-02-02,SKU_018,Retail,East,26,42793.920000000006,0.19,1,0,2032
2023-02-21,SKU_003,Flipkart,Central,25,75289.5,0.22,0,1,3861
2023-02-21,SKU_014,D2C,North,25,119518.5,0.14,1,0,5559
2023-03-29,SKU_018,Distributor,West,57,138510.0,0.25,0,0,3240
2023-01-27,SKU_024,D2C,North,37,90655.18000000001,0.23,1,1,3182
2023-01-20,SKU_043,Retail,West,17,32767.5,0.25,0,1,2570
2023-05-18,SKU_018,D2C,Central,57,294903.18,0.01,0,1,5226
2023-04-14,SKU_032,Amazon,East,6,21511.440000000002,0.08,1,1,3897
2023-01-30,SKU_017,Distributor,South,76,421070.39999999997,0.05,1,1,5832
2023-03-16,SKU_005,Distributor,Central,89,226506.78000000003,0.19,1,1,3142
2023-06-01,SKU_010,Flipkart,East,23,122884.4,0.05,1,1,5624
2023-01-01,SKU_032,Distributor,Central,71,124905.33,0.01,0,1,1777
2023-01-05,SKU_024,Retail,South,56,162366.4,0.3,0,0,4142
2023-02-12,SKU_003,Flipkart,West,39,150625.02,0.02,0,0,3941
2023-05-12,SKU_004,Distributor,East,40,39412.799999999996,0.16,1,1,1173
2023-01-15,SKU_024,Distributor,West,63,313921.44,0.16,0,1,5932
2023-06-15,SKU_003,Amazon,West,49,182553.41999999998,0.07,0,0,4006
2023-02-03,SKU_042,Flipkart,Central,0,0.0,0.24,0,1,4050
2023-05-31,SKU_050,D2C,East,91,318077.76,0.12,1,0,3972
2023-02-28,SKU_025,Distributor,North,58,298570.08,0.11,0,0,5784
2023-05-03,SKU_050,Distributor,North,48,85234.08,0.29,1,1,2501
2023-01-19,SKU_024,D2C,South,35,86199.40000000001,0.08,1,0,2677
2023-05-14,SKU_014,Distributor,North,46,221812.0,0.0,0,0,4822
2023-05-19,SKU_038,Amazon,Central,75,217003.5,0.17,0,1,3486
2023-06-07,SKU_012,Retail,West,55,129662.50000000001,0.18,1,0,2875
2023-03-10,SKU_016,Retail,North,57,292296.0,0.0,0,1,5128
2023-05-01,SKU_024,Retail,Central,25,49427.5,0.15,1,1,2326
2023-01-28,SKU_035,Retail,Central,43,136471.68,0.28,0,0,4408
2023-06-15,SKU_041,Distributor,South,51,180275.31,0.13,1,1,4063
2023-02-09,SKU_024,Retail,North,63,198576.63,0.13,1,1,3623
2023-02-06,SKU_043,Retail,East,41,110770.93,0.27,1,1,3701
2023-04-03,SKU_006,D2C,West,68,340578.0,0.1,1,0,5565
2023-03-04,SKU_005,Flipkart,North,27,31752.0,0.02,1,1,1200
2023-06-19,SKU_050,Retail,West,51,195056.63999999998,0.17,0,0,4608
2023-03-08,SKU_020,D2C,West,48,133235.52,0.26,0,1,3751
2023-01-13,SKU_017,Retail,South,19,55506.22,0.23,0,1,3794
2023-04-18,SKU_035,Amazon,South,49,127732.70999999999,0.07,0,0,2803
2023-02-06,SKU_039,Amazon,South,38,106941.12000000001,0.18,0,0,3432
2023-06-16,SKU_002,Flipkart,North,78,286813.8,0.15,1,1,4326
2023-06-26,SKU_038,D2C,West,41,61270.4,0.2,1,0,1868
2023-02-19,SKU_001,D2C,North,57,194897.25,0.25,0,1,4559
2023-05-28,SKU_014,Amazon,North,25,111506.25,0.05,0,0,4695
2023-05-01,SKU_049,Distributor,Central,54,157584.96000000002,0.08,1,1,3172
2023-05-26,SKU_022,Amazon,East,41,105858.72,0.01,0,0,2608
2023-06-05,SKU_002,Retail,Central,34,150604.02000000002,0.21,0,1,5607
2023-05-23,SKU_004,Amazon,North,106,475277.5,0.15,0,0,5275
2023-03-21,SKU_013,Retail,East,42,119211.12,0.07,0,1,3052
2023-01-20,SKU_047,Retail,South,45,198381.15,0.01,0,0,4453
2023-01-06,SKU_004,D2C,South,68,54264.0,0.25,1,0,1064
2023-06-12,SKU_010,Retail,South,34,57250.56,0.04,1,1,1754
2023-01-27,SKU_006,Retail,East,58,216548.80000000002,0.2,1,0,4667
2023-01-03,SKU_019,D2C,East,60,129779.4,0.27,0,1,2963
2023-01-04,SKU_040,Retail,South,54,192047.76,0.26,1,1,4806
2023-05-03,SKU_037,Flipkart,East,95,131453.4,0.22,0,1,1774
2023-05-04,SKU_024,Amazon,North,33,178427.03999999998,0.06,1,1,5752
2023-02-07,SKU_009,Retail,Central,80,215512.0,0.21,1,1,3410
2023-04-28,SKU_022,Distributor,South,59,152024.12,0.26,0,0,3482
2023-06-30,SKU_009,Flipkart,South,68,138866.2,0.21,1,0,2585
2023-01-30,SKU_047,Amazon,South,56,63362.88,0.16,0,1,1347
2023-03-30,SKU_013,Retail,Central,87,219448.80000000002,0.2,1,0,3153
2023-01-26,SKU_025,Amazon,East,43,113371.65,0.07,0,0,2835
2023-05-25,SKU_036,Distributor,West,59,236868.48,0.18,1,1,4896
2023-03-07,SKU_009,D2C,South,76,364842.56,0.08,1,0,5218
2023-05-10,SKU_049,D2C,West,38,168127.96,0.09,1,1,4862
2023-04-19,SKU_009,Amazon,South,70,181221.6,0.08,0,0,2814
2023-06-28,SKU_020,Amazon,West,49,254296.28,0.08,0,0,5641
2023-01-04,SKU_005,Flipkart,North,25,89832.0,0.24,0,0,4728
2023-03-14,SKU_010,D2C,West,20,76755.0,0.25,0,1,5117
2023-04-05,SKU_031,Amazon,North,48,143885.28,0.23,0,1,3893
2023-01-16,SKU_017,Distributor,West,69,87147.0,0.0,1,1,1263
2023-05-31,SKU_044,Distributor,East,8,12844.48,0.11,1,0,1804
2023-06-28,SKU_032,Flipkart,Central,54,136301.4,0.14,1,0,2935
2023-04-08,SKU_004,Flipkart,West,67,120858.62,0.06,1,1,1919
2023-06-17,SKU_047,Flipkart,West,24,109272.24,0.23,0,1,5913
2023-01-16,SKU_045,D2C,North,37,89510.4,0.16,1,1,2880
2023-03-30,SKU_025,D2C,South,61,87791.20000000001,0.2,0,1,1799
2023-01-01,SKU_006,Distributor,South,66,293376.6,0.01,1,0,4490
2023-05-02,SKU_038,Distributor,North,82,272026.8,0.1,0,0,3686
2023-02-07,SKU_007,Flipkart,South,38,117154.0,0.0,1,0,3083
2023-02-12,SKU_044,Flipkart,East,33,182203.56,0.02,1,1,5634
2023-05-01,SKU_008,Flipkart,Central,83,216630.0,0.13,1,1,3000
2023-05-15,SKU_012,Amazon,East,34,118679.72,0.26,0,0,4717
2023-02-28,SKU_011,Amazon,West,60,128318.40000000001,0.24,1,1,2814
2023-03-17,SKU_025,D2C,North,93,268836.96,0.11,1,1,3248
2023-06-06,SKU_022,Distributor,Central,65,238256.2,0.09,0,0,4028
2023-03-12,SKU_021,Retail,North,65,218117.9,0.23,1,0,4358
2023-03-26,SKU_021,Flipkart,East,75,123626.25,0.01,0,0,1665
2023-01-02,SKU_041,Flipkart,West,60,214438.8,0.17,0,0,4306
2023-05-23,SKU_031,Amazon,West,65,275096.25,0.25,0,0,5643
2023-02-17,SKU_014,Retail,South,43,75852.0,0.28,0,0,2450
2023-05-05,SKU_036,D2C,West,73,89273.16,0.14,0,1,1422
2023-01-10,SKU_024,D2C,Central,58,119737.52,0.27,0,0,2828
2023-03-04,SKU_025,D2C,Central,20,27659.0,0.15,1,0,1627
2023-06-07,SKU_041,Retail,East,54,179508.96,0.28,1,1,4617
2023-06-09,SKU_007,Flipkart,Central,6,5243.94,0.17,1,1,1053
2023-06-19,SKU_041,Amazon,East,64,176962.56000000003,0.18,1,1,3372
2023-05-09,SKU_045,Amazon,West,45,218809.35,0.13,0,0,5589
2023-05-25,SKU_023,Distributor,North,88,439375.2,0.11,0,1,5610
2023-02-18,SKU_031,Distributor,North,59,307826.01,0.13,1,0,5997
2023-05-21,SKU_023,Flipkart,East,68,137744.88,0.22,0,0,2597
2023-02-01,SKU_007,Flipkart,Central,29,77329.95,0.13,0,0,3065
2023-04-24,SKU_036,D2C,Central,63,245808.36000000002,0.08,0,1,4241
2023-05-26,SKU_027,Amazon,Central,37,175837.32,0.14,1,0,5526
2023-01-03,SKU_010,Flipkart,South,71,177693.12,0.04,1,0,2607
2023-06-29,SKU_048,Distributor,South,27,35706.42,0.21,0,0,1674
2023-06-13,SKU_023,D2C,East,52,251234.36,0.17,1,1,5821
2023-04-28,SKU_048,Amazon,Central,26,34983.0,0.22,1,1,1725
2023-04-09,SKU_001,Retail,South,52,102921.0,0.25,1,0,2639
2023-04-01,SKU_035,Amazon,South,90,265828.5,0.03,1,0,3045
2023-02-08,SKU_008,Amazon,North,64,221506.56,0.12,1,1,3933
2023-03-06,SKU_005,Amazon,West,49,247250.08,0.12,1,0,5734
2023-02-15,SKU_017,Retail,East,0,0.0,0.05,0,0,3393
2023-03-21,SKU_024,Distributor,Central,39,104264.16,0.02,1,0,2728
2023-06-24,SKU_015,D2C,East,59,162342.63,0.21,0,0,3483
2023-01-17,SKU_014,D2C,North,39,131651.52,0.23,0,0,4384
2023-02-25,SKU_044,Amazon,South,78,155422.80000000002,0.1,0,0,2214
2023-03-14,SKU_033,Amazon,Central,51,146623.98,0.14,1,0,3343
2023-04-02,SKU_012,Flipkart,East,71,165288.0,0.25,1,0,3104
2023-03-22,SKU_011,Flipkart,East,54,96854.94,0.27,1,0,2457
2023-05-16,SKU_020,Retail,Central,44,210210.88,0.11,0,0,5368
2023-04-06,SKU_018,Retail,North,40,67675.6,0.11,1,1,1901
2023-03-05,SKU_049,Amazon,Central,29,132076.15,0.21,0,0,5765
2023-05-01,SKU_034,Retail,North,71,323054.26,0.17,1,1,5482
2023-05-18,SKU_009,Distributor,East,41,185805.44,0.03,0,1,4672
2023-04-27,SKU_017,D2C,West,60,58207.200000000004,0.21,1,0,1228
2023-04-12,SKU_037,Distributor,South,39,219573.9,0.02,0,0,5745
2023-04-24,SKU_030,D2C,South,28,95252.08,0.06,1,0,3619
2023-06-18,SKU_019,Retail,Central,61,269815.2,0.03,0,0,4560
2023-01-19,SKU_015,Flipkart,West,35,114632.0,0.2,1,1,4094
2023-02-19,SKU_038,Amazon,East,41,34431.8,0.24,0,1,1105
2023-03-20,SKU_013,D2C,West,25,110280.0,0.2,1,0,5514
2023-06-24,SKU_030,Flipkart,Central,40,126289.2,0.13,0,1,3629
2023-06-21,SKU_015,Flipkart,South,50,112843.5,0.23,1,1,2931
2023-03-02,SKU_019,Flipkart,East,44,61501.44,0.22,1,0,1792
2023-01-08,SKU_020,D2C,West,66,257564.99999999997,0.3,0,0,5575
2023-03-10,SKU_035,Flipkart,South,52,84347.12,0.27,1,1,2222
2023-05-03,SKU_004,Flipkart,North,111,169275.0,0.0,1,0,1525
2023-03-09,SKU_009,Flipkart,East,58,178356.96,0.28,1,1,4271
2023-03-20,SKU_050,Distributor,South,15,70443.9,0.13,0,0,5398
2023-03-06,SKU_042,Flipkart,North,45,95863.95,0.09,1,1,2341
2023-04-17,SKU_022,D2C,East,47,155805.0,0.22,0,1,4250
2023-02-12,SKU_022,D2C,South,37,142355.28,0.08,1,0,4182
2023-02-07,SKU_004,Distributor,West,51,111033.62999999999,0.07,1,0,2341
2023-04-16,SKU_042,Flipkart,East,37,89984.0,0.05,0,0,2560
2023-02-12,SKU_048,Retail,South,56,70987.28,0.09,1,1,1393
2023-05-30,SKU_008,Amazon,North,11,39674.799999999996,0.29,0,0,5080
2023-04-25,SKU_001,Distributor,East,72,220786.56,0.28,1,1,4259
2023-01-07,SKU_040,D2C,West,18,87512.40000000001,0.1,1,1,5402
2023-03-14,SKU_023,Flipkart,East,44,186810.36,0.03,0,1,4377
2023-04-05,SKU_007,D2C,Central,35,148411.19999999998,0.04,1,1,4417
2023-01-17,SKU_023,Distributor,Central,56,138608.4,0.13,0,1,2845
2023-04-27,SKU_022,Amazon,East,46,124653.56,0.14,1,0,3151
2023-02-24,SKU_035,D2C,Central,55,118800.0,0.2,1,1,2700
2023-04-16,SKU_039,Flipkart,North,72,199029.6,0.23,0,1,3590
2023-06-23,SKU_038,Distributor,Central,65,259152.4,0.24,1,0,5246
2023-01-12,SKU_005,Flipkart,North,50,164604.0,0.12,1,1,3741
2023-04-04,SKU_018,D2C,Central,59,145138.23,0.19,0,0,3037
2023-03-31,SKU_048,Retail,East,89,480167.45999999996,0.03,0,0,5562
2023-03-20,SKU_036,Retail,Central,66,243474.0,0.0,1,1,3689
2023-04-18,SKU_021,Distributor,West,44,81178.68000000001,0.11,1,1,2073
2023-02-22,SKU_005,Amazon,North,75,94905.0,0.05,0,0,1332
2023-01-22,SKU_036,Flipkart,South,57,162621.0,0.0,1,1,2853
2023-01-27,SKU_036,Flipkart,North,30,155469.6,0.12,0,0,5889
2023-05-28,SKU_012,Amazon,West,46,193445.18,0.29,0,0,5923
2023-04-23,SKU_029,Distributor,North,20,42657.2,0.06,1,1,2269
2023-03-23,SKU_036,Retail,Central,4,21372.12,0.01,0,0,5397
2023-06-16,SKU_010,Retail,North,31,159851.19,0.13,1,1,5927
2023-06-17,SKU_011,D2C,East,52,236387.31999999998,0.17,1,0,5477
2023-03-06,SKU_035,Retail,North,52,127966.8,0.22,0,1,3155
2023-02-11,SKU_044,Flipkart,East,21,106844.01000000001,0.09,1,0,5591
2023-04-22,SKU_017,Flipkart,Central,2,7388.04,0.13,1,0,4246
2023-06-01,SKU_006,Distributor,North,79,111464.26,0.06,0,0,1501
2023-02-06,SKU_047,Distributor,East,51,228974.69999999998,0.05,0,1,4726
2023-06-27,SKU_012,Flipkart,North,81,101447.64,0.29,0,1,1764
2023-05-09,SKU_022,Distributor,North,79,158534.04,0.16,1,1,2389
2023-03-27,SKU_038,Distributor,North,64,91685.12,0.17,1,1,1726
2023-02-02,SKU_026,Amazon,North,51,138644.52,0.27,0,0,3724
2023-02-09,SKU_046,D2C,Central,42,48478.5,0.19,0,1,1425
2023-01-11,SKU_050,Distributor,Central,64,69379.2,0.01,0,1,1095
2023-04-22,SKU_037,Flipkart,West,46,208299.04,0.08,1,1,4922
2023-06-07,SKU_031,Distributor,West,38,38851.2,0.29,1,1,1440
2023-04-07,SKU_029,Distributor,Central,8,37000.0,0.0,1,1,4625
2023-01-06,SKU_049,D2C,South,48,230329.44,0.01,1,1,4847
2023-04-30,SKU_033,Amazon,South,71,100682.26,0.02,1,1,1447
2023-03-10,SKU_016,Distributor,North,75,327162.0,0.12,1,0,4957
2023-05-01,SKU_001,Flipkart,East,51,70148.45999999999,0.03,1,1,1418
2023-03-17,SKU_044,Amazon,East,32,123677.44,0.08,0,0,4201
2023-04-08,SKU_004,D2C,North,68,136603.16,0.03,1,0,2071
2023-03-25,SKU_034,Distributor,North,49,209364.75,0.19,0,0,5275
2023-02-05,SKU_045,D2C,North,42,103095.72,0.22,0,1,3147
2023-03-04,SKU_045,D2C,West,20,38556.0,0.19,1,1,2380
2023-02-28,SKU_026,D2C,North,92,177677.76,0.22,0,1,2476
2023-01-30,SKU_001,Distributor,West,64,106122.24,0.02,0,0,1692
2023-03-04,SKU_024,Retail,East,66,167574.0,0.0,1,1,2539
2023-02-14,SKU_048,Flipkart,Central,32,76982.40000000001,0.19,1,0,2970
2023-01-15,SKU_048,Amazon,East,51,167125.98,0.11,1,1,3682
2023-01-30,SKU_015,Distributor,South,48,192830.4,0.3,1,1,5739
2023-05-26,SKU_006,Flipkart,East,65,164892.0,0.2,1,0,3171
2023-01-13,SKU_028,Retail,South,77,90125.42,0.14,1,1,1361
2023-06-02,SKU_009,Flipkart,Central,21,69429.15000000001,0.21,1,1,4185
2023-05-26,SKU_036,Retail,Central,28,49803.32,0.17,1,1,2143
2023-03-12,SKU_007,Flipkart,Central,62,85746.0,0.25,1,0,1844
2023-06-12,SKU_026,Flipkart,West,39,168855.96,0.02,1,0,4418
2023-03-14,SKU_036,Retail,Central,66,258448.74,0.03,1,0,4037
2023-02-05,SKU_027,Distributor,Central,42,127132.74,0.19,0,1,3737
2023-04-18,SKU_050,Amazon,West,25,54198.0,0.28,0,1,3011
2023-03-22,SKU_002,Amazon,South,14,53043.2,0.26,0,0,5120
2023-02-27,SKU_034,Distributor,South,59,143072.63999999998,0.28,1,0,3368
2023-05-07,SKU_020,D2C,East,60,219262.8,0.27,1,0,5006
2023-04-03,SKU_048,D2C,West,69,305391.93,0.11,0,0,4973
2023-03-26,SKU_017,Retail,North,56,229880.56,0.09,1,0,4511
2023-04-03,SKU_002,Retail,West,0,0.0,0.11,1,1,4140
2023-05-18,SKU_011,Retail,East,60,251022.0,0.15,1,1,4922
2023-01-04,SKU_013,Flipkart,East,20,38141.2,0.29,1,0,2686
2023-03-28,SKU_005,Flipkart,North,12,59518.8,0.1,1,1,5511
2023-04-11,SKU_018,Flipkart,East,10,16392.5,0.17,0,1,1975
2023-04-17,SKU_044,Distributor,South,8,36846.0,0.11,1,0,5175
2023-04-26,SKU_031,Flipkart,Central,55,39732.0,0.3,1,1,1032
2023-04-27,SKU_026,Amazon,North,35,169334.55000000002,0.19,1,1,5973
2023-02-11,SKU_031,Retail,West,19,105431.0,0.0,1,0,5549
2023-05-12,SKU_015,Distributor,South,50,207977.0,0.23,0,0,5402
2023-02-04,SKU_034,Flipkart,North,27,98516.25,0.25,1,1,4865
2023-06-02,SKU_006,Amazon,Central,69,218869.38,0.13,0,0,3646
2023-01-15,SKU_035,Flipkart,Central,79,82483.11,0.19,1,1,1289
2023-05-14,SKU_018,Distributor,South,45,47779.65,0.11,0,1,1193
2023-01-22,SKU_025,Amazon,West,77,260870.61,0.27,0,0,4641
2023-03-15,SKU_007,Amazon,Central,77,190228.5,0.25,1,1,3294
2023-04-20,SKU_048,Amazon,West,51,123114.0,0.15,0,0,2840
2023-03-07,SKU_006,Flipkart,West,84,444326.39999999997,0.05,1,1,5568
2023-06-29,SKU_030,Distributor,East,37,142553.6,0.14,0,1,4480
2023-04-06,SKU_023,Retail,East,10,20641.5,0.01,0,0,2085
2023-06-14,SKU_017,Flipkart,North,18,27322.920000000002,0.19,1,0,1874
2023-01-27,SKU_026,Distributor,East,36,126018.71999999999,0.07,0,0,3764
2023-01-29,SKU_046,Flipkart,West,60,335923.2,0.04,1,1,5832
2023-01-30,SKU_026,D2C,South,26,62647.0,0.21,1,1,3050
2023-06-27,SKU_049,D2C,West,36,100964.51999999999,0.17,0,1,3379
2023-05-19,SKU_004,Amazon,Central,25,82045.5,0.17,1,1,3954
2023-04-08,SKU_045,Retail,West,36,132530.04,0.27,1,1,5043
2023-06-20,SKU_048,Flipkart,West,76,210398.4,0.28,1,0,3845
2023-05-14,SKU_035,Retail,North,57,84268.8,0.16,0,0,1760
2023-02-04,SKU_024,D2C,West,38,97377.28,0.12,0,1,2912
2023-06-27,SKU_040,Flipkart,North,74,367630.52,0.11,1,1,5582
2023-02-17,SKU_018,Distributor,South,50,223200.0,0.1,0,0,4960
2023-03-16,SKU_006,Distributor,East,52,266151.6,0.01,1,1,5170
2023-05-24,SKU_021,Amazon,South,72,266011.2,0.02,1,0,3770
2023-02-11,SKU_025,Flipkart,North,43,82968.5,0.15,1,0,2270
2023-04-21,SKU_039,Flipkart,West,68,268428.64,0.17,1,1,4756
2023-02-03,SKU_009,Flipkart,South,66,69157.44,0.26,0,1,1416
2023-02-04,SKU_047,Distributor,Central,47,142769.55000000002,0.23,1,1,3945
2023-03-22,SKU_014,Distributor,East,22,63770.08,0.24,1,1,3814
2023-02-17,SKU_020,Retail,North,50,69015.5,0.03,1,0,1423
2023-04-24,SKU_031,Retail,Central,72,86184.0,0.05,0,0,1260
2023-06-06,SKU_027,Amazon,South,66,236704.37999999998,0.17,0,1,4321
2023-05-11,SKU_016,Distributor,Central,84,318026.51999999996,0.07,0,0,4071
2023-06-17,SKU_004,Flipkart,West,40,213196.8,0.04,0,0,5552
2023-01-14,SKU_004,D2C,South,65,294840.0,0.04,1,1,4725
2023-04-22,SKU_022,Retail,Central,29,72361.38,0.09,1,0,2742
2023-06-28,SKU_021,Flipkart,East,54,120657.6,0.24,1,1,2940
2023-06-18,SKU_048,Distributor,South,72,342662.4,0.1,0,1,5288
2023-04-14,SKU_037,Flipkart,Central,68,384951.39999999997,0.05,1,0,5959
2023-01-30,SKU_008,Retail,Central,52,101239.31999999999,0.27,0,0,2667
2023-06-06,SKU_002,D2C,Central,44,45000.119999999995,0.27,1,0,1401
2023-01-16,SKU_050,Distributor,East,30,76968.0,0.2,0,0,3207
2023-04-10,SKU_049,Amazon,South,45,164997.0,0.03,0,0,3780
2023-06-18,SKU_032,Distributor,West,23,26919.2,0.24,0,1,1540
2023-01-27,SKU_012,Flipkart,West,43,69825.98,0.02,1,1,1657
2023-02-01,SKU_034,Retail,North,13,55025.1,0.1,1,0,4703
2023-02-09,SKU_025,Amazon,Central,23,48563.58,0.22,0,0,2707
2023-03-11,SKU_008,Distributor,North,67,307873.71,0.19,1,1,5673
2023-04-14,SKU_006,Amazon,North,64,180466.56,0.03,0,1,2907
2023-01-25,SKU_021,Distributor,North,44,91971.0,0.25,0,1,2787
2023-01-07,SKU_011,Retail,Central,51,164768.76,0.22,0,1,4142
2023-01-03,SKU_003,Retail,West,53,125326.98,0.13,0,0,2718
2023-02-08,SKU_026,Retail,Central,59,84473.25,0.17,1,0,1725
2023-04-20,SKU_046,Flipkart,Central,57,226824.66,0.13,1,1,4574
2023-05-10,SKU_007,Retail,Central,23,33680.74,0.27,0,0,2006
2023-05-25,SKU_012,Amazon,North,1,4086.6,0.16,1,0,4865
2023-06-11,SKU_049,Distributor,Central,29,148847.43,0.07,1,0,5519
2023-01-08,SKU_010,D2C,North,46,115641.24,0.22,1,1,3223
2023-06-11,SKU_042,Amazon,Central,69,94238.82,0.22,1,0,1751
2023-05-27,SKU_017,Retail,East,54,75900.24,0.22,1,1,1802
2023-01-13,SKU_014,Distributor,East,60,196434.0,0.3,0,0,4677
2023-06-24,SKU_011,Retail,North,32,53231.36,0.09,0,0,1828
2023-05-29,SKU_035,Retail,South,48,207849.6,0.16,0,1,5155
2023-04-04,SKU_007,Flipkart,West,51,116115.78,0.21,1,0,2882
2023-05-08,SKU_017,Distributor,West,34,148437.19999999998,0.17,1,1,5260
2023-03-21,SKU_011,Amazon,East,28,136911.6,0.1,0,0,5433
2023-01-16,SKU_037,Distributor,South,45,179952.3,0.17,1,1,4818
2023-04-27,SKU_046,Retail,North,63,251220.06,0.02,1,0,4069
2023-04-08,SKU_049,Distributor,West,31,123846.24,0.18,1,1,4872
2023-04-06,SKU_028,D2C,West,45,183082.5,0.21,0,0,5150
2023-03-01,SKU_023,Distributor,South,77,183166.06,0.17,0,1,2866
2023-01-10,SKU_034,Distributor,South,39,164492.63999999998,0.13,1,0,4848
2023-03-01,SKU_020,D2C,Central,50,218976.0,0.04,1,1,4562
2023-06-07,SKU_017,Flipkart,South,47,208635.35,0.23,0,0,5765
2023-03-11,SKU_028,Amazon,South,46,69809.59999999999,0.3,0,1,2168
2023-05-14,SKU_032,D2C,Central,83,273470.89,0.23,1,0,4279
2023-05-23,SKU_038,Amazon,South,56,185292.8,0.12,0,0,3760
2023-03-31,SKU_006,Amazon,Central,18,79578.72,0.22,1,0,5668
2023-01-25,SKU_008,Distributor,South,80,101857.59999999999,0.17,0,0,1534
2023-04-07,SKU_034,Flipkart,Central,55,116141.85,0.01,0,0,2133
2023-06-01,SKU_026,Retail,Central,42,220199.69999999998,0.03,0,0,5405
2023-02-02,SKU_042,Amazon,South,76,280750.08,0.26,1,1,4992
2023-06-09,SKU_046,Flipkart,South,34,156978.0,0.0,0,1,4617
2023-03-15,SKU_036,Distributor,South,84,158780.16,0.12,0,1,2148
2023-05-05,SKU_049,Flipkart,North,51,161613.9,0.3,0,1,4527
2023-03-29,SKU_050,Flipkart,Central,70,297446.80000000005,0.18,1,1,5182
2023-01-11,SKU_027,Flipkart,Central,111,582594.6,0.08,0,1,5705
2023-04-13,SKU_016,Flipkart,West,53,193142.6,0.24,1,1,4795
2023-03-29,SKU_027,Amazon,East,48,138862.08,0.02,1,0,2952
2023-04-13,SKU_029,Distributor,West,28,88214.56,0.21,1,0,3988
2023-04-08,SKU_011,Retail,East,47,96303.0,0.25,0,1,2732
2023-03-26,SKU_023,Retail,West,29,118090.31999999999,0.06,1,0,4332
2023-03-13,SKU_021,Retail,North,46,225377.00000000003,0.18,0,1,5975
2023-06-25,SKU_005,Flipkart,South,107,414988.8,0.04,1,0,4040
2023-01-31,SKU_044,Distributor,North,52,110634.16,0.02,0,1,2171
2023-06-28,SKU_013,Distributor,North,38,170982.90000000002,0.19,0,0,5555
2023-06-05,SKU_011,Flipkart,North,45,155925.0,0.3,1,0,4950
2023-06-26,SKU_005,Amazon,North,41,174200.8,0.06,0,0,4520
2023-05-10,SKU_012,Retail,East,70,184536.09999999998,0.29,1,1,3713
2023-03-08,SKU_023,Amazon,East,48,238868.63999999998,0.07,0,1,5351
2023-02-10,SKU_043,D2C,West,82,258596.84,0.14,1,1,3667
2023-03-28,SKU_035,Retail,South,43,221671.45,0.09,1,0,5665
2023-03-13,SKU_005,Amazon,North,44,103801.28,0.26,1,0,3188
2023-06-10,SKU_010,D2C,North,32,137602.56,0.08,1,0,4674
2023-03-20,SKU_038,Amazon,East,42,109116.0,0.25,1,1,3464
2023-03-27,SKU_024,Amazon,Central,15,57553.65,0.23,0,1,4983
2023-04-06,SKU_027,Distributor,North,7,34110.72,0.06,0,0,5184
2023-05-21,SKU_031,Retail,West,62,142029.6,0.17,0,0,2760
2023-02-12,SKU_047,Distributor,South,15,18518.399999999998,0.04,0,1,1286
2023-03-03,SKU_023,Amazon,West,58,267500.64,0.12,1,0,5241
2023-06-14,SKU_003,Retail,Central,39,151861.71,0.09,0,0,4279
2023-06-03,SKU_017,Flipkart,North,68,336620.4,0.13,1,0,5690
2023-01-09,SKU_017,Amazon,East,15,30267.6,0.12,0,1,2293
2023-05-25,SKU_005,Distributor,West,61,237987.84,0.04,1,0,4064
2023-05-28,SKU_005,Flipkart,East,56,290362.24,0.06,0,1,5516
2023-05-08,SKU_046,Retail,Central,57,133764.75,0.25,1,0,3129
2023-06-26,SKU_002,Distributor,East,72,284379.84,0.24,1,0,5197
2023-06-29,SKU_012,D2C,South,51,200866.05000000002,0.23,1,0,5115
2023-04-25,SKU_024,Amazon,North,1,1515.69,0.01,0,0,1531
2023-01-04,SKU_016,Retail,East,58,170824.5,0.01,1,0,2975
2023-03-27,SKU_020,Amazon,East,56,118828.64,0.21,0,0,2686
2023-05-03,SKU_029,Flipkart,Central,45,118665.0,0.25,0,1,3516
2023-01-08,SKU_015,Distributor,West,33,172319.4,0.1,1,1,5802
2023-03-24,SKU_014,Distributor,Central,42,127648.08,0.14,1,1,3534
2023-02-09,SKU_023,D2C,South,79,154343.88,0.19,1,0,2412
2023-06-16,SKU_001,Distributor,East,31,113907.02,0.18,0,1,4481
2023-03-11,SKU_016,Amazon,Central,15,42042.0,0.12,0,1,3185
2023-04-06,SKU_047,Flipkart,East,20,68362.0,0.3,0,0,4883
2023-05-07,SKU_027,Distributor,South,49,229391.54,0.02,1,0,4777
2023-03-25,SKU_030,Flipkart,Central,83,376031.5,0.18,0,1,5525
2023-04-29,SKU_007,Retail,East,94,362863.5,0.25,0,1,5147
2023-05-21,SKU_047,Distributor,North,63,82611.90000000001,0.1,1,0,1457
2023-01-29,SKU_023,D2C,East,30,105553.8,0.01,1,1,3554
2023-03-31,SKU_008,D2C,East,32,48890.24,0.02,0,1,1559
2023-05-31,SKU_008,Retail,East,67,266526.0,0.1,0,1,4420
2023-06-12,SKU_034,Retail,East,76,254562.0,0.13,0,1,3850
2023-05-15,SKU_014,Retail,West,37,36602.25,0.25,1,1,1319
2023-05-08,SKU_043,Retail,South,78,135736.38,0.29,1,0,2451
2023-01-22,SKU_012,Distributor,Central,45,99537.75,0.17,0,0,2665
2023-06-02,SKU_025,Amazon,South,64,224183.04,0.21,0,0,4434
2023-03-01,SKU_035,D2C,East,72,280879.19999999995,0.3,0,1,5573
2023-03-27,SKU_040,Amazon,North,20,34087.2,0.16,0,0,2029
2023-05-24,SKU_043,D2C,West,59,114414.56999999999,0.13,1,0,2229
2023-04-29,SKU_010,Distributor,West,78,89111.09999999999,0.27,0,1,1565
2023-04-09,SKU_013,Retail,Central,38,56917.920000000006,0.21,0,1,1896
2023-06-05,SKU_032,Flipkart,North,28,40205.479999999996,0.27,0,1,1967
2023-01-29,SKU_011,Amazon,East,59,55011.6,0.26,0,1,1260
2023-05-13,SKU_040,Retail,East,52,59978.88,0.11,0,1,1296
2023-06-11,SKU_030,Retail,East,43,244068.0,0.0,0,0,5676
2023-01-12,SKU_030,Flipkart,West,49,144427.5,0.25,1,1,3930
2023-01-07,SKU_006,Distributor,Central,16,19836.0,0.25,0,1,1653
2023-06-21,SKU_047,D2C,South,58,75112.31999999999,0.29,0,0,1824
2023-02-25,SKU_034,Retail,West,81,102424.5,0.25,0,0,1686
2023-02-02,SKU_049,Retail,North,35,166924.80000000002,0.08,0,0,5184
2023-02-28,SKU_008,Amazon,North,33,136996.86000000002,0.09,1,1,4562
2023-04-17,SKU_022,D2C,East,53,262636.2,0.1,1,0,5506
2023-01-31,SKU_019,Flipkart,South,106,301384.5,0.25,1,0,3791
2023-03-06,SKU_020,Retail,North,71,294880.04,0.02,1,0,4238
2023-05-18,SKU_022,D2C,East,48,96940.8,0.12,1,0,2295
2023-02-26,SKU_050,Distributor,South,50,203278.00000000003,0.18,0,1,4958
2023-01-01,SKU_022,Retail,South,73,307554.11,0.21,0,0,5333
2023-01-30,SKU_007,Flipkart,Central,31,68253.01,0.29,1,0,3101
2023-02-04,SKU_005,D2C,Central,62,181764.78,0.21,1,1,3711
2023-05-29,SKU_027,Distributor,East,27,36181.08,0.22,1,0,1718
2023-06-24,SKU_010,D2C,East,68,79504.92,0.01,1,0,1181
2023-02-17,SKU_028,D2C,South,44,142860.52,0.29,0,1,4573
2023-06-29,SKU_019,Distributor,South,54,80451.36,0.12,0,0,1693
2023-02-09,SKU_050,Distributor,Central,42,44541.0,0.25,1,0,1414
2023-01-24,SKU_030,D2C,South,63,162146.88,0.04,1,0,2681
2023-05-09,SKU_037,Retail,East,46,121157.56000000001,0.21,1,1,3334
2023-02-06,SKU_003,Flipkart,East,93,407107.5,0.15,0,1,5150
2023-05-25,SKU_029,D2C,North,78,79896.96,0.12,1,0,1164
2023-01-18,SKU_030,Retail,West,23,47523.52,0.12,0,1,2348
2023-03-02,SKU_032,D2C,East,53,180566.76,0.13,1,0,3916
2023-02-07,SKU_022,D2C,Central,64,303695.36,0.03,0,1,4892
2023-06-27,SKU_018,Distributor,South,40,126010.8,0.13,1,1,3621
2023-01-01,SKU_011,Flipkart,East,74,97031.76,0.02,0,1,1338
2023-03-27,SKU_033,Distributor,North,71,227846.09999999998,0.05,0,1,3378
2023-05-14,SKU_006,Amazon,South,48,132823.68,0.24,0,1,3641
2023-02-07,SKU_026,Retail,Central,69,256542.69,0.03,0,0,3833
2023-05-17,SKU_011,Distributor,East,1,1494.5,0.02,0,0,1525
2023-06-15,SKU_037,Amazon,West,77,291056.14999999997,0.15,0,0,4447
2023-03-05,SKU_022,Retail,North,67,181737.5,0.3,1,0,3875
2023-03-22,SKU_046,Distributor,North,28,24470.32,0.26,1,1,1181
2023-04-16,SKU_003,Retail,West,55,300907.2,0.04,0,1,5699
2023-01-02,SKU_041,Flipkart,South,9,27650.7,0.23,1,1,3990
2023-05-08,SKU_032,Retail,East,34,33017.4,0.1,0,1,1079
2023-06-16,SKU_046,D2C,West,71,125657.22,0.22,0,0,2269
2023-01-14,SKU_014,Retail,Central,49,124509.0,0.0,0,1,2541
2023-03-09,SKU_037,Distributor,South,48,106532.15999999999,0.17,1,1,2674
2023-03-03,SKU_018,Flipkart,East,50,119679.00000000001,0.18,0,1,2919
2023-04-21,SKU_039,Distributor,South,48,101574.72,0.22,1,0,2713
2023-06-27,SKU_019,D2C,West,69,122226.59999999999,0.15,1,1,2084
2023-06-01,SKU_024,Distributor,East,37,59076.420000000006,0.22,0,0,2047
2023-04-12,SKU_045,D2C,South,58,79971.56,0.29,1,1,1942
2023-06-19,SKU_044,Amazon,Central,27,112860.0,0.12,0,1,4750
2023-02-03,SKU_024,Flipkart,South,64,99696.0,0.07,0,1,1675
2023-02-08,SKU_026,D2C,East,43,140210.1,0.1,0,0,3623
2023-04-01,SKU_024,D2C,West,49,200291.41999999998,0.02,1,1,4171
2023-03-23,SKU_047,Distributor,Central,42,182759.63999999998,0.03,1,1,4486
2023-03-25,SKU_028,D2C,South,45,132822.0,0.06,1,1,3140
2023-01-15,SKU_030,Distributor,South,29,80330.58,0.01,1,0,2798
2023-06-06,SKU_022,Distributor,West,56,66721.76000000001,0.18,1,0,1453
2023-03-26,SKU_044,D2C,South,61,268600.08,0.16,0,1,5242
2023-06-28,SKU_026,Amazon,Central,23,61496.25,0.25,0,1,3565
2023-06-14,SKU_023,Flipkart,West,38,75705.12,0.28,1,0,2767
2023-03-25,SKU_008,Flipkart,West,50,68262.0,0.07,0,0,1468
2023-03-01,SKU_037,Amazon,West,38,76256.87999999999,0.16,1,0,2389
2023-05-30,SKU_036,D2C,North,45,225439.19999999998,0.02,0,1,5112
2023-06-16,SKU_044,Flipkart,West,82,106367.94,0.13,1,1,1491
2023-01-23,SKU_001,Flipkart,South,29,66159.73,0.09,0,1,2507
2023-03-29,SKU_036,Distributor,East,3,13466.88,0.04,1,1,4676
2023-02-28,SKU_027,Retail,North,38,121556.68,0.27,1,1,4382
2023-01-23,SKU_047,Flipkart,East,43,113695.44,0.08,1,1,2874
2023-01-03,SKU_037,Amazon,North,40,75514.0,0.15,1,1,2221
2023-05-16,SKU_019,Distributor,East,55,253972.95,0.23,0,1,5997
2023-02-12,SKU_027,D2C,East,29,137980.26,0.01,0,0,4806
2023-02-16,SKU_047,D2C,West,26,42566.159999999996,0.16,0,0,1949
2023-01-24,SKU_044,Retail,West,36,35769.6,0.2,0,1,1242
2023-06-28,SKU_018,Retail,North,36,109620.0,0.3,0,1,4350
2023-05-11,SKU_039,Distributor,North,92,91565.76,0.13,0,0,1144
2023-06-19,SKU_005,D2C,East,81,106788.78,0.14,1,0,1533
2023-04-30,SKU_030,Retail,West,16,37454.4,0.1,0,1,2601
2023-04-27,SKU_050,Amazon,South,11,20934.21,0.27,1,1,2607
2023-01-10,SKU_032,Distributor,North,48,226114.56,0.04,1,1,4907
2023-06-11,SKU_034,Flipkart,South,88,100362.24,0.12,1,0,1296
2023-03-31,SKU_009,Flipkart,Central,63,236192.04,0.24,1,0,4933
2023-04-28,SKU_032,Distributor,West,49,106873.41,0.13,1,0,2507
2023-05-07,SKU_037,Distributor,North,40,62016.0,0.05,0,1,1632
2023-04-14,SKU_036,Flipkart,Central,71,98045.32,0.24,1,0,1817
2023-06-03,SKU_006,D2C,East,53,95606.7,0.3,1,0,2577
2023-02-05,SKU_021,D2C,South,84,430368.96,0.02,0,1,5228
2023-03-30,SKU_016,D2C,Central,16,26240.000000000004,0.18,1,1,2000
2023-01-04,SKU_034,Retail,East,58,157852.8,0.28,0,0,3780
2023-01-16,SKU_007,Retail,East,38,85565.36,0.18,1,0,2746
2023-05-25,SKU_044,D2C,East,58,59682.0,0.16,1,0,1225
2023-03-28,SKU_007,Distributor,Central,55,72205.65,0.13,1,0,1509
2023-02-14,SKU_026,Flipkart,South,60,246915.0,0.25,0,0,5487
2023-01-09,SKU_020,D2C,North,69,201074.97,0.17,0,1,3511
2023-04-19,SKU_009,Amazon,East,77,229504.65999999997,0.29,1,0,4198
2023-05-29,SKU_038,Amazon,East,89,271085.1,0.29,0,0,4290
2023-05-06,SKU_038,Distributor,South,50,104317.0,0.27,0,1,2858
2023-02-08,SKU_004,Amazon,Central,39,137589.66,0.22,0,0,4523
2023-04-26,SKU_027,Retail,South,25,87937.5,0.3,1,0,5025
2023-04-25,SKU_043,Flipkart,North,58,262101.42,0.19,0,0,5579
2023-01-24,SKU_039,Flipkart,South,66,251586.72,0.16,1,1,4538
2023-03-07,SKU_009,D2C,North,23,92377.89,0.01,1,0,4057
2023-01-30,SKU_021,D2C,West,72,375572.88,0.11,0,1,5861
2023-02-06,SKU_034,Retail,Central,47,197039.04,0.12,0,1,4764
2023-03-03,SKU_030,Amazon,West,24,103660.8,0.2,0,0,5399
2023-05-21,SKU_013,Distributor,West,33,114350.93999999999,0.07,0,1,3726
2023-02-26,SKU_001,Flipkart,Central,31,121621.68,0.28,1,0,5449
2023-01-12,SKU_019,Amazon,Central,31,129060.75,0.25,1,0,5551
2023-02-09,SKU_011,Amazon,West,61,72248.4,0.28,1,0,1645
2023-04-16,SKU_041,Flipkart,West,67,292543.44,0.16,1,0,5198
2023-06-12,SKU_022,Distributor,East,83,465857.42,0.06,1,1,5971
2023-06-20,SKU_001,Retail,North,36,130874.4,0.27,0,1,4980
2023-06-01,SKU_008,D2C,West,56,216885.76,0.09,0,1,4256
2023-06-13,SKU_042,Retail,West,37,193590.65999999997,0.07,0,0,5626
2023-05-01,SKU_010,Distributor,North,50,48839.5,0.03,1,1,1007
2023-01-08,SKU_023,Retail,Central,20,96747.8,0.03,0,1,4987
2023-02-21,SKU_005,Distributor,Central,27,24823.260000000002,0.23,1,1,1194
2023-05-22,SKU_039,Distributor,Central,66,74556.9,0.15,1,1,1329
2023-01-01,SKU_013,Amazon,North,20,20498.0,0.26,1,0,1385
2023-06-01,SKU_021,Flipkart,East,62,347407.07999999996,0.06,0,1,5961
2023-02-24,SKU_033,D2C,East,36,176736.24000000002,0.18,1,0,5987
2023-04-21,SKU_045,Flipkart,North,11,34580.04,0.08,1,1,3417
2023-04-28,SKU_024,D2C,West,0,0.0,0.01,0,1,1982
2023-02-25,SKU_022,Distributor,East,79,111982.50000000001,0.19,1,1,1750
2023-04-02,SKU_018,Distributor,South,11,30133.62,0.11,1,1,3078
2023-05-21,SKU_044,Retail,Central,48,120092.64,0.21,0,1,3167
2023-05-27,SKU_041,Flipkart,West,57,64265.22,0.14,1,0,1311
2023-03-07,SKU_006,Distributor,West,23,27605.52,0.28,1,0,1667
2023-01-05,SKU_025,Amazon,West,38,196451.63999999998,0.01,0,0,5222
2023-02-16,SKU_036,Amazon,Central,59,60320.42,0.03,0,1,1054
2023-01-19,SKU_047,Retail,West,55,113509.0,0.15,1,0,2428
2023-05-23,SKU_030,Retail,East,40,89084.8,0.18,1,0,2716
2023-01-26,SKU_043,Amazon,South,54,57542.4,0.26,1,0,1440
2023-05-03,SKU_033,Retail,East,47,201144.96,0.04,1,0,4458
2023-03-08,SKU_049,Distributor,South,30,124136.4,0.29,0,1,5828
2023-05-02,SKU_040,Distributor,West,74,181651.5,0.25,0,1,3273
2023-02-01,SKU_014,Retail,West,54,45768.24,0.16,0,1,1009
2023-02-28,SKU_037,Retail,Central,13,15272.92,0.08,0,0,1277
2023-03-29,SKU_014,D2C,West,60,208395.0,0.25,1,1,4631
2023-03-26,SKU_003,Flipkart,North,37,141586.41999999998,0.27,0,0,5242
2023-02-01,SKU_011,Retail,West,44,146732.52,0.11,1,1,3747
2023-04-05,SKU_016,Flipkart,East,50,251482.0,0.08,0,1,5467
2023-02-20,SKU_033,Flipkart,South,34,57137.34,0.07,1,0,1807
2023-06-22,SKU_019,Flipkart,East,86,122468.29999999999,0.05,0,0,1499
2023-02-22,SKU_034,D2C,North,20,94418.0,0.15,1,0,5554
2023-03-20,SKU_025,Distributor,West,51,249708.24000000002,0.08,1,1,5322
2023-02-02,SKU_007,Flipkart,East,57,144052.68000000002,0.18,1,1,3082
2023-03-15,SKU_039,Distributor,South,50,65950.5,0.23,1,0,1713
2023-01-24,SKU_031,Retail,West,46,171653.13999999998,0.03,1,0,3847
2023-03-12,SKU_013,Flipkart,Central,42,171144.12,0.27,1,1,5582
2023-05-02,SKU_037,Retail,East,33,49040.64,0.28,0,0,2064
2023-05-05,SKU_035,Flipkart,North,33,67056.0,0.0,1,0,2032
2023-04-23,SKU_023,Flipkart,South,73,240072.91,0.23,1,0,4271
2023-01-22,SKU_038,Amazon,West,41,46081.13,0.29,0,1,1583
2023-02-17,SKU_021,Distributor,Central,92,73886.12,0.23,1,1,1043
2023-03-18,SKU_013,Flipkart,South,63,172651.5,0.13,0,1,3150
2023-04-27,SKU_014,Retail,South,0,0.0,0.18,0,1,3262
2023-01-17,SKU_004,Amazon,South,67,133908.88,0.17,0,0,2408
2023-01-07,SKU_025,Retail,Central,48,263365.44,0.06,0,0,5837
2023-04-22,SKU_023,Distributor,North,22,55154.88,0.28,1,1,3482
2023-04-13,SKU_025,Flipkart,South,76,332553.2,0.02,0,1,4465
2023-03-16,SKU_031,Retail,South,41,103770.18,0.14,1,1,2943
2023-05-10,SKU_039,Distributor,South,39,31511.219999999998,0.29,0,1,1138
2023-04-18,SKU_026,Retail,East,57,62434.95,0.05,1,0,1153
2023-02-17,SKU_023,Amazon,Central,72,289951.2,0.23,1,1,5230
2023-05-11,SKU_035,Amazon,North,52,86886.8,0.02,1,1,1705
2023-05-30,SKU_015,Flipkart,West,50,156816.0,0.19,0,1,3872
2023-04-14,SKU_042,Retail,North,36,46515.6,0.27,0,1,1770
2023-04-28,SKU_023,Amazon,East,72,211001.76,0.19,0,1,3618
2023-03-12,SKU_005,Distributor,South,52,122770.95999999999,0.03,0,1,2434
2023-05-02,SKU_014,Amazon,East,45,113919.3,0.26,0,0,3421
2023-03-02,SKU_003,Amazon,South,43,54240.2,0.15,0,0,1484
2023-01-27,SKU_043,Retail,East,70,191668.4,0.02,0,0,2794
2023-06-02,SKU_039,Amazon,East,44,173104.8,0.17,0,0,4740
2023-06-16,SKU_025,D2C,Central,70,80169.59999999999,0.04,1,1,1193
2023-04-12,SKU_014,Amazon,Central,40,201222.40000000002,0.08,0,1,5468
2023-01-23,SKU_005,D2C,North,64,207546.88,0.24,1,1,4267
2023-03-07,SKU_010,Distributor,Central,54,160807.68,0.04,1,0,3102
2023-05-27,SKU_037,Flipkart,West,30,91659.6,0.18,0,0,3726
2023-06-21,SKU_025,Retail,East,48,217761.12,0.03,1,1,4677
2023-06-17,SKU_005,Amazon,Central,6,22200.3,0.15,1,0,4353
2023-03-20,SKU_032,D2C,Central,35,157162.6,0.21,0,0,5684
2023-05-21,SKU_026,Amazon,South,18,69607.44,0.02,0,1,3946
2023-02-21,SKU_043,Retail,West,89,313358.32,0.12,0,0,4001
2023-03-22,SKU_021,Retail,South,18,24541.2,0.15,1,1,1604
2023-01-16,SKU_036,Amazon,Central,101,328172.23,0.27,1,0,4451
2023-04-05,SKU_010,Distributor,West,60,187596.0,0.19,1,0,3860
2023-02-23,SKU_020,Flipkart,South,39,171087.15,0.15,1,0,5161
2023-06-08,SKU_040,D2C,North,66,106862.57999999999,0.07,0,1,1741
2023-01-20,SKU_038,Amazon,South,37,140140.46000000002,0.18,1,0,4619
2023-04-07,SKU_048,Distributor,East,21,96119.09999999999,0.05,1,1,4818
2023-05-10,SKU_049,Retail,East,51,56664.06,0.27,1,0,1522
2023-04-18,SKU_004,D2C,West,64,236079.36,0.01,0,1,3726
2023-01-10,SKU_035,Flipkart,Central,75,230007.0,0.14,1,1,3566
2023-05-28,SKU_003,Distributor,North,59,113186.78,0.29,1,0,2702
2023-03-28,SKU_042,Flipkart,South,39,117318.23999999999,0.28,0,0,4178
2023-06-02,SKU_039,Flipkart,East,77,227715.94999999998,0.05,0,0,3113
2023-02-23,SKU_048,Distributor,Central,73,303486.55,0.27,1,0,5695
2023-04-14,SKU_018,Retail,North,55,42318.1,0.27,0,0,1054
2023-06-21,SKU_016,Amazon,North,74,168391.44,0.14,0,1,2646
2023-05-02,SKU_018,Retail,Central,93,381047.04,0.04,1,1,4268
2023-04-24,SKU_045,Flipkart,West,39,54550.079999999994,0.07,0,0,1504
2023-06-10,SKU_002,Flipkart,Central,32,91816.96,0.21,1,0,3632
2023-06-30,SKU_003,D2C,West,38,170756.80000000002,0.2,1,1,5617
2023-04-16,SKU_011,D2C,South,23,73547.09999999999,0.05,1,0,3366
2023-03-26,SKU_040,Amazon,East,61,347501.14,0.02,0,0,5813
2023-02-04,SKU_005,Amazon,North,17,57251.92,0.12,1,0,3827
2023-01-11,SKU_014,D2C,Central,75,400197.75,0.03,0,1,5501
2023-06-20,SKU_044,D2C,West,36,171886.31999999998,0.07,1,0,5134
2023-06-29,SKU_050,Retail,East,77,311347.96,0.02,0,1,4126
2023-05-28,SKU_039,Distributor,North,0,0.0,0.17,0,1,4024
2023-04-19,SKU_036,Distributor,Central,42,154950.6,0.21,1,1,4670
2023-04-28,SKU_047,Retail,South,24,73689.6,0.2,1,0,3838
2023-06-07,SKU_025,Amazon,North,77,318669.12,0.04,0,0,4311
2023-06-01,SKU_013,Distributor,West,83,119146.5,0.1,1,1,1595
2023-01-24,SKU_019,D2C,South,3,13878.720000000001,0.21,0,1,5856
2023-01-06,SKU_048,Flipkart,West,67,150303.78,0.01,1,0,2266
2023-01-17,SKU_049,D2C,Central,71,100891.0,0.0,0,0,1421
2023-03-03,SKU_016,D2C,South,56,146939.52,0.13,0,1,3016
2023-02-02,SKU_014,Flipkart,North,61,241706.40000000002,0.2,1,1,4953
2023-03-19,SKU_035,D2C,Central,60,265064.4,0.19,0,1,5454
2023-02-17,SKU_003,Distributor,West,67,178500.06000000003,0.18,0,0,3249
2023-03-05,SKU_035,Amazon,East,28,98723.24,0.23,1,1,4579
2023-03-10,SKU_004,D2C,West,74,173944.4,0.27,1,1,3220
2023-04-13,SKU_033,Retail,West,54,117539.64,0.14,0,0,2531
2023-01-23,SKU_049,Retail,Central,52,75489.95999999999,0.07,1,1,1561
2023-05-28,SKU_030,Amazon,East,61,154672.21,0.23,1,0,3293
2023-05-31,SKU_043,Amazon,West,24,20275.920000000002,0.19,0,0,1043
2023-04-14,SKU_002,Retail,North,18,90513.18,0.07,1,0,5407
2023-04-24,SKU_024,Flipkart,Central,47,260847.18,0.01,1,0,5606
2023-03-13,SKU_010,D2C,East,80,126140.0,0.15,1,1,1855
2023-04-08,SKU_017,Amazon,Central,26,76719.76,0.29,1,0,4156
2023-01-06,SKU_009,D2C,North,53,186697.8,0.05,0,1,3708
2023-01-20,SKU_050,Retail,West,35,193589.19999999998,0.02,1,1,5644
2023-04-03,SKU_001,Amazon,East,32,130351.68000000001,0.19,1,0,5029
2023-05-19,SKU_044,Amazon,West,60,256780.8,0.28,0,0,5944
2023-01-28,SKU_035,Retail,Central,65,277752.15,0.21,1,0,5409
2023-05-21,SKU_012,D2C,West,34,43625.399999999994,0.06,0,0,1365
2023-01-29,SKU_039,Amazon,Central,77,393445.36000000004,0.08,0,1,5554
2023-04-07,SKU_002,Flipkart,West,58,69921.9,0.05,1,0,1269
2023-05-03,SKU_031,Distributor,East,45,173826.0,0.1,0,1,4292
2023-01-24,SKU_018,D2C,North,56,73595.76,0.29,0,1,1851
2023-04-10,SKU_021,Amazon,West,90,285228.0,0.05,0,1,3336
2023-02-11,SKU_007,Retail,South,65,132932.80000000002,0.23,1,1,2656
2023-06-16,SKU_003,Retail,East,36,160639.2,0.1,1,0,4958
2023-04-19,SKU_008,Flipkart,West,49,212833.46000000002,0.18,1,1,5297
2023-05-04,SKU_024,Retail,West,52,143953.68,0.13,0,1,3182
2023-05-22,SKU_040,Distributor,Central,63,112996.79999999999,0.05,0,0,1888
2023-01-04,SKU_038,Amazon,Central,54,161390.88,0.28,0,0,4151
2023-05-14,SKU_042,Flipkart,North,87,291136.8,0.06,0,0,3560
2023-03-26,SKU_026,Flipkart,North,45,200542.5,0.25,1,0,5942
2023-04-04,SKU_035,Distributor,Central,15,30861.600000000002,0.23,0,1,2672
2023-02-06,SKU_001,Flipkart,North,54,188179.2,0.01,0,1,3520
2023-06-03,SKU_005,Amazon,North,41,127041.78,0.14,0,0,3603
2023-06-24,SKU_043,Amazon,North,19,85863.84999999999,0.05,1,0,4757
2023-04-16,SKU_034,Distributor,East,35,115344.6,0.13,1,1,3788
2023-04-18,SKU_030,Retail,South,42,146867.69999999998,0.03,1,1,3605
2023-03-18,SKU_050,Amazon,South,72,384340.32,0.02,0,0,5447
2023-02-20,SKU_041,Amazon,North,20,27304.2,0.23,1,1,1773
2023-04-15,SKU_019,D2C,Central,56,185362.24,0.17,0,0,3988
2023-03-09,SKU_023,Distributor,Central,94,470191.76,0.08,1,1,5437
2023-04-16,SKU_010,Distributor,South,46,66826.5,0.25,1,0,1937
2023-05-24,SKU_028,Retail,East,45,70335.0,0.25,1,1,2084
2023-02-15,SKU_009,Amazon,East,64,213185.28,0.23,0,0,4326
2023-05-08,SKU_012,D2C,West,60,180416.40000000002,0.18,0,1,3667
2023-05-01,SKU_039,Amazon,West,78,204516.0,0.05,0,0,2760
2023-02-03,SKU_038,Amazon,North,46,109040.24,0.24,1,1,3119
2023-05-27,SKU_034,Flipkart,Central,64,259680.0,0.25,1,0,5410
2023-01-04,SKU_013,D2C,East,64,104279.04,0.07,0,1,1752
2023-03-29,SKU_015,Distributor,South,43,165586.98,0.22,0,0,4937
